run,bioproject,biosample,isoniazid,rifampicin,ethambutol,pyrazinamide,amikacin,capreomycin,kanamycin,moxifloxacin,levofloxacin
ERR7910843,PRJEB48275,SAMEA10029749,R,R,S,S,S,S,S,S,S
ERR7910844,PRJEB48275,SAMEA10029750,R,R,S,S,S,S,S,S,S
ERR7910845,PRJEB48275,SAMEA10029750,R,R,S,S,S,S,S,S,S
ERR7910846,PRJEB48275,SAMEA10029751,R,R,S,R,S,S,S,S,S
ERR7910982,PRJEB48275,SAMEA10029752,R,R,S,S,S,S,S,S,S
ERR7910847,PRJEB48275,SAMEA10029753,R,S,S,S,S,S,S,S,S
ERR7910848,PRJEB48275,SAMEA10029753,R,S,S,S,S,S,S,S,S
ERR7910983,PRJEB48275,SAMEA10029754,R,R,S,R,S,S,S,S,S
ERR7910849,PRJEB48275,SAMEA10029755,R,R,R,R,S,S,S,S,S
ERR7910850,PRJEB48275,SAMEA10029756,R,R,R,R,S,S,S,S,S
ERR7910851,PRJEB48275,SAMEA10029757,R,R,S,R,S,S,S,S,S
ERR7910852,PRJEB48275,SAMEA10029757,R,R,S,R,S,S,S,S,S
ERR7910853,PRJEB48275,SAMEA10029758,R,S,S,S,S,S,S,S,S
ERR7910984,PRJEB48275,SAMEA10029759,R,R,S,S,S,S,S,S,S
ERR7910985,PRJEB48275,SAMEA10029760,R,R,S,R,S,S,S,S,S
ERR7910854,PRJEB48275,SAMEA10029761,S,S,S,S,S,S,S,S,S
ERR7910986,PRJEB48275,SAMEA10029762,R,R,S,S,S,S,S,S,S
ERR7910987,PRJEB48275,SAMEA10029762,R,R,S,S,S,S,S,S,S
ERR7910855,PRJEB48275,SAMEA10029763,R,S,S,S,S,S,S,S,S
ERR7910988,PRJEB48275,SAMEA10029764,S,S,S,S,S,S,S,S,S
ERR7910856,PRJEB48275,SAMEA10029765,R,S,S,S,S,S,S,S,S
ERR7910857,PRJEB48275,SAMEA10029766,R,R,S,S,S,S,S,S,S
ERR7910858,PRJEB48275,SAMEA10029767,R,R,S,R,R,S,R,S,S
ERR7910989,PRJEB48275,SAMEA10029768,S,R,S,S,S,S,S,S,S
ERR7910859,PRJEB48275,SAMEA10029769,R,R,S,R,S,S,S,S,S
ERR7910860,PRJEB48275,SAMEA10029769,R,R,S,R,S,S,S,S,S
ERR7910861,PRJEB48275,SAMEA10029770,R,R,S,R,S,S,S,S,S
ERR7910862,PRJEB48275,SAMEA10029771,R,R,S,R,R,R,S,S,S
ERR7910863,PRJEB48275,SAMEA10029772,R,R,S,R,S,S,S,S,S
ERR7910990,PRJEB48275,SAMEA10029773,R,R,R,R,S,S,R,S,S
ERR7910991,PRJEB48275,SAMEA10029774,R,R,S,S,S,S,S,S,S
ERR7910864,PRJEB48275,SAMEA10029775,R,R,S,S,S,S,S,S,S
ERR7910865,PRJEB48275,SAMEA10029776,R,R,S,R,S,S,S,S,S
ERR7910992,PRJEB48275,SAMEA10029777,S,S,S,S,S,S,S,S,S
ERR7910866,PRJEB48275,SAMEA10029778,R,R,S,R,S,S,S,S,S
ERR7910993,PRJEB48275,SAMEA10029779,R,R,S,R,S,S,S,S,S
ERR7910994,PRJEB48275,SAMEA10029780,R,R,R,R,S,S,R,S,S
ERR7910867,PRJEB48275,SAMEA10029781,R,R,R,R,S,S,S,S,S
ERR7910868,PRJEB48275,SAMEA10029782,R,R,S,S,S,S,S,S,S
ERR7910995,PRJEB48275,SAMEA10029783,R,R,R,R,R,R,R,R,S
ERR7910869,PRJEB48275,SAMEA10029784,R,R,S,R,S,S,S,R,S
ERR7910870,PRJEB48275,SAMEA10029785,R,R,R,S,S,S,S,R,R
ERR7910871,PRJEB48275,SAMEA10029786,R,R,S,R,S,S,S,S,S
ERR7910872,PRJEB48275,SAMEA10029787,R,R,R,R,S,S,S,S,S
ERR7910873,PRJEB48275,SAMEA10029788,R,R,S,R,S,S,S,S,S
ERR7910874,PRJEB48275,SAMEA10029789,R,R,S,S,S,S,S,S,S
ERR7910996,PRJEB48275,SAMEA10029790,R,R,S,R,S,S,R,S,S
ERR7910997,PRJEB48275,SAMEA10029791,R,R,R,R,S,S,S,S,S
ERR7910875,PRJEB48275,SAMEA10029792,R,R,S,R,S,S,S,S,S
ERR7910876,PRJEB48275,SAMEA10029792,R,R,S,R,S,S,S,S,S
ERR7910877,PRJEB48275,SAMEA10029792,R,R,S,R,S,S,S,S,S
ERR7910878,PRJEB48275,SAMEA10029793,R,R,S,R,S,S,S,S,S
ERR7910998,PRJEB48275,SAMEA10029794,S,S,S,S,S,S,S,S,S
ERR7910879,PRJEB48275,SAMEA10029795,R,R,R,S,R,R,R,S,S
ERR7910999,PRJEB48275,SAMEA10029796,S,R,S,S,S,S,S,S,S
ERR7910880,PRJEB48275,SAMEA10029797,R,R,,R,S,S,S,S,S
ERR7910881,PRJEB48275,SAMEA10029798,R,R,R,R,S,S,S,S,S
ERR7910882,PRJEB48275,SAMEA10029799,R,R,S,R,S,S,S,S,S
ERR7910883,PRJEB48275,SAMEA10029800,R,R,S,R,S,S,S,S,S
ERR7910884,PRJEB48275,SAMEA10029801,R,R,S,R,S,S,S,S,S
ERR7910885,PRJEB48275,SAMEA10029802,R,R,S,S,S,S,S,S,S
ERR7911000,PRJEB48275,SAMEA10029803,R,R,R,R,R,R,R,S,S
ERR7910886,PRJEB48275,SAMEA10029804,R,S,S,S,S,S,S,S,S
ERR7910887,PRJEB48275,SAMEA10029805,R,R,S,S,S,S,S,S,S
ERR7910888,PRJEB48275,SAMEA10029806,R,R,S,S,S,S,S,S,S
ERR7911001,PRJEB48275,SAMEA10029807,S,S,S,S,S,S,S,S,S
ERR7910889,PRJEB48275,SAMEA10029808,R,R,R,R,S,S,S,S,S
ERR7910890,PRJEB48275,SAMEA10029808,R,R,R,R,S,S,S,S,S
ERR7910891,PRJEB48275,SAMEA10029809,S,S,S,S,S,S,S,S,S
ERR7911002,PRJEB48275,SAMEA10029810,R,R,S,S,S,S,S,S,S
ERR7911003,PRJEB48275,SAMEA10029811,R,R,S,R,S,S,S,S,S
ERR7911004,PRJEB48275,SAMEA10029812,S,R,S,S,S,S,S,S,S
ERR7911339,PRJEB48275,SAMEA10029813,R,R,,S,S,S,S,S,S
ERR7911005,PRJEB48275,SAMEA10029814,R,S,R,S,S,S,S,S,S
ERR7910892,PRJEB48275,SAMEA10029815,R,R,S,R,S,S,S,S,S
ERR7911006,PRJEB48275,SAMEA10029816,S,S,S,S,S,S,S,S,S
ERR7911007,PRJEB48275,SAMEA10029817,S,S,S,S,S,S,S,S,S
ERR7911008,PRJEB48275,SAMEA10029818,R,S,S,S,S,S,S,S,S
ERR7910893,PRJEB48275,SAMEA10029819,R,R,,S,S,S,S,S,S
ERR7911009,PRJEB48275,SAMEA10029820,R,R,S,,S,S,S,S,S
ERR7911010,PRJEB48275,SAMEA10029821,R,R,S,S,S,R,S,S,S
ERR7911340,PRJEB48275,SAMEA10029822,R,R,,R,S,S,S,R,R
ERR7911011,PRJEB48275,SAMEA10029823,R,R,R,S,S,S,S,S,S
ERR7911012,PRJEB48275,SAMEA10029824,R,R,S,S,S,S,S,S,S
ERR7911013,PRJEB48275,SAMEA10029825,S,R,S,S,S,S,S,S,S
ERR7911014,PRJEB48275,SAMEA10029826,R,R,S,R,S,S,S,S,S
ERR7911015,PRJEB48275,SAMEA10029827,R,R,R,R,S,S,R,S,S
ERR7911341,PRJEB48275,SAMEA10029828,R,R,,R,S,S,S,S,S
ERR7911342,PRJEB48275,SAMEA10029829,R,R,,R,S,S,S,S,S
ERR7911343,PRJEB48275,SAMEA10029830,R,R,,R,S,S,S,S,S
ERR7911344,PRJEB48275,SAMEA10029831,R,R,,S,S,S,S,S,S
ERR7911345,PRJEB48275,SAMEA10029832,R,R,,R,S,S,S,S,S
ERR7911346,PRJEB48275,SAMEA10029833,R,S,,S,S,S,S,S,S
ERR7911347,PRJEB48275,SAMEA10029834,R,R,,S,S,S,S,S,S
ERR7911348,PRJEB48275,SAMEA10029834,R,R,,S,S,S,S,S,S
ERR7911349,PRJEB48275,SAMEA10029835,R,R,,,S,R,S,R,R
ERR7911350,PRJEB48275,SAMEA10029835,R,R,,,S,R,S,R,R
ERR7911351,PRJEB48275,SAMEA10029836,R,R,,R,R,R,R,S,S
ERR7911352,PRJEB48275,SAMEA10029836,R,R,,R,R,R,R,S,S
ERR7911353,PRJEB48275,SAMEA10029836,R,R,,R,R,R,R,S,S
ERR7911354,PRJEB48275,SAMEA10029837,R,R,,R,S,S,S,S,S
ERR7911355,PRJEB48275,SAMEA10029837,R,R,,R,S,S,S,S,S
ERR7911356,PRJEB48275,SAMEA10029838,R,R,,R,S,S,S,S,S
ERR7911357,PRJEB48275,SAMEA10029838,R,R,,R,S,S,S,S,S
ERR7911358,PRJEB48275,SAMEA10029839,R,S,,,S,S,S,S,S
ERR7911359,PRJEB48275,SAMEA10029839,R,S,,,S,S,S,S,S
ERR7911360,PRJEB48275,SAMEA10029839,R,S,,,S,S,S,S,S
ERR7911361,PRJEB48275,SAMEA10029840,R,R,,R,S,S,S,S,S
ERR7911362,PRJEB48275,SAMEA10029840,R,R,,R,S,S,S,S,S
ERR7911363,PRJEB48275,SAMEA10029841,R,S,,R,R,R,R,S,S
ERR7911364,PRJEB48275,SAMEA10029841,R,S,,R,R,R,R,S,S
ERR7911365,PRJEB48275,SAMEA10029841,R,S,,R,R,R,R,S,S
ERR7911366,PRJEB48275,SAMEA10029842,R,R,,S,R,R,R,S,S
ERR7911367,PRJEB48275,SAMEA10029843,R,R,,S,S,S,S,S,S
ERR7911368,PRJEB48275,SAMEA10029844,R,R,,R,S,S,S,R,R
ERR7911369,PRJEB48275,SAMEA10029845,R,R,,R,S,S,S,S,S
ERR7911370,PRJEB48275,SAMEA10029845,R,R,,R,S,S,S,S,S
ERR7911371,PRJEB48275,SAMEA10029846,R,R,,R,S,S,S,S,S
ERR7911372,PRJEB48275,SAMEA10029847,R,R,,R,S,S,S,S,S
ERR7911373,PRJEB48275,SAMEA10029848,R,S,,S,R,R,R,R,S
ERR7911374,PRJEB48275,SAMEA10029849,R,S,,R,S,S,S,S,S
ERR7911375,PRJEB48275,SAMEA10029850,R,R,,S,S,S,S,S,S
ERR7912726,PRJEB48275,SAMEA10029851,R,R,,R,S,S,S,S,S
ERR7912727,PRJEB48275,SAMEA10029852,R,R,,,S,S,S,S,S
ERR7911376,PRJEB48275,SAMEA10029853,R,R,,R,R,R,R,S,S
ERR7911101,PRJEB48275,SAMEA10029854,R,R,R,S,S,S,S,S,S
ERR7911102,PRJEB48275,SAMEA10029855,R,R,R,R,S,S,S,S,S
ERR7911103,PRJEB48275,SAMEA10029856,R,R,R,R,S,S,S,S,S
ERR7911104,PRJEB48275,SAMEA10029857,R,R,R,R,S,S,S,S,S
ERR7911105,PRJEB48275,SAMEA10029858,R,R,R,S,S,S,S,S,S
ERR7911106,PRJEB48275,SAMEA10029859,R,R,R,R,S,S,S,S,S
ERR7911107,PRJEB48275,SAMEA10029860,R,R,R,R,S,S,S,S,S
ERR7911108,PRJEB48275,SAMEA10029861,R,R,R,R,S,S,S,S,S
ERR7911109,PRJEB48275,SAMEA10029862,R,R,R,S,S,S,S,S,S
ERR7911110,PRJEB48275,SAMEA10029863,R,R,R,R,S,S,S,S,S
ERR7911111,PRJEB48275,SAMEA10029864,R,R,R,R,S,S,S,S,S
ERR7911112,PRJEB48275,SAMEA10029865,R,R,R,S,S,S,S,S,S
ERR7911113,PRJEB48275,SAMEA10029866,R,S,S,R,S,S,S,S,S
ERR7911114,PRJEB48275,SAMEA10029867,R,R,S,R,S,S,S,R,R
ERR7911115,PRJEB48275,SAMEA10029868,R,R,S,R,S,S,S,R,R
ERR7911116,PRJEB48275,SAMEA10029869,R,R,R,S,S,S,S,S,S
ERR7911117,PRJEB48275,SAMEA10029870,R,R,R,R,S,S,S,S,S
ERR7911118,PRJEB48275,SAMEA10029871,R,R,S,S,S,S,S,S,S
ERR7911119,PRJEB48275,SAMEA10029872,R,R,R,R,S,S,S,S,S
ERR7911120,PRJEB48275,SAMEA10029873,R,R,S,R,S,S,S,S,S
ERR7911121,PRJEB48275,SAMEA10029874,R,R,S,R,S,S,S,S,S
ERR7911122,PRJEB48275,SAMEA10029875,R,R,S,R,S,S,S,S,S
ERR7911123,PRJEB48275,SAMEA10029876,R,S,S,R,S,S,S,S,S
ERR7911124,PRJEB48275,SAMEA10029877,R,R,R,R,S,S,S,S,S
ERR7911125,PRJEB48275,SAMEA10029878,R,R,S,S,S,S,S,S,S
ERR7911126,PRJEB48275,SAMEA10029879,R,R,R,R,S,S,S,S,S
ERR7911127,PRJEB48275,SAMEA10029880,R,R,S,S,S,S,S,S,S
ERR7911128,PRJEB48275,SAMEA10029881,R,S,S,S,S,S,S,S,S
ERR7911129,PRJEB48275,SAMEA10029882,R,S,S,S,S,S,S,S,S
ERR7911130,PRJEB48275,SAMEA10029883,R,R,R,S,S,S,S,S,S
ERR7911131,PRJEB48275,SAMEA10029884,R,R,R,R,R,S,R,S,S
ERR7911132,PRJEB48275,SAMEA10029885,S,R,S,S,S,S,S,S,S
ERR7911133,PRJEB48275,SAMEA10029886,R,R,R,R,S,S,S,S,S
ERR7911134,PRJEB48275,SAMEA10029887,R,R,S,S,S,S,S,S,S
ERR7911135,PRJEB48275,SAMEA10029888,R,R,R,S,S,S,S,S,S
ERR7911136,PRJEB48275,SAMEA10029889,R,R,S,S,S,S,S,S,S
ERR7911137,PRJEB48275,SAMEA10029890,R,S,S,S,S,S,S,S,S
ERR7911138,PRJEB48275,SAMEA10029891,R,R,R,R,S,S,S,S,S
ERR7911139,PRJEB48275,SAMEA10029892,R,R,S,S,S,S,S,S,S
ERR7911140,PRJEB48275,SAMEA10029893,R,R,S,S,S,S,S,S,S
ERR7911141,PRJEB48275,SAMEA10029894,R,R,R,R,S,S,S,S,S
ERR7911142,PRJEB48275,SAMEA10029895,R,R,S,S,S,S,S,S,S
ERR7911143,PRJEB48275,SAMEA10029896,R,R,S,S,S,S,S,S,S
ERR7911144,PRJEB48275,SAMEA10029897,R,R,S,R,S,S,S,S,S
ERR7911145,PRJEB48275,SAMEA10029898,R,R,S,S,S,S,S,S,S
ERR7911146,PRJEB48275,SAMEA10029899,R,R,S,R,S,S,S,S,S
ERR7911147,PRJEB48275,SAMEA10029900,R,R,R,R,S,S,S,S,S
ERR7911323,PRJEB48275,SAMEA10029901,R,R,S,R,S,S,S,S,S
ERR7911148,PRJEB48275,SAMEA10029902,R,R,R,R,S,S,S,R,R
ERR7911149,PRJEB48275,SAMEA10029903,S,R,S,S,S,S,S,S,S
ERR7911150,PRJEB48275,SAMEA10029904,R,R,R,R,S,S,S,S,S
ERR7911151,PRJEB48275,SAMEA10029905,R,R,S,R,S,S,S,R,S
ERR7911152,PRJEB48275,SAMEA10029906,R,R,S,S,S,S,S,S,S
ERR7911153,PRJEB48275,SAMEA10029907,R,R,R,R,S,S,S,S,S
ERR7911154,PRJEB48275,SAMEA10029908,R,R,R,R,S,S,S,R,R
ERR7911155,PRJEB48275,SAMEA10029909,R,R,R,S,S,S,S,S,S
ERR7911156,PRJEB48275,SAMEA10029910,R,R,S,R,S,S,S,S,S
ERR7911157,PRJEB48275,SAMEA10029911,R,R,S,S,S,S,S,S,S
ERR7911158,PRJEB48275,SAMEA10029912,R,R,R,S,S,S,S,S,S
ERR7911159,PRJEB48275,SAMEA10029913,R,R,R,S,S,S,S,S,S
ERR7911160,PRJEB48275,SAMEA10029914,R,R,S,S,S,S,R,S,S
ERR7911161,PRJEB48275,SAMEA10029915,R,R,R,R,S,S,S,S,S
ERR7911162,PRJEB48275,SAMEA10029916,R,S,S,R,S,S,S,S,S
ERR7911163,PRJEB48275,SAMEA10029917,R,R,R,R,S,S,S,S,S
ERR7911164,PRJEB48275,SAMEA10029918,R,R,S,R,S,S,S,S,S
ERR7911165,PRJEB48275,SAMEA10029919,R,R,R,R,S,S,S,S,S
ERR7911166,PRJEB48275,SAMEA10029920,R,R,R,R,S,S,S,S,S
ERR7911167,PRJEB48275,SAMEA10029921,R,R,S,S,S,S,S,S,S
ERR7911168,PRJEB48275,SAMEA10029922,R,S,S,R,S,S,S,S,S
ERR7911169,PRJEB48275,SAMEA10029923,R,R,S,S,S,S,S,S,S
ERR7911170,PRJEB48275,SAMEA10029924,R,R,S,S,S,S,S,S,S
ERR7911324,PRJEB48275,SAMEA10029925,R,R,R,S,S,S,S,S,S
ERR7911171,PRJEB48275,SAMEA10029926,R,R,R,S,S,S,S,S,S
ERR7911172,PRJEB48275,SAMEA10029927,R,R,R,S,S,S,S,S,S
ERR7911173,PRJEB48275,SAMEA10029928,S,R,S,S,S,S,S,S,S
ERR7911174,PRJEB48275,SAMEA10029929,R,R,R,R,S,S,S,R,S
ERR7911175,PRJEB48275,SAMEA10029930,R,R,S,R,S,S,S,S,S
ERR7911325,PRJEB48275,SAMEA10029931,R,R,S,R,S,S,S,S,S
ERR7911326,PRJEB48275,SAMEA10029932,R,R,S,R,R,S,R,S,S
ERR7911176,PRJEB48275,SAMEA10029933,R,R,S,R,S,S,S,S,S
ERR7911177,PRJEB48275,SAMEA10029934,R,S,S,S,S,S,S,S,S
ERR7911178,PRJEB48275,SAMEA10029935,R,R,R,R,S,S,S,S,S
ERR7911179,PRJEB48275,SAMEA10029936,R,R,R,R,S,S,S,S,S
ERR7911327,PRJEB48275,SAMEA10029937,R,R,R,R,S,S,S,S,S
ERR7911180,PRJEB48275,SAMEA10029938,R,R,S,S,S,S,S,S,S
ERR7911181,PRJEB48275,SAMEA10029939,R,R,R,S,S,S,S,S,S
ERR7911182,PRJEB48275,SAMEA10029940,R,R,R,S,S,S,S,S,S
ERR7911183,PRJEB48275,SAMEA10029941,R,R,S,R,S,S,S,S,S
ERR7911184,PRJEB48275,SAMEA10029942,R,R,R,R,S,S,S,S,S
ERR7911185,PRJEB48275,SAMEA10029943,R,S,S,S,S,S,S,S,S
ERR7911186,PRJEB48275,SAMEA10029944,S,S,S,S,S,S,S,S,S
ERR7911187,PRJEB48275,SAMEA10029945,R,R,S,S,S,S,S,S,S
ERR7911328,PRJEB48275,SAMEA10029946,R,R,S,S,S,S,S,S,S
ERR7911188,PRJEB48275,SAMEA10029947,R,R,R,R,S,S,S,S,S
ERR7911329,PRJEB48275,SAMEA10029948,R,R,R,R,S,S,S,S,S
ERR7911330,PRJEB48275,SAMEA10029949,R,R,S,S,S,S,S,R,R
ERR7911331,PRJEB48275,SAMEA10029950,R,R,R,R,S,S,S,S,S
ERR7911332,PRJEB48275,SAMEA10029951,R,R,R,S,S,S,S,S,S
ERR7911333,PRJEB48275,SAMEA10029952,R,R,S,S,S,S,S,S,S
ERR7911334,PRJEB48275,SAMEA10029953,R,R,S,S,S,S,S,S,S
ERR7911274,PRJEB48275,SAMEA10029954,R,R,,S,S,S,S,S,S
ERR7911275,PRJEB48275,SAMEA10029955,R,R,R,R,S,S,S,S,S
ERR7911276,PRJEB48275,SAMEA10029956,R,R,R,R,S,S,S,S,S
ERR7911277,PRJEB48275,SAMEA10029957,R,R,R,R,S,S,S,S,S
ERR7911278,PRJEB48275,SAMEA10029958,R,R,R,R,S,S,S,S,S
ERR7911279,PRJEB48275,SAMEA10029959,R,R,R,S,S,S,S,S,S
ERR7911280,PRJEB48275,SAMEA10029960,R,R,R,R,S,S,S,S,S
ERR7911281,PRJEB48275,SAMEA10029961,R,R,S,S,S,S,S,S,S
ERR7911282,PRJEB48275,SAMEA10029962,R,R,R,R,S,S,S,S,S
ERR7911283,PRJEB48275,SAMEA10029963,R,R,R,S,S,S,S,S,S
ERR7911284,PRJEB48275,SAMEA10029964,R,R,S,R,S,S,S,S,S
ERR7911285,PRJEB48275,SAMEA10029965,R,R,R,S,S,S,S,S,S
ERR7911286,PRJEB48275,SAMEA10029966,R,R,S,R,S,S,S,S,S
ERR7911287,PRJEB48275,SAMEA10029967,R,R,R,R,S,S,S,S,S
ERR7911288,PRJEB48275,SAMEA10029968,R,R,R,R,R,R,R,S,S
ERR7911289,PRJEB48275,SAMEA10029969,R,R,S,R,S,S,S,S,S
ERR7911290,PRJEB48275,SAMEA10029970,R,R,R,S,S,S,S,S,S
ERR7911291,PRJEB48275,SAMEA10029971,R,R,S,S,S,S,S,S,S
ERR7911292,PRJEB48275,SAMEA10029972,R,R,S,S,S,S,S,S,S
ERR7911293,PRJEB48275,SAMEA10029973,R,R,S,S,S,S,S,S,S
ERR7911294,PRJEB48275,SAMEA10029974,R,R,R,S,S,S,S,S,S
ERR7911295,PRJEB48275,SAMEA10029975,R,R,S,R,S,S,S,R,R
ERR7911296,PRJEB48275,SAMEA10029976,R,R,S,R,S,S,S,S,S
ERR7911297,PRJEB48275,SAMEA10029977,R,R,S,S,S,S,S,S,S
ERR7911298,PRJEB48275,SAMEA10029978,R,R,R,R,S,S,S,R,R
ERR7911299,PRJEB48275,SAMEA10029979,R,R,R,R,S,S,S,S,S
ERR7911300,PRJEB48275,SAMEA10029980,R,R,S,R,S,S,S,S,S
ERR7911301,PRJEB48275,SAMEA10029981,R,R,R,R,S,S,S,S,S
ERR7911302,PRJEB48275,SAMEA10029982,R,R,R,R,S,S,S,S,S
ERR7911303,PRJEB48275,SAMEA10029983,R,R,S,R,R,R,R,R,R
ERR7911304,PRJEB48275,SAMEA10029984,R,R,S,R,S,S,S,S,S
ERR7911305,PRJEB48275,SAMEA10029985,R,R,R,R,S,S,S,S,S
ERR7911306,PRJEB48275,SAMEA10029986,R,R,R,R,S,S,S,S,S
ERR7911307,PRJEB48275,SAMEA10029987,R,R,S,S,R,R,R,S,S
ERR7911308,PRJEB48275,SAMEA10029988,R,R,,R,S,S,S,S,R
ERR7911309,PRJEB48275,SAMEA10029989,R,R,S,R,S,S,S,S,S
ERR7911310,PRJEB48275,SAMEA10029990,R,R,S,R,S,S,S,S,S
ERR7911311,PRJEB48275,SAMEA10029991,R,R,S,S,S,S,S,S,S
ERR7911312,PRJEB48275,SAMEA10029992,R,R,S,R,S,S,S,S,S
ERR7911313,PRJEB48275,SAMEA10029993,R,R,R,S,S,S,S,S,S
ERR7911314,PRJEB48275,SAMEA10029994,R,R,S,S,S,S,S,R,R
ERR7911315,PRJEB48275,SAMEA10029995,R,R,R,R,S,S,S,S,S
ERR7911316,PRJEB48275,SAMEA10029996,R,R,R,S,S,S,S,S,S
ERR7911317,PRJEB48275,SAMEA10029997,R,R,R,R,R,R,R,R,R
ERR7911318,PRJEB48275,SAMEA10029998,R,R,R,R,S,S,S,S,S
ERR7911319,PRJEB48275,SAMEA10029999,S,R,S,S,S,S,S,S,S
ERR7911320,PRJEB48275,SAMEA10030000,R,R,R,R,S,S,S,S,S
ERR7911321,PRJEB48275,SAMEA10030001,R,R,S,R,S,S,S,S,S
ERR7911322,PRJEB48275,SAMEA10030002,R,R,R,R,S,S,S,S,S
ERR7911471,PRJEB48275,SAMEA10030003,R,S,,R,S,S,S,S,S
ERR7911472,PRJEB48275,SAMEA10030004,R,R,,S,S,S,S,S,S
ERR7911474,PRJEB48275,SAMEA10030005,R,S,,R,S,S,S,S,S
ERR7911475,PRJEB48275,SAMEA10030006,S,S,,S,S,S,S,S,S
ERR7911476,PRJEB48275,SAMEA10030007,R,R,,R,S,S,S,S,S
ERR7911477,PRJEB48275,SAMEA10030008,R,R,,R,S,S,S,S,S
ERR7911478,PRJEB48275,SAMEA10030009,R,R,,R,S,S,S,S,S
ERR7911479,PRJEB48275,SAMEA10030010,R,R,,,S,S,S,S,S
ERR7911480,PRJEB48275,SAMEA10030011,R,R,,R,S,S,S,S,S
ERR7911481,PRJEB48275,SAMEA10030012,R,R,,R,S,S,S,S,S
ERR7911482,PRJEB48275,SAMEA10030013,R,R,,R,S,S,S,S,S
ERR7911483,PRJEB48275,SAMEA10030014,R,S,,R,S,S,S,S,S
ERR7911484,PRJEB48275,SAMEA10030015,R,R,,R,S,S,S,S,S
ERR7911485,PRJEB48275,SAMEA10030016,R,S,,S,S,S,S,S,S
ERR7911486,PRJEB48275,SAMEA10030017,R,R,,R,S,S,S,R,R
ERR7911487,PRJEB48275,SAMEA10030018,R,R,,R,S,S,S,S,S
ERR7911488,PRJEB48275,SAMEA10030019,R,R,,R,S,S,S,S,S
ERR7911489,PRJEB48275,SAMEA10030020,R,R,,R,S,S,S,S,S
ERR7911490,PRJEB48275,SAMEA10030021,R,R,,R,S,S,S,S,S
ERR7911491,PRJEB48275,SAMEA10030022,R,S,,S,S,S,S,R,R
ERR7911492,PRJEB48275,SAMEA10030023,R,R,,S,S,S,S,S,S
ERR7911493,PRJEB48275,SAMEA10030024,R,R,,S,S,S,S,R,R
ERR7911495,PRJEB48275,SAMEA10030025,R,R,,S,S,S,S,S,S
ERR7911496,PRJEB48275,SAMEA10030026,R,R,,S,S,S,S,S,S
ERR7911497,PRJEB48275,SAMEA10030027,R,R,,R,S,S,S,S,S
ERR7911498,PRJEB48275,SAMEA10030028,R,S,,S,S,S,S,S,S
ERR7911499,PRJEB48275,SAMEA10030029,R,R,,R,S,S,S,S,S
ERR7911500,PRJEB48275,SAMEA10030030,R,S,,S,S,S,R,S,S
ERR7911501,PRJEB48275,SAMEA10030031,R,R,,R,S,S,S,S,R
ERR7911502,PRJEB48275,SAMEA10030032,R,R,,S,S,S,S,S,S
ERR7911503,PRJEB48275,SAMEA10030033,R,R,,,S,S,S,S,S
ERR7911504,PRJEB48275,SAMEA10030034,R,R,,S,S,S,S,S,S
ERR7911505,PRJEB48275,SAMEA10030035,R,S,,,S,S,S,S,S
ERR7911506,PRJEB48275,SAMEA10030036,R,R,,R,S,S,S,S,S
ERR7911507,PRJEB48275,SAMEA10030037,R,S,,R,S,S,S,S,S
ERR7911508,PRJEB48275,SAMEA10030038,S,R,,S,S,S,S,S,S
ERR7911509,PRJEB48275,SAMEA10030039,R,R,,R,S,S,S,S,S
ERR7911510,PRJEB48275,SAMEA10030040,R,R,,S,S,S,S,S,S
ERR7911511,PRJEB48275,SAMEA10030041,R,R,,S,S,S,S,S,S
ERR7911512,PRJEB48275,SAMEA10030042,R,S,,R,S,S,S,R,R
ERR7911513,PRJEB48275,SAMEA10030043,R,R,,R,S,S,S,S,
ERR7911514,PRJEB48275,SAMEA10030044,R,R,,R,S,S,S,S,S
ERR7911515,PRJEB48275,SAMEA10030045,R,R,,,S,S,S,S,S
ERR7911516,PRJEB48275,SAMEA10030046,R,R,,R,S,S,S,S,S
ERR7911517,PRJEB48275,SAMEA10030047,R,R,,S,S,S,S,S,S
ERR7911518,PRJEB48275,SAMEA10030048,R,S,,R,S,S,S,S,S
ERR7911519,PRJEB48275,SAMEA10030049,R,R,,R,S,S,S,S,S
ERR7911520,PRJEB48275,SAMEA10030050,R,R,,S,S,S,S,S,S
ERR7911073,PRJEB48275,SAMEA10030051,R,R,,R,S,R,R,R,R
ERR7911075,PRJEB48275,SAMEA10030052,R,R,,R,S,S,S,S,S
ERR7911070,PRJEB48275,SAMEA10030053,R,R,,S,S,S,S,R,S
ERR7911076,PRJEB48275,SAMEA10030054,R,R,,R,S,S,S,S,S
ERR7911071,PRJEB48275,SAMEA10030055,S,S,,S,S,S,S,S,S
ERR7911072,PRJEB48275,SAMEA10030056,S,R,,R,S,S,S,R,S
ERR7911074,PRJEB48275,SAMEA10030057,R,R,,R,S,S,S,S,S
ERR7911336,PRJEB48275,SAMEA10030058,R,R,R,R,S,S,S,S,S
ERR7911335,PRJEB48275,SAMEA10030059,R,R,R,R,S,S,S,S,S
ERR7911377,PRJEB48275,SAMEA10030060,R,R,,R,S,S,R,S,S
ERR7911337,PRJEB48275,SAMEA10030061,R,R,R,R,S,S,S,S,S
ERR7911338,PRJEB48275,SAMEA10030062,R,R,R,R,S,S,S,S,S
ERR7911378,PRJEB48275,SAMEA10030063,R,R,,R,S,S,S,S,S
ERR7911379,PRJEB48275,SAMEA10030064,R,R,,R,S,S,S,S,S
ERR7910949,PRJEB48275,SAMEA10030065,R,R,R,R,S,S,R,S,S
ERR7910950,PRJEB48275,SAMEA10030066,R,R,R,R,S,S,S,R,R
ERR7911380,PRJEB48275,SAMEA10030067,R,R,,S,S,S,S,S,S
ERR7911381,PRJEB48275,SAMEA10030067,R,R,,S,S,S,S,S,S
ERR7911382,PRJEB48275,SAMEA10030068,R,R,,R,S,S,S,R,R
ERR7911383,PRJEB48275,SAMEA10030069,R,R,,R,S,S,R,S,S
ERR7911384,PRJEB48275,SAMEA10030070,R,R,,R,S,S,S,S,S
ERR7911385,PRJEB48275,SAMEA10030071,R,R,,R,R,S,R,R,R
ERR7911386,PRJEB48275,SAMEA10030072,R,R,,R,S,S,S,R,S
ERR7911387,PRJEB48275,SAMEA10030073,R,R,,S,S,S,S,S,R
ERR7911388,PRJEB48275,SAMEA10030074,R,R,,R,R,S,R,R,R
ERR7911389,PRJEB48275,SAMEA10030075,R,S,,R,R,R,R,S,S
ERR7911390,PRJEB48275,SAMEA10030076,R,R,,S,R,R,R,S,S
ERR7912728,PRJEB48275,SAMEA10030077,R,R,,R,R,R,R,S,S
ERR7911391,PRJEB48275,SAMEA10030078,R,R,,,S,S,R,S,S
ERR7911392,PRJEB48275,SAMEA10030079,R,R,,R,R,S,R,R,R
ERR7911393,PRJEB48275,SAMEA10030080,R,R,,R,S,S,R,R,R
ERR7911394,PRJEB48275,SAMEA10030080,R,R,,R,S,S,R,R,R
ERR7911395,PRJEB48275,SAMEA10030081,R,R,,R,S,S,R,R,R
ERR7911396,PRJEB48275,SAMEA10030081,R,R,,R,S,S,R,R,R
ERR7911397,PRJEB48275,SAMEA10030081,R,R,,R,S,S,R,R,R
ERR7911398,PRJEB48275,SAMEA10030082,R,R,,R,S,S,S,S,S
ERR7911399,PRJEB48275,SAMEA10030083,R,R,,R,S,S,S,S,S
ERR7911400,PRJEB48275,SAMEA10030084,S,R,,S,S,S,S,S,S
ERR7911401,PRJEB48275,SAMEA10030085,R,R,,R,S,S,S,R,R
ERR7911402,PRJEB48275,SAMEA10030086,R,R,,R,S,S,R,S,S
ERR7911403,PRJEB48275,SAMEA10030087,R,R,,R,S,S,S,S,S
ERR7911404,PRJEB48275,SAMEA10030088,R,R,,R,S,S,S,S,S
ERR7911405,PRJEB48275,SAMEA10030089,R,R,,,S,S,S,S,S
ERR7911406,PRJEB48275,SAMEA10030090,R,R,,R,S,S,S,R,R
ERR7911407,PRJEB48275,SAMEA10030091,S,S,,,S,S,S,S,S
ERR7911408,PRJEB48275,SAMEA10030092,R,R,,,S,S,R,R,R
ERR7911409,PRJEB48275,SAMEA10030093,R,R,,R,S,S,S,R,R
ERR7911410,PRJEB48275,SAMEA10030094,R,R,,R,S,S,R,S,S
ERR7911411,PRJEB48275,SAMEA10030095,R,R,,S,S,S,S,S,S
ERR7911412,PRJEB48275,SAMEA10030096,R,R,,R,S,S,S,S,S
ERR7911413,PRJEB48275,SAMEA10030097,R,S,,,S,S,S,S,S
ERR7911414,PRJEB48275,SAMEA10030098,R,R,,R,S,S,S,R,R
ERR7911415,PRJEB48275,SAMEA10030099,R,R,,R,S,S,S,S,S
ERR7911416,PRJEB48275,SAMEA10030100,R,R,,R,S,S,R,R,R
ERR7911417,PRJEB48275,SAMEA10030101,R,R,,R,S,R,R,R,R
ERR7911418,PRJEB48275,SAMEA10030102,R,R,,,R,S,R,S,S
ERR7911419,PRJEB48275,SAMEA10030103,R,R,,,S,S,S,S,S
ERR7911420,PRJEB48275,SAMEA10030104,R,R,,S,S,S,S,S,S
ERR7911421,PRJEB48275,SAMEA10030105,R,R,,R,R,R,R,R,R
ERR7911422,PRJEB48275,SAMEA10030106,R,R,,R,S,S,R,R,R
ERR7911423,PRJEB48275,SAMEA10030107,R,R,,R,S,S,S,S,S
ERR7911424,PRJEB48275,SAMEA10030108,R,R,,R,S,S,S,S,S
ERR7911425,PRJEB48275,SAMEA10030109,R,R,,R,S,S,S,S,S
ERR7911426,PRJEB48275,SAMEA10030110,R,R,,R,S,S,S,S,S
ERR7911427,PRJEB48275,SAMEA10030111,R,R,,,S,S,R,S,S
ERR7911709,PRJEB48275,SAMEA10030112,R,R,,S,S,S,S,S,S
ERR7911710,PRJEB48275,SAMEA10030113,R,R,,R,S,S,R,S,S
ERR7911711,PRJEB48275,SAMEA10030114,R,R,,R,S,S,S,S,S
ERR7911712,PRJEB48275,SAMEA10030115,R,R,,S,S,S,S,S,S
ERR7911713,PRJEB48275,SAMEA10030116,R,R,,R,S,S,S,S,S
ERR7911714,PRJEB48275,SAMEA10030117,R,R,,R,S,S,S,S,S
ERR7911715,PRJEB48275,SAMEA10030118,R,S,,S,S,S,S,S,S
ERR7911717,PRJEB48275,SAMEA10030119,R,R,,S,S,S,S,S,S
ERR7911718,PRJEB48275,SAMEA10030120,R,R,,R,S,S,S,S,S
ERR7911719,PRJEB48275,SAMEA10030121,R,R,,R,S,S,R,R,R
ERR7911720,PRJEB48275,SAMEA10030122,R,R,,R,S,S,S,S,S
ERR7911721,PRJEB48275,SAMEA10030123,R,R,,,S,S,S,S,S
ERR7911722,PRJEB48275,SAMEA10030124,R,R,,R,S,S,S,S,S
ERR7911723,PRJEB48275,SAMEA10030125,R,R,,R,R,S,R,R,R
ERR7911724,PRJEB48275,SAMEA10030126,R,R,,S,S,S,S,S,S
ERR7911725,PRJEB48275,SAMEA10030127,R,R,,R,S,S,S,S,S
ERR7911726,PRJEB48275,SAMEA10030128,,R,,,,S,,S,S
ERR7911727,PRJEB48275,SAMEA10030129,R,R,,,,S,S,S,S
ERR7911728,PRJEB48275,SAMEA10030130,R,R,,S,S,,S,S,
ERR7911729,PRJEB48275,SAMEA10030131,R,R,,S,S,S,S,S,S
ERR7911730,PRJEB48275,SAMEA10030132,S,S,,,,,S,S,S
ERR7911731,PRJEB48275,SAMEA10030133,R,R,,,S,S,,S,S
ERR7911732,PRJEB48275,SAMEA10030134,R,R,,R,S,S,S,,S
ERR7911733,PRJEB48275,SAMEA10030135,R,R,,,R,S,R,S,S
ERR7911734,PRJEB48275,SAMEA10030136,R,R,,R,S,S,S,S,S
ERR7911735,PRJEB48275,SAMEA10030137,R,R,,,S,,,,
ERR7911736,PRJEB48275,SAMEA10030138,R,R,,R,S,S,S,S,S
ERR7911737,PRJEB48275,SAMEA10030139,R,R,,R,S,S,S,S,S
ERR7911738,PRJEB48275,SAMEA10030140,R,R,,,R,S,R,S,S
ERR7911739,PRJEB48275,SAMEA10030141,R,R,,R,S,S,,S,
ERR7911740,PRJEB48275,SAMEA10030142,R,R,,,S,S,S,S,S
ERR7911741,PRJEB48275,SAMEA10030143,R,R,,R,S,S,R,S,S
ERR7911742,PRJEB48275,SAMEA10030144,R,R,,R,,,R,S,S
ERR7911743,PRJEB48275,SAMEA10030145,R,R,,R,S,S,S,S,S
ERR7911744,PRJEB48275,SAMEA10030146,R,,,,,,,,R
ERR7911745,PRJEB48275,SAMEA10030147,R,R,,,S,S,S,S,S
ERR7911746,PRJEB48275,SAMEA10030148,R,R,,S,S,S,S,S,S
ERR7911747,PRJEB48275,SAMEA10030149,R,R,,R,S,S,R,S,S
ERR7911748,PRJEB48275,SAMEA10030150,R,R,,S,S,S,S,S,S
ERR7911749,PRJEB48275,SAMEA10030151,R,R,,R,S,S,S,S,S
ERR7911750,PRJEB48275,SAMEA10030152,R,R,,R,S,S,S,S,S
ERR7911752,PRJEB48275,SAMEA10030153,R,R,,R,R,S,R,S,S
ERR7911753,PRJEB48275,SAMEA10030154,R,R,,,S,S,S,R,R
ERR7911189,PRJEB48275,SAMEA10030155,R,R,S,S,S,S,S,S,S
ERR7911190,PRJEB48275,SAMEA10030156,R,R,R,R,S,S,S,S,S
ERR7911191,PRJEB48275,SAMEA10030157,R,R,R,R,S,S,S,S,S
ERR7911192,PRJEB48275,SAMEA10030158,R,S,R,R,S,R,S,R,R
ERR7911193,PRJEB48275,SAMEA10030159,R,R,R,S,S,S,S,S,S
ERR7911194,PRJEB48275,SAMEA10030160,R,R,S,S,S,S,S,S,S
ERR7911428,PRJEB48275,SAMEA10030161,R,S,,R,S,S,S,S,S
ERR7911195,PRJEB48275,SAMEA10030162,R,R,R,R,S,S,S,S,S
ERR7911196,PRJEB48275,SAMEA10030163,R,R,,R,S,S,S,R,S
ERR7911197,PRJEB48275,SAMEA10030164,R,R,,R,S,S,S,R,S
ERR7911198,PRJEB48275,SAMEA10030165,R,R,R,R,S,S,S,S,S
ERR7911199,PRJEB48275,SAMEA10030166,R,R,R,R,S,S,S,S,S
ERR7911200,PRJEB48275,SAMEA10030167,R,R,S,R,S,S,S,S,S
ERR7911201,PRJEB48275,SAMEA10030169,R,R,S,R,S,S,S,S,S
ERR7911202,PRJEB48275,SAMEA10030170,R,R,S,R,S,S,S,S,S
ERR7911203,PRJEB48275,SAMEA10030171,R,R,R,S,S,S,S,S,S
ERR7911204,PRJEB48275,SAMEA10030172,R,R,R,R,S,S,S,S,S
ERR7911429,PRJEB48275,SAMEA10030173,R,R,,R,S,S,S,S,S
ERR7911205,PRJEB48275,SAMEA10030174,R,R,R,R,S,S,S,S,S
ERR7911206,PRJEB48275,SAMEA10030175,R,R,S,R,S,S,S,R,R
ERR7911430,PRJEB48275,SAMEA10030176,R,S,,R,S,S,S,R,R
ERR7911207,PRJEB48275,SAMEA10030177,R,R,,R,S,S,S,S,S
ERR7911208,PRJEB48275,SAMEA10030178,R,R,R,R,S,S,S,R,R
ERR7911209,PRJEB48275,SAMEA10030179,R,R,S,R,S,S,S,S,S
ERR7911210,PRJEB48275,SAMEA10030180,R,R,S,R,S,S,S,S,S
ERR7911211,PRJEB48275,SAMEA10030181,R,R,R,R,S,S,S,S,S
ERR7911431,PRJEB48275,SAMEA10030182,R,R,,R,S,S,S,S,S
ERR7911432,PRJEB48275,SAMEA10030183,R,R,,R,S,S,S,S,S
ERR7911212,PRJEB48275,SAMEA10030184,S,R,S,S,S,S,S,S,S
ERR7911213,PRJEB48275,SAMEA10030185,R,R,R,R,S,S,S,S,S
ERR7911214,PRJEB48275,SAMEA10030186,R,R,R,S,R,R,R,S,S
ERR7911215,PRJEB48275,SAMEA10030187,S,R,S,S,S,S,S,S,S
ERR7911216,PRJEB48275,SAMEA10030188,R,R,S,S,S,S,S,S,S
ERR7911433,PRJEB48275,SAMEA10030189,S,R,,R,S,S,S,S,S
ERR7911217,PRJEB48275,SAMEA10030190,S,S,S,S,S,S,S,S,S
ERR7911434,PRJEB48275,SAMEA10030191,S,R,,,S,S,S,S,S
ERR7911435,PRJEB48275,SAMEA10030192,R,R,,R,S,S,S,S,S
ERR7911436,PRJEB48275,SAMEA10030193,S,R,,,S,S,S,S,S
ERR7911437,PRJEB48275,SAMEA10030194,R,R,,R,S,S,S,S,S
ERR7911438,PRJEB48275,SAMEA10030195,R,R,,,S,S,S,S,S
ERR7911439,PRJEB48275,SAMEA10030196,S,R,,,S,S,S,S,S
ERR7911440,PRJEB48275,SAMEA10030197,R,R,,S,S,S,S,S,S
ERR7911441,PRJEB48275,SAMEA10030198,R,R,,R,S,S,S,S,S
ERR7911442,PRJEB48275,SAMEA10030199,R,R,,,S,S,S,S,S
ERR7911443,PRJEB48275,SAMEA10030200,R,R,,R,S,S,S,S,S
ERR7911444,PRJEB48275,SAMEA10030201,R,R,,R,S,S,S,S,S
ERR7911445,PRJEB48275,SAMEA10030202,S,R,,,S,S,S,S,S
ERR7911446,PRJEB48275,SAMEA10030203,R,R,,R,S,S,S,S,S
ERR7911447,PRJEB48275,SAMEA10030204,S,S,,,S,S,S,S,S
ERR7911448,PRJEB48275,SAMEA10030205,R,R,,S,S,S,S,S,S
ERR7911449,PRJEB48275,SAMEA10030206,R,R,,R,S,S,S,S,S
ERR7911450,PRJEB48275,SAMEA10030207,R,R,,R,S,S,S,S,S
ERR7911038,PRJEB48275,SAMEA10030208,R,R,,,S,S,R,S,S
ERR7911039,PRJEB48275,SAMEA10030209,R,R,,R,S,S,S,R,R
ERR7910929,PRJEB48275,SAMEA10030210,R,R,S,S,S,S,R,S,S
ERR7910932,PRJEB48275,SAMEA10030211,R,R,R,S,S,S,S,S,S
ERR7910933,PRJEB48275,SAMEA10030212,R,R,S,S,S,S,S,S,S
ERR7911040,PRJEB48275,SAMEA10030213,R,R,,R,S,S,S,S,S
ERR7910934,PRJEB48275,SAMEA10030214,R,R,S,S,S,S,R,S,S
ERR7911041,PRJEB48275,SAMEA10030215,R,R,,R,S,S,R,R,R
ERR7910935,PRJEB48275,SAMEA10030216,R,R,S,S,S,S,R,S,S
ERR7910936,PRJEB48275,SAMEA10030217,R,R,S,S,S,S,R,S,S
ERR7910937,PRJEB48275,SAMEA10030218,R,R,R,S,S,S,R,S,S
ERR7910938,PRJEB48275,SAMEA10030219,R,R,R,R,S,S,S,S,S
ERR7910939,PRJEB48275,SAMEA10030220,R,R,R,R,S,S,R,R,R
ERR7910940,PRJEB48275,SAMEA10030220,R,R,R,R,S,S,R,R,R
ERR7910941,PRJEB48275,SAMEA10030221,R,R,S,R,S,S,S,S,S
ERR7910942,PRJEB48275,SAMEA10030222,R,R,S,S,S,S,R,S,S
ERR7910943,PRJEB48275,SAMEA10030222,R,R,S,S,S,S,R,S,S
ERR7910944,PRJEB48275,SAMEA10030223,R,R,S,S,S,S,R,S,S
ERR7910945,PRJEB48275,SAMEA10030224,R,R,S,R,S,S,S,S,S
ERR7910946,PRJEB48275,SAMEA10030225,R,R,S,S,S,S,R,S,S
ERR7910947,PRJEB48275,SAMEA10030226,R,R,S,S,S,S,R,S,S
ERR7910948,PRJEB48275,SAMEA10030227,R,R,R,R,S,S,S,S,S
ERR7911042,PRJEB48275,SAMEA10030228,R,R,,R,S,S,S,S,S
ERR7911043,PRJEB48275,SAMEA10030229,R,R,,R,S,S,R,R,R
ERR7911044,PRJEB48275,SAMEA10030230,R,R,,R,S,S,S,S,S
ERR7911045,PRJEB48275,SAMEA10030231,R,R,,S,S,S,R,S,S
ERR7911046,PRJEB48275,SAMEA10030232,R,R,,R,S,S,R,S,S
ERR7911047,PRJEB48275,SAMEA10030233,R,R,,R,S,S,R,R,R
ERR7911048,PRJEB48275,SAMEA10030234,R,R,,S,S,S,R,S,S
ERR7911049,PRJEB48275,SAMEA10030235,R,R,,S,S,S,R,S,S
ERR7911050,PRJEB48275,SAMEA10030236,R,R,,S,S,S,R,R,R
ERR7911051,PRJEB48275,SAMEA10030237,R,R,,S,S,S,R,S,S
ERR7911052,PRJEB48275,SAMEA10030238,R,R,,,S,S,S,S,S
ERR7911053,PRJEB48275,SAMEA10030239,R,R,,R,S,S,R,R,R
ERR7911054,PRJEB48275,SAMEA10030240,R,R,,,S,S,S,S,S
ERR7911055,PRJEB48275,SAMEA10030241,R,R,,S,S,S,R,S,S
ERR7910894,PRJEB48275,SAMEA10030242,R,R,S,S,S,S,S,S,S
ERR7911056,PRJEB48275,SAMEA10030243,S,S,,S,S,S,S,S,S
ERR7911057,PRJEB48275,SAMEA10030244,R,R,,S,S,S,R,S,S
ERR7911058,PRJEB48275,SAMEA10030245,R,R,,S,S,S,R,R,R
ERR7911059,PRJEB48275,SAMEA10030246,R,R,,S,S,S,R,S,S
ERR7911060,PRJEB48275,SAMEA10030247,R,R,,R,S,S,R,S,S
ERR7911061,PRJEB48275,SAMEA10030248,R,R,,R,S,S,S,R,S
ERR7911062,PRJEB48275,SAMEA10030249,R,R,,S,S,S,R,S,S
ERR7911069,PRJEB48275,SAMEA10030250,R,R,,R,S,S,S,R,R
ERR7911063,PRJEB48275,SAMEA10030251,R,R,,S,S,S,R,S,S
ERR7911064,PRJEB48275,SAMEA10030252,R,R,,,S,S,S,S,S
ERR7910895,PRJEB48275,SAMEA10030253,R,R,R,S,S,S,R,S,S
ERR7911065,PRJEB48275,SAMEA10030254,R,S,,S,S,S,R,S,S
ERR7911066,PRJEB48275,SAMEA10030255,R,S,,S,S,S,S,S,S
ERR7911067,PRJEB48275,SAMEA10030256,R,R,,R,S,S,S,S,S
ERR7911068,PRJEB48275,SAMEA10030257,R,R,,S,S,S,R,S,S
ERR7910896,PRJEB48275,SAMEA10030258,R,R,R,R,S,S,R,S,S
ERR7910897,PRJEB48275,SAMEA10030259,R,R,S,S,S,S,S,S,S
ERR7910898,PRJEB48275,SAMEA10030260,R,R,S,S,S,S,R,S,S
ERR7910899,PRJEB48275,SAMEA10030261,R,R,S,S,S,S,R,S,S
ERR7910900,PRJEB48275,SAMEA10030262,R,R,S,S,S,S,S,S,S
ERR7910901,PRJEB48275,SAMEA10030263,R,R,S,S,S,S,R,S,S
ERR7910902,PRJEB48275,SAMEA10030264,R,R,S,S,S,S,R,S,S
ERR7910903,PRJEB48275,SAMEA10030265,R,R,R,R,R,R,R,S,S
ERR7910904,PRJEB48275,SAMEA10030266,R,R,R,R,S,S,S,S,S
ERR7910905,PRJEB48275,SAMEA10030267,R,R,R,R,S,S,S,S,S
ERR7910906,PRJEB48275,SAMEA10030268,R,R,R,R,S,S,S,S,S
ERR7910907,PRJEB48275,SAMEA10030269,R,R,R,R,S,S,R,S,S
ERR7910908,PRJEB48275,SAMEA10030270,R,R,R,S,S,S,R,S,S
ERR7910909,PRJEB48275,SAMEA10030271,R,R,R,S,S,S,R,S,S
ERR7910910,PRJEB48275,SAMEA10030272,R,R,S,S,S,S,S,R,R
ERR7910911,PRJEB48275,SAMEA10030273,R,R,R,R,S,S,S,S,S
ERR7910912,PRJEB48275,SAMEA10030274,R,R,R,S,S,S,S,S,S
ERR7910913,PRJEB48275,SAMEA10030275,R,R,S,R,S,S,S,S,S
ERR7910914,PRJEB48275,SAMEA10030276,R,R,S,S,S,S,R,S,S
ERR7910915,PRJEB48275,SAMEA10030277,R,R,S,S,S,S,R,S,S
ERR7910916,PRJEB48275,SAMEA10030278,R,R,S,S,S,S,R,S,S
ERR7910917,PRJEB48275,SAMEA10030279,R,R,R,R,S,S,R,S,S
ERR7910918,PRJEB48275,SAMEA10030280,R,R,R,S,S,S,R,S,S
ERR7910919,PRJEB48275,SAMEA10030281,R,R,R,R,S,S,S,S,S
ERR7910920,PRJEB48275,SAMEA10030282,R,R,R,S,S,S,S,S,S
ERR7910921,PRJEB48275,SAMEA10030283,R,R,R,R,S,S,R,S,S
ERR7910922,PRJEB48275,SAMEA10030284,R,R,R,R,R,R,R,S,S
ERR7910923,PRJEB48275,SAMEA10030285,R,R,S,S,S,S,R,S,S
ERR7910924,PRJEB48275,SAMEA10030286,R,R,R,R,S,S,R,S,S
ERR7911077,PRJEB48275,SAMEA10030287,R,R,R,R,S,S,S,S,S
ERR7910925,PRJEB48275,SAMEA10030288,R,R,R,R,S,S,S,S,S
ERR7910926,PRJEB48275,SAMEA10030289,R,R,S,R,S,S,R,S,S
ERR7910927,PRJEB48275,SAMEA10030290,R,R,S,S,S,S,R,S,S
ERR7910928,PRJEB48275,SAMEA10030291,R,R,R,S,R,R,R,S,S
ERR7910930,PRJEB48275,SAMEA10030292,R,R,,S,S,S,R,S,S
ERR7910931,PRJEB48275,SAMEA10030293,R,R,R,R,S,S,R,S,S
ERR7911078,PRJEB48275,SAMEA10030294,R,R,R,R,S,S,S,S,S
ERR7911079,PRJEB48275,SAMEA10030295,R,R,S,S,S,S,R,S,S
ERR7911080,PRJEB48275,SAMEA10030296,R,R,S,S,S,S,R,S,S
ERR7911081,PRJEB48275,SAMEA10030297,R,R,R,S,S,S,S,S,S
ERR7911082,PRJEB48275,SAMEA10030298,R,R,R,S,S,S,S,S,S
ERR7911083,PRJEB48275,SAMEA10030299,R,R,S,S,S,S,R,S,S
ERR7911016,PRJEB48275,SAMEA10030300,R,R,S,S,S,S,R,S,S
ERR7911017,PRJEB48275,SAMEA10030301,R,R,S,S,S,S,S,S,S
ERR7911018,PRJEB48275,SAMEA10030302,R,R,S,S,S,S,R,S,S
ERR7911019,PRJEB48275,SAMEA10030303,R,R,S,S,S,S,R,S,S
ERR7911020,PRJEB48275,SAMEA10030304,R,R,S,S,S,S,R,S,S
ERR7911084,PRJEB48275,SAMEA10030305,R,R,S,S,S,S,R,S,S
ERR7911085,PRJEB48275,SAMEA10030306,R,R,S,S,S,S,S,S,S
ERR7911021,PRJEB48275,SAMEA10030307,R,R,S,S,S,S,R,S,S
ERR7911022,PRJEB48275,SAMEA10030308,R,R,R,S,S,S,R,S,S
ERR7911023,PRJEB48275,SAMEA10030309,R,R,S,S,S,S,R,S,S
ERR7911024,PRJEB48275,SAMEA10030310,R,R,S,S,S,S,R,S,S
ERR7911086,PRJEB48275,SAMEA10030311,R,R,S,S,S,S,R,S,S
ERR7911087,PRJEB48275,SAMEA10030312,R,R,R,S,S,S,S,S,S
ERR7911025,PRJEB48275,SAMEA10030313,R,R,R,R,S,S,S,S,S
ERR7911026,PRJEB48275,SAMEA10030314,R,R,S,S,S,S,R,S,S
ERR7911027,PRJEB48275,SAMEA10030315,R,R,R,R,S,S,S,S,S
ERR7911029,PRJEB48275,SAMEA10030316,R,R,S,S,S,S,R,S,S
ERR7911028,PRJEB48275,SAMEA10030317,R,R,S,S,S,S,R,S,S
ERR7911088,PRJEB48275,SAMEA10030318,R,R,S,S,S,S,R,S,S
ERR7911030,PRJEB48275,SAMEA10030319,R,R,R,R,S,S,S,S,S
ERR7911089,PRJEB48275,SAMEA10030320,R,R,R,R,S,S,S,S,S
ERR7911031,PRJEB48275,SAMEA10030321,R,R,S,S,S,S,R,S,S
ERR7911032,PRJEB48275,SAMEA10030322,R,R,R,S,S,S,S,S,S
ERR7911090,PRJEB48275,SAMEA10030323,S,S,S,S,S,S,S,R,R
ERR7911091,PRJEB48275,SAMEA10030324,R,R,R,R,S,S,S,S,S
ERR7911033,PRJEB48275,SAMEA10030325,R,R,S,S,R,R,R,S,S
ERR7911034,PRJEB48275,SAMEA10030326,R,R,R,R,S,S,S,S,S
ERR7911092,PRJEB48275,SAMEA10030327,R,R,S,S,S,S,R,S,S
ERR7911035,PRJEB48275,SAMEA10030328,R,R,S,S,S,S,S,S,S
ERR7911093,PRJEB48275,SAMEA10030329,R,R,S,R,S,S,S,S,S
ERR7911036,PRJEB48275,SAMEA10030330,R,R,S,R,S,S,S,R,S
ERR7911037,PRJEB48275,SAMEA10030331,R,R,S,S,S,S,R,S,S
ERR7911094,PRJEB48275,SAMEA10030332,R,R,R,R,S,S,R,S,S
ERR7911095,PRJEB48275,SAMEA10030333,R,R,R,R,S,S,R,S,S
ERR7911096,PRJEB48275,SAMEA10030334,R,R,S,R,S,S,S,R,R
ERR7911097,PRJEB48275,SAMEA10030335,R,R,S,S,S,S,S,S,S
ERR7911218,PRJEB48275,SAMEA10030336,R,R,R,R,S,S,S,R,R
ERR7911098,PRJEB48275,SAMEA10030337,,,S,S,S,S,S,S,S
ERR7911219,PRJEB48275,SAMEA10030338,R,R,S,S,S,S,R,R,S
ERR7911220,PRJEB48275,SAMEA10030339,R,R,,R,S,S,S,S,S
ERR7911099,PRJEB48275,SAMEA10030340,R,R,R,S,S,S,R,S,S
ERR7911100,PRJEB48275,SAMEA10030341,R,R,R,S,S,S,R,S,S
ERR7911221,PRJEB48275,SAMEA10030342,R,R,R,S,S,S,S,S,S
ERR7911222,PRJEB48275,SAMEA10030343,R,R,R,R,S,S,R,S,S
ERR7911223,PRJEB48275,SAMEA10030344,R,R,S,S,S,S,R,S,S
ERR7911224,PRJEB48275,SAMEA10030345,S,R,S,S,S,S,S,S,S
ERR7911225,PRJEB48275,SAMEA10030346,R,R,S,S,S,S,R,S,S
ERR7912724,PRJEB48275,SAMEA10030347,R,R,S,S,S,S,R,S,S
ERR7912725,PRJEB48275,SAMEA10030347,R,R,S,S,S,S,R,S,S
ERR7911226,PRJEB48275,SAMEA10030348,R,R,R,R,S,S,R,R,S
ERR7911227,PRJEB48275,SAMEA10030349,R,R,R,S,S,S,R,S,S
ERR7911228,PRJEB48275,SAMEA10030350,R,R,R,R,S,S,R,S,S
ERR7911229,PRJEB48275,SAMEA10030351,R,S,S,S,S,S,R,S,S
ERR7911230,PRJEB48275,SAMEA10030352,R,R,S,S,S,S,R,S,S
ERR7911231,PRJEB48275,SAMEA10030353,R,R,S,S,S,S,R,S,S
ERR7911232,PRJEB48275,SAMEA10030354,R,R,R,S,S,S,R,S,S
ERR7911233,PRJEB48275,SAMEA10030355,R,R,S,S,S,S,S,S,S
ERR7911234,PRJEB48275,SAMEA10030356,R,R,S,S,S,S,R,S,S
ERR7911235,PRJEB48275,SAMEA10030357,R,R,R,R,S,S,R,S,S
ERR7911236,PRJEB48275,SAMEA10030358,R,R,R,S,S,S,R,S,S
ERR7911237,PRJEB48275,SAMEA10030359,R,R,S,S,S,S,R,S,S
ERR7911238,PRJEB48275,SAMEA10030360,R,R,S,S,S,S,R,S,S
ERR7911239,PRJEB48275,SAMEA10030361,R,R,R,S,S,S,R,S,S
ERR7911240,PRJEB48275,SAMEA10030362,R,R,S,S,S,S,R,S,S
ERR7911241,PRJEB48275,SAMEA10030363,R,S,S,S,S,S,S,S,S
ERR7911242,PRJEB48275,SAMEA10030364,R,R,S,S,S,S,S,S,S
ERR7911243,PRJEB48275,SAMEA10030365,R,R,S,S,S,S,R,S,S
ERR7911244,PRJEB48275,SAMEA10030366,R,R,R,R,S,S,R,S,S
ERR7911245,PRJEB48275,SAMEA10030367,R,R,S,R,S,S,R,S,S
ERR7911246,PRJEB48275,SAMEA10030368,R,R,R,R,R,R,R,S,S
ERR7911247,PRJEB48275,SAMEA10030369,R,R,S,S,S,S,R,S,S
ERR7911248,PRJEB48275,SAMEA10030370,R,R,R,S,R,S,R,S,S
ERR7911249,PRJEB48275,SAMEA10030371,R,R,R,S,S,S,R,S,S
ERR7911250,PRJEB48275,SAMEA10030372,R,R,R,S,S,S,R,S,S
ERR7911251,PRJEB48275,SAMEA10030373,R,R,S,S,S,S,S,S,S
ERR7910951,PRJEB48275,SAMEA10030374,R,R,,S,S,S,S,S,S
ERR7911252,PRJEB48275,SAMEA10030375,R,R,R,R,S,S,R,S,S
ERR7911253,PRJEB48275,SAMEA10030376,R,R,R,R,S,S,S,S,S
ERR7911254,PRJEB48275,SAMEA10030377,R,R,S,S,S,S,S,S,S
ERR7911255,PRJEB48275,SAMEA10030378,R,R,S,S,S,S,R,S,S
ERR7911256,PRJEB48275,SAMEA10030379,R,R,R,S,S,S,R,S,S
ERR7911257,PRJEB48275,SAMEA10030380,R,R,S,R,S,S,S,S,S
ERR7911258,PRJEB48275,SAMEA10030381,R,R,S,S,S,S,R,S,S
ERR7911259,PRJEB48275,SAMEA10030382,R,R,S,R,S,S,R,S,S
ERR7911260,PRJEB48275,SAMEA10030383,R,R,S,R,S,S,R,S,S
ERR7911261,PRJEB48275,SAMEA10030384,R,R,R,S,S,S,S,S,S
ERR7911262,PRJEB48275,SAMEA10030385,R,R,R,R,S,S,R,S,S
ERR7911263,PRJEB48275,SAMEA10030386,R,R,S,S,S,S,R,S,S
ERR7911264,PRJEB48275,SAMEA10030387,R,R,R,S,S,S,R,S,S
ERR7910952,PRJEB48275,SAMEA10030388,R,R,S,S,S,S,R,S,S
ERR7911265,PRJEB48275,SAMEA10030389,R,R,R,R,S,S,R,S,S
ERR7911266,PRJEB48275,SAMEA10030390,R,R,R,R,S,S,R,S,S
ERR7911267,PRJEB48275,SAMEA10030391,R,R,S,S,S,S,R,S,S
ERR7910953,PRJEB48275,SAMEA10030392,R,R,S,S,S,S,R,S,S
ERR7911268,PRJEB48275,SAMEA10030393,R,R,S,S,S,S,R,S,S
ERR7911269,PRJEB48275,SAMEA10030394,R,R,S,S,S,S,R,S,S
ERR7911270,PRJEB48275,SAMEA10030395,R,R,R,R,S,S,S,S,S
ERR7911271,PRJEB48275,SAMEA10030396,R,R,R,R,S,S,S,S,S
ERR7911272,PRJEB48275,SAMEA10030397,R,R,S,S,S,S,R,S,S
ERR7911273,PRJEB48275,SAMEA10030398,S,R,S,S,S,S,S,S,S
ERR7910954,PRJEB48275,SAMEA10030399,R,R,S,S,S,S,R,S,S
ERR7910955,PRJEB48275,SAMEA10030400,R,R,R,R,S,S,R,S,S
ERR7910956,PRJEB48275,SAMEA10030401,R,R,S,R,S,S,S,S,S
ERR7910957,PRJEB48275,SAMEA10030402,R,R,,S,S,S,R,S,S
ERR7910958,PRJEB48275,SAMEA10030403,R,R,S,R,S,S,S,S,S
ERR7910959,PRJEB48275,SAMEA10030404,S,R,S,S,S,S,S,S,S
ERR7910960,PRJEB48275,SAMEA10030405,R,R,R,S,R,R,R,S,S
ERR7910961,PRJEB48275,SAMEA10030406,R,R,R,S,S,S,S,S,S
ERR7910962,PRJEB48275,SAMEA10030407,R,R,S,R,S,S,S,S,S
ERR7910963,PRJEB48275,SAMEA10030408,R,R,R,S,S,S,S,S,S
ERR7910964,PRJEB48275,SAMEA10030409,R,R,R,S,S,S,S,S,S
ERR7910965,PRJEB48275,SAMEA10030410,R,R,S,R,S,S,R,S,S
ERR7910966,PRJEB48275,SAMEA10030411,R,R,R,S,S,S,S,S,S
ERR7910967,PRJEB48275,SAMEA10030412,S,S,S,S,S,S,S,S,S
ERR7910968,PRJEB48275,SAMEA10030413,R,R,R,S,S,S,S,S,S
ERR7910969,PRJEB48275,SAMEA10030414,S,S,S,S,S,S,S,S,S
ERR7910970,PRJEB48275,SAMEA10030415,R,R,R,S,S,S,R,S,S
ERR7910971,PRJEB48275,SAMEA10030416,R,R,R,R,S,S,S,S,S
ERR7910972,PRJEB48275,SAMEA10030417,R,R,S,R,S,S,S,S,S
ERR7910973,PRJEB48275,SAMEA10030418,R,R,R,S,S,S,R,S,S
ERR7910974,PRJEB48275,SAMEA10030419,R,R,S,S,S,S,R,S,S
ERR7910975,PRJEB48275,SAMEA10030420,R,R,S,R,S,S,S,R,R
ERR7910976,PRJEB48275,SAMEA10030421,R,R,R,S,S,S,S,S,S
ERR7910977,PRJEB48275,SAMEA10030422,R,R,R,,S,S,R,S,S
ERR7910978,PRJEB48275,SAMEA10030423,R,R,S,S,S,S,S,S,S
ERR7910979,PRJEB48275,SAMEA10030424,R,R,S,R,S,S,S,S,S
ERR7910980,PRJEB48275,SAMEA10030425,R,R,R,R,S,S,S,S,S
ERR7910981,PRJEB48275,SAMEA10030426,R,R,S,S,S,S,R,S,S
ERR7911526,PRJEB48275,SAMEA10030427,R,R,S,,R,,R,R,
ERR7911527,PRJEB48275,SAMEA10030428,R,R,S,,S,,S,R,
ERR7911528,PRJEB48275,SAMEA10030429,R,R,S,,R,,R,R,
ERR7911529,PRJEB48275,SAMEA10030430,R,R,S,,R,,R,R,
ERR7911530,PRJEB48275,SAMEA10030431,S,S,S,,S,,S,S,
ERR7911531,PRJEB48275,SAMEA10030432,R,R,S,,R,,R,R,
ERR7911532,PRJEB48275,SAMEA10030433,R,R,R,,R,,R,R,
ERR7911533,PRJEB48275,SAMEA10030434,R,R,S,,S,,S,R,
ERR7911534,PRJEB48275,SAMEA10030435,R,R,S,,R,,R,R,
ERR7911535,PRJEB48275,SAMEA10030436,R,R,R,,S,,S,R,
ERR7911536,PRJEB48275,SAMEA10030437,R,R,S,,S,,S,S,
ERR7911537,PRJEB48275,SAMEA10030438,R,R,R,,R,,R,R,
ERR7911538,PRJEB48275,SAMEA10030439,R,S,S,,R,,R,R,
ERR7911539,PRJEB48275,SAMEA10030440,R,R,R,,R,,R,R,
ERR7911540,PRJEB48275,SAMEA10030441,R,R,S,,R,,R,R,
ERR7911542,PRJEB48275,SAMEA10030442,R,R,S,,R,,R,S,
ERR7911543,PRJEB48275,SAMEA10030443,R,R,S,,R,,R,R,
ERR7911544,PRJEB48275,SAMEA10030444,R,R,R,,R,,R,S,
ERR7911545,PRJEB48275,SAMEA10030445,R,R,S,,R,,R,R,
ERR7911546,PRJEB48275,SAMEA10030446,R,R,R,,R,,R,R,
ERR7911547,PRJEB48275,SAMEA10030447,R,R,S,,R,,R,S,
ERR7911548,PRJEB48275,SAMEA10030448,R,R,S,,R,,R,R,
ERR7911549,PRJEB48275,SAMEA10030449,R,R,R,,R,,R,R,
ERR7911550,PRJEB48275,SAMEA10030450,R,R,S,,R,,R,S,
ERR7911551,PRJEB48275,SAMEA10030451,R,R,S,,R,,R,R,
ERR7911552,PRJEB48275,SAMEA10030452,R,R,S,,R,,R,R,
ERR7911553,PRJEB48275,SAMEA10030453,R,R,S,,R,,R,R,
ERR7911554,PRJEB48275,SAMEA10030454,R,R,S,,R,,R,R,
ERR7911555,PRJEB48275,SAMEA10030455,R,R,S,,S,,S,R,
ERR7911556,PRJEB48275,SAMEA10030456,R,R,S,,R,,R,R,
ERR7911557,PRJEB48275,SAMEA10030457,R,R,S,,R,,R,S,
ERR7911559,PRJEB48275,SAMEA10030459,R,R,S,,R,,R,R,
ERR7911560,PRJEB48275,SAMEA10030460,R,R,R,,R,,R,R,
ERR7911562,PRJEB48275,SAMEA10030461,R,R,S,,R,,R,R,
ERR7911563,PRJEB48275,SAMEA10030462,R,R,S,,S,,S,R,
ERR7911564,PRJEB48275,SAMEA10030463,R,R,S,,R,,R,R,
ERR7911565,PRJEB48275,SAMEA10030464,R,R,S,,R,,R,R,
ERR7911566,PRJEB48275,SAMEA10030465,R,R,R,,R,,R,R,
ERR7911567,PRJEB48275,SAMEA10030466,R,R,R,,R,,R,S,
ERR7911568,PRJEB48275,SAMEA10030467,R,R,S,,R,,R,R,
ERR7911569,PRJEB48275,SAMEA10030468,R,R,S,,R,,R,R,
ERR7911570,PRJEB48275,SAMEA10030469,R,S,S,,R,,R,R,
ERR7911571,PRJEB48275,SAMEA10030470,R,R,S,,S,,S,S,
ERR7911572,PRJEB48275,SAMEA10030471,R,R,S,,R,,R,R,
ERR7911573,PRJEB48275,SAMEA10030472,R,R,S,,R,,R,R,
ERR7911574,PRJEB48275,SAMEA10030473,R,R,S,,R,,R,S,
ERR7911575,PRJEB48275,SAMEA10030474,R,S,S,,R,,R,R,
ERR7911576,PRJEB48275,SAMEA10030475,R,S,S,,R,,R,R,
ERR7911577,PRJEB48275,SAMEA10030476,R,R,S,,R,,R,R,
ERR7911578,PRJEB48275,SAMEA10030477,R,R,S,,S,,S,S,
ERR7911579,PRJEB48275,SAMEA10030478,R,R,S,,S,,S,S,
ERR7911580,PRJEB48275,SAMEA10030479,S,R,S,,R,,R,R,
ERR7911581,PRJEB48275,SAMEA10030480,R,R,S,,R,,R,R,
ERR7911582,PRJEB48275,SAMEA10030481,R,R,S,,R,,R,S,
ERR7911583,PRJEB48275,SAMEA10030482,R,R,R,,R,,R,S,S
ERR7911584,PRJEB48275,SAMEA10030483,R,R,S,,R,,R,R,
ERR7911585,PRJEB48275,SAMEA10030484,R,R,R,,R,,R,S,
ERR7911586,PRJEB48275,SAMEA10030485,R,R,S,,R,,R,R,
ERR7911587,PRJEB48275,SAMEA10030486,R,R,S,,R,,R,R,
ERR7911524,PRJEB48275,SAMEA10030487,S,S,S,,S,,S,S,
ERR7911588,PRJEB48275,SAMEA10030488,R,R,S,,R,,R,R,
ERR7911589,PRJEB48275,SAMEA10030489,R,R,S,,R,,R,R,R
ERR7911590,PRJEB48275,SAMEA10030490,R,R,S,,S,,S,R,S
ERR7911591,PRJEB48275,SAMEA10030491,R,R,S,,R,,R,R,
ERR7911592,PRJEB48275,SAMEA10030492,R,R,S,,R,,R,R,R
ERR7911593,PRJEB48275,SAMEA10030493,R,R,R,,R,,R,R,S
ERR7911594,PRJEB48275,SAMEA10030494,R,R,R,,R,,R,R,R
ERR7911595,PRJEB48275,SAMEA10030495,R,R,S,,R,,R,R,R
ERR7911596,PRJEB48275,SAMEA10030496,R,R,R,,S,,S,S,S
ERR7911597,PRJEB48275,SAMEA10030497,R,R,S,,S,,S,S,
ERR7911598,PRJEB48275,SAMEA10030498,R,R,R,,R,,R,R,R
ERR7911599,PRJEB48275,SAMEA10030499,R,R,R,,R,,R,R,R
ERR7911600,PRJEB48275,SAMEA10030500,R,R,S,,R,,R,R,
ERR7911601,PRJEB48275,SAMEA10030501,R,R,R,,R,,R,R,R
ERR7911602,PRJEB48275,SAMEA10030502,R,R,R,,R,,R,R,R
ERR7911603,PRJEB48275,SAMEA10030503,R,R,R,,R,,R,R,R
ERR7911604,PRJEB48275,SAMEA10030504,R,R,S,,R,,R,R,
ERR7911605,PRJEB48275,SAMEA10030505,R,R,S,,R,,R,R,R
ERR7911606,PRJEB48275,SAMEA10030506,R,S,S,,R,,R,R,R
ERR7911607,PRJEB48275,SAMEA10030507,R,R,R,,R,,R,R,R
ERR7911608,PRJEB48275,SAMEA10030508,R,R,R,,R,,R,R,R
ERR7911609,PRJEB48275,SAMEA10030509,R,R,R,,R,,R,R,S
ERR7911610,PRJEB48275,SAMEA10030510,R,R,S,,S,,S,R,R
ERR7911611,PRJEB48275,SAMEA10030511,R,R,R,,R,,R,R,
ERR7911612,PRJEB48275,SAMEA10030512,R,R,R,,S,,S,R,R
ERR7911613,PRJEB48275,SAMEA10030513,R,R,R,,R,,R,R,R
ERR7911614,PRJEB48275,SAMEA10030514,R,R,S,,R,,R,R,R
ERR7911615,PRJEB48275,SAMEA10030515,R,R,S,,R,,R,R,
ERR7911616,PRJEB48275,SAMEA10030516,R,R,R,,R,,R,R,R
ERR7911617,PRJEB48275,SAMEA10030517,R,R,R,,R,,R,R,R
ERR7911618,PRJEB48275,SAMEA10030518,R,R,R,,R,,R,R,
ERR7911619,PRJEB48275,SAMEA10030519,R,R,S,,R,,R,S,
ERR7911620,PRJEB48275,SAMEA10030520,R,R,R,,R,,R,R,
ERR7911622,PRJEB48275,SAMEA10030521,R,R,S,,R,,R,R,
ERR7911623,PRJEB48275,SAMEA10030522,R,R,S,,S,,S,R,R
ERR7911624,PRJEB48275,SAMEA10030523,S,S,S,,S,,S,S,
ERR7911625,PRJEB48275,SAMEA10030524,R,R,S,,R,,R,S,
ERR7911626,PRJEB48275,SAMEA10030525,R,R,R,,R,,R,R,S
ERR7911627,PRJEB48275,SAMEA10030526,R,R,R,,R,,R,R,R
ERR7911628,PRJEB48275,SAMEA10030527,R,R,R,,R,,R,S,
ERR7911629,PRJEB48275,SAMEA10030528,R,R,S,,R,,R,R,
ERR7911630,PRJEB48275,SAMEA10030529,R,R,S,,R,,R,R,
ERR7911631,PRJEB48275,SAMEA10030530,R,R,S,,R,,R,R,
ERR7911632,PRJEB48275,SAMEA10030531,R,R,S,,R,,R,R,
ERR7911633,PRJEB48275,SAMEA10030532,R,R,S,,R,,R,R,
ERR7911634,PRJEB48275,SAMEA10030533,R,R,R,,S,,S,R,R
ERR7911635,PRJEB48275,SAMEA10030534,R,R,R,,R,,R,R,R
ERR7911636,PRJEB48275,SAMEA10030535,R,R,R,,R,,R,R,R
ERR7911637,PRJEB48275,SAMEA10030536,R,R,R,,R,,R,R,R
ERR7911638,PRJEB48275,SAMEA10030537,R,R,R,,R,,R,R,
ERR7911639,PRJEB48275,SAMEA10030538,R,R,R,,R,,R,R,R
ERR7911640,PRJEB48275,SAMEA10030539,R,R,R,,R,,R,R,R
ERR7911642,PRJEB48275,SAMEA10030540,R,R,S,,R,,R,R,
ERR7911643,PRJEB48275,SAMEA10030541,R,R,R,,R,,R,R,R
ERR7911644,PRJEB48275,SAMEA10030542,R,R,R,,R,,R,R,R
ERR7911645,PRJEB48275,SAMEA10030543,R,R,R,,R,,R,R,R
ERR7911646,PRJEB48275,SAMEA10030544,R,R,S,,R,,R,R,R
ERR7911647,PRJEB48275,SAMEA10030545,R,R,R,,S,,S,R,R
ERR7911648,PRJEB48275,SAMEA10030546,R,R,R,,R,,R,S,S
ERR7911649,PRJEB48275,SAMEA10030547,R,R,S,,S,,S,S,S
ERR7911650,PRJEB48275,SAMEA10030548,R,R,R,,R,,R,R,
ERR7911651,PRJEB48275,SAMEA10030549,R,R,S,,R,,R,R,R
ERR7911652,PRJEB48275,SAMEA10030550,R,R,R,,R,,R,R,
ERR7911653,PRJEB48275,SAMEA10030551,R,R,S,,R,,R,R,
ERR7911654,PRJEB48275,SAMEA10030552,R,R,S,,R,,R,R,R
ERR7911655,PRJEB48275,SAMEA10030553,R,R,S,,R,,R,R,R
ERR7911656,PRJEB48275,SAMEA10030554,R,R,S,,R,,R,S,S
ERR7911657,PRJEB48275,SAMEA10030555,R,R,R,,R,,R,R,S
ERR7911658,PRJEB48275,SAMEA10030556,R,R,S,,R,,R,R,R
ERR7911659,PRJEB48275,SAMEA10030557,R,R,S,,R,,R,R,R
ERR7911660,PRJEB48275,SAMEA10030558,R,R,S,,S,,R,R,R
ERR7911661,PRJEB48275,SAMEA10030559,R,R,S,,R,,R,R,R
ERR7911663,PRJEB48275,SAMEA10030560,R,R,R,,S,,S,R,R
ERR7911664,PRJEB48275,SAMEA10030561,R,R,S,,R,,R,R,
ERR7911665,PRJEB48275,SAMEA10030562,R,R,R,,R,,R,S,S
ERR7911666,PRJEB48275,SAMEA10030563,R,R,R,,R,,R,R,R
ERR7911667,PRJEB48275,SAMEA10030564,R,R,R,,R,,R,R,R
ERR7911668,PRJEB48275,SAMEA10030565,R,R,S,,R,,R,R,R
ERR7911669,PRJEB48275,SAMEA10030566,R,R,R,,R,,R,R,R
ERR7911670,PRJEB48275,SAMEA10030567,R,S,S,,R,,R,R,
ERR7911672,PRJEB48275,SAMEA10030568,R,R,R,,S,,S,R,R
ERR7911673,PRJEB48275,SAMEA10030569,R,R,R,,S,,S,R,R
ERR7911674,PRJEB48275,SAMEA10030570,R,R,R,,R,,R,R,R
ERR7911675,PRJEB48275,SAMEA10030571,R,R,R,,S,,S,R,S
ERR7911676,PRJEB48275,SAMEA10030572,R,R,R,,R,,R,R,R
ERR7911677,PRJEB48275,SAMEA10030573,R,R,R,,R,,R,R,R
ERR7911678,PRJEB48275,SAMEA10030574,R,R,R,,R,,R,R,R
ERR7911679,PRJEB48275,SAMEA10030575,R,R,S,,R,,R,R,R
ERR7911680,PRJEB48275,SAMEA10030576,R,R,S,,S,,S,S,S
ERR7911682,PRJEB48275,SAMEA10030577,R,R,R,,S,,S,R,
ERR7911683,PRJEB48275,SAMEA10030578,R,R,R,,R,,R,R,
ERR7911684,PRJEB48275,SAMEA10030579,R,R,S,,R,,R,R,
ERR7911685,PRJEB48275,SAMEA10030580,R,R,R,,R,,R,R,
ERR7911686,PRJEB48275,SAMEA10030581,R,R,R,,S,,S,S,
ERR7911687,PRJEB48275,SAMEA10030582,R,R,R,,R,,R,R,R
ERR7911688,PRJEB48275,SAMEA10030583,R,R,S,,R,,R,R,R
ERR7911689,PRJEB48275,SAMEA10030584,R,R,R,,R,,R,R,
ERR7911691,PRJEB48275,SAMEA10030585,R,R,R,,R,,R,S,S
ERR7911692,PRJEB48275,SAMEA10030586,R,R,R,,R,,R,R,R
ERR7911693,PRJEB48275,SAMEA10030587,R,R,R,,R,,R,R,S
ERR7911694,PRJEB48275,SAMEA10030588,R,R,R,,R,,R,R,
ERR7911695,PRJEB48275,SAMEA10030589,R,R,R,,R,,R,R,
ERR7911696,PRJEB48275,SAMEA10030590,R,R,R,,R,,R,R,
ERR7911697,PRJEB48275,SAMEA10030591,R,R,R,,R,,R,S,
ERR7911698,PRJEB48275,SAMEA10030592,R,R,R,,R,,R,R,
ERR7911699,PRJEB48275,SAMEA10030593,R,R,S,,S,,S,R,
ERR7911700,PRJEB48275,SAMEA10030594,R,R,R,,R,,R,S,
ERR7911701,PRJEB48275,SAMEA10030595,R,R,R,,R,,R,R,
ERR7911702,PRJEB48275,SAMEA10030597,R,R,R,,R,,R,R,
ERR7911703,PRJEB48275,SAMEA10030598,R,R,R,,R,,R,R,
ERR7911704,PRJEB48275,SAMEA10030599,R,S,S,,R,,R,R,
ERR7911705,PRJEB48275,SAMEA10030600,R,R,R,,S,,S,R,
ERR7911706,PRJEB48275,SAMEA10030601,R,R,R,,R,,S,S,
ERR7911707,PRJEB48275,SAMEA10030602,R,R,R,,R,,R,R,
ERR7911708,PRJEB48275,SAMEA10030603,R,R,S,,R,,R,R,
ERR7911460,PRJEB48275,SAMEA10030604,S,S,S,,S,,S,S,
ERR7911716,PRJEB48275,SAMEA10030605,S,S,S,,S,,S,S,
ERR7911541,PRJEB48275,SAMEA10030606,S,S,S,,S,,S,S,
ERR7911523,PRJEB48275,SAMEA10030607,S,S,S,,S,,S,S,
ERR7911759,PRJEB48275,SAMEA10030608,S,S,S,,S,,S,S,
ERR7911756,PRJEB48275,SAMEA10030609,S,S,S,,S,,S,S,
ERR7911470,PRJEB48275,SAMEA10030610,S,S,S,,S,,S,S,
ERR7911671,PRJEB48275,SAMEA10030611,S,S,S,,S,,S,S,
ERR7911754,PRJEB48275,SAMEA10030612,S,S,S,,S,,S,S,
ERR7911465,PRJEB48275,SAMEA10030613,S,S,S,,S,,S,S,
ERR7911761,PRJEB48275,SAMEA10030614,S,S,S,,S,,S,S,
ERR7911641,PRJEB48275,SAMEA10030615,S,S,S,,S,,S,S,
ERR7911561,PRJEB48275,SAMEA10030616,S,S,S,,S,,S,S,
ERR7911525,PRJEB48275,SAMEA10030617,S,S,S,,S,,S,S,
ERR7911755,PRJEB48275,SAMEA10030618,S,S,S,,S,,S,S,
ERR7911469,PRJEB48275,SAMEA10030619,S,S,S,,S,,S,S,
ERR7911681,PRJEB48275,SAMEA10030620,S,S,S,,S,,S,S,
ERR7911758,PRJEB48275,SAMEA10030621,S,S,S,,S,,S,S,
ERR7911621,PRJEB48275,SAMEA10030622,S,S,S,,S,,S,S,
ERR7911467,PRJEB48275,SAMEA10030623,S,S,S,,S,,S,S,
ERR7911452,PRJEB48275,SAMEA10030624,S,S,S,,S,,S,S,
ERR7911457,PRJEB48275,SAMEA10030625,S,S,S,,S,,S,S,
ERR7911751,PRJEB48275,SAMEA10030626,S,S,S,,S,,S,S,
ERR7911454,PRJEB48275,SAMEA10030627,S,S,S,,S,,S,S,
ERR7911762,PRJEB48275,SAMEA10030628,S,S,S,,S,,S,S,
ERR7911757,PRJEB48275,SAMEA10030629,S,S,S,,S,,S,S,
ERR7911461,PRJEB48275,SAMEA10030630,S,S,S,,S,,S,S,
ERR7911690,PRJEB48275,SAMEA10030631,S,S,S,,S,,S,S,
ERR7911463,PRJEB48275,SAMEA10030632,R,S,S,,S,,S,S,
ERR7911468,PRJEB48275,SAMEA10030633,S,S,S,,S,,S,S,
ERR7911459,PRJEB48275,SAMEA10030634,S,S,S,,S,,S,S,
ERR7911764,PRJEB48275,SAMEA10030635,S,S,S,,S,,S,S,
ERR7911494,PRJEB48275,SAMEA10030636,S,S,S,,S,,S,R,
ERR7911763,PRJEB48275,SAMEA10030637,S,S,S,,S,,S,S,
ERR7911453,PRJEB48275,SAMEA10030638,S,S,S,,S,,S,S,
ERR7911760,PRJEB48275,SAMEA10030639,S,S,S,,S,,S,S,
ERR7911466,PRJEB48275,SAMEA10030640,S,S,S,,S,,S,S,
ERR7911462,PRJEB48275,SAMEA10030641,S,S,S,,S,,S,S,
ERR7911662,PRJEB48275,SAMEA10030642,S,S,S,,S,,S,R,
ERR7911455,PRJEB48275,SAMEA10030643,S,S,S,,S,,S,S,
ERR7911522,PRJEB48275,SAMEA10030644,S,S,S,,S,,S,S,
ERR7911451,PRJEB48275,SAMEA10030645,S,S,S,,S,,S,S,
ERR7911456,PRJEB48275,SAMEA10030646,S,S,S,,S,,S,S,
ERR7911458,PRJEB48275,SAMEA10030647,S,S,S,,S,,S,S,
ERR7911473,PRJEB48275,SAMEA10030648,S,S,S,,S,,S,S,
ERR7911521,PRJEB48275,SAMEA10030649,S,S,S,,S,,S,S,
