run,isoniazid,pyrazinamide,ethambutol,ethionamide,kanamycin,bioproject,biosample
ERR4553759,R,S,R,R,S,PRJEB39569,SAMEA7280501
ERR4553763,,R,R,S,S,PRJEB39569,SAMEA7280505
ERR4553774,R,R,R,R,S,PRJEB39569,SAMEA7280516
ERR4553775,R,R,S,S,S,PRJEB39569,SAMEA7280517
ERR4553785,R,R,R,S,S,PRJEB39569,SAMEA7280527
ERR4553789,R,R,R,R,S,PRJEB39569,SAMEA7280531
ERR4553795,R,S,R,R,S,PRJEB39569,SAMEA7280537
ERR4553895,R,S,R,R,S,PRJEB39569,SAMEA7280637
ERR4553906,R,S,R,R,S,PRJEB39569,SAMEA7280648
ERR4553908,R,S,R,R,S,PRJEB39569,SAMEA7280650
ERR4553910,,S,S,S,S,PRJEB39569,SAMEA7280652
ERR4553507,R,S,R,S,S,PRJEB39569,SAMEA7280249
ERR4553663,R,R,R,S,S,PRJEB39569,SAMEA7280405
ERR4553667,R,R,R,S,S,PRJEB39569,SAMEA7280409
ERR4553668,R,R,S,S,S,PRJEB39569,SAMEA7280410
ERR4553680,R,S,R,S,S,PRJEB39569,SAMEA7280422
ERR4553683,R,R,R,S,S,PRJEB39569,SAMEA7280425
ERR4553684,R,S,R,S,S,PRJEB39569,SAMEA7280426
ERR4553406,,S,R,S,S,PRJEB39569,SAMEA7280148
ERR4553408,,S,S,S,S,PRJEB39569,SAMEA7280150
ERR4553409,,S,S,S,S,PRJEB39569,SAMEA7280151
ERR4553410,,S,S,S,S,PRJEB39569,SAMEA7280152
ERR4553411,,S,R,R,S,PRJEB39569,SAMEA7280153
ERR4553821,R,R,R,S,S,PRJEB39569,SAMEA7280563
ERR4553564,R,S,R,S,S,PRJEB39569,SAMEA7280306
ERR4553419,,S,S,R,S,PRJEB39569,SAMEA7280161
ERR4553420,,S,R,S,S,PRJEB39569,SAMEA7280162
ERR4553421,,S,S,S,S,PRJEB39569,SAMEA7280163
ERR4553422,,S,S,S,S,PRJEB39569,SAMEA7280164
ERR4553423,,S,R,S,S,PRJEB39569,SAMEA7280165
ERR4553424,R,S,S,S,S,PRJEB39569,SAMEA7280166
ERR4553425,R,R,R,R,S,PRJEB39569,SAMEA7280167
ERR4553433,,R,R,S,S,PRJEB39569,SAMEA7280175
ERR4553434,,S,S,S,S,PRJEB39569,SAMEA7280176
ERR4553435,,S,R,S,S,PRJEB39569,SAMEA7280177
ERR4553437,,R,R,S,S,PRJEB39569,SAMEA7280179
ERR4553438,,S,R,S,S,PRJEB39569,SAMEA7280180
ERR4553439,,S,R,R,S,PRJEB39569,SAMEA7280181
ERR4553447,,S,R,S,S,PRJEB39569,SAMEA7280189
ERR4553448,,S,R,S,S,PRJEB39569,SAMEA7280190
ERR4553449,,S,S,S,S,PRJEB39569,SAMEA7280191
ERR4553450,,S,S,S,S,PRJEB39569,SAMEA7280192
ERR4553451,,S,S,S,S,PRJEB39569,SAMEA7280193
ERR4553452,,R,R,S,S,PRJEB39569,SAMEA7280194
ERR4553453,,S,S,S,S,PRJEB39569,SAMEA7280195
ERR4553461,,S,S,S,S,PRJEB39569,SAMEA7280203
ERR4553462,,S,R,S,S,PRJEB39569,SAMEA7280204
ERR4553463,,S,R,S,S,PRJEB39569,SAMEA7280205
ERR4553464,,S,S,S,S,PRJEB39569,SAMEA7280206
ERR4553465,,R,R,R,S,PRJEB39569,SAMEA7280207
ERR4553466,,S,R,S,S,PRJEB39569,SAMEA7280208
ERR4553467,,R,R,S,S,PRJEB39569,SAMEA7280209
ERR4553475,,S,R,S,S,PRJEB39569,SAMEA7280217
ERR4553476,,S,S,S,S,PRJEB39569,SAMEA7280218
ERR4553478,,R,R,R,S,PRJEB39569,SAMEA7280220
ERR4553479,,S,R,R,S,PRJEB39569,SAMEA7280221
ERR4553489,,S,S,S,S,PRJEB39569,SAMEA7280231
ERR4553490,,S,S,R,S,PRJEB39569,SAMEA7280232
ERR4553492,,R,R,S,S,PRJEB39569,SAMEA7280234
ERR4553493,,R,S,S,S,PRJEB39569,SAMEA7280235
ERR4553495,,S,R,S,S,PRJEB39569,SAMEA7280237
ERR4553503,,S,R,S,S,PRJEB39569,SAMEA7280245
ERR4553504,,S,R,S,S,PRJEB39569,SAMEA7280246
ERR4553505,,S,R,S,S,PRJEB39569,SAMEA7280247
ERR4553509,,S,S,S,S,PRJEB39569,SAMEA7280251
ERR4553510,,R,R,S,S,PRJEB39569,SAMEA7280252
ERR4553518,,S,R,R,S,PRJEB39569,SAMEA7280260
ERR4553519,,S,S,R,S,PRJEB39569,SAMEA7280261
ERR4553521,,S,R,R,S,PRJEB39569,SAMEA7280263
ERR4553522,,S,R,S,S,PRJEB39569,SAMEA7280264
ERR4553524,,R,S,S,S,PRJEB39569,SAMEA7280266
ERR4553532,,S,S,S,S,PRJEB39569,SAMEA7280274
ERR4553533,,S,R,R,S,PRJEB39569,SAMEA7280275
ERR4553534,,R,R,R,S,PRJEB39569,SAMEA7280276
ERR4553536,,S,S,S,S,PRJEB39569,SAMEA7280278
ERR4553537,,S,R,S,S,PRJEB39569,SAMEA7280279
ERR4553538,,S,R,S,S,PRJEB39569,SAMEA7280280
ERR4553546,,S,R,S,S,PRJEB39569,SAMEA7280288
ERR4553547,,S,R,R,S,PRJEB39569,SAMEA7280289
ERR4553549,,R,R,S,S,PRJEB39569,SAMEA7280291
ERR4553550,,R,R,S,S,PRJEB39569,SAMEA7280292
ERR4553551,,S,R,R,S,PRJEB39569,SAMEA7280293
ERR4553552,,S,S,S,S,PRJEB39569,SAMEA7280294
ERR4553561,,S,R,S,S,PRJEB39569,SAMEA7280303
ERR4553563,,S,S,S,S,PRJEB39569,SAMEA7280305
ERR4553565,,R,S,R,S,PRJEB39569,SAMEA7280307
ERR4553568,,R,R,S,S,PRJEB39569,SAMEA7280310
ERR4553578,,R,R,R,S,PRJEB39569,SAMEA7280320
ERR4553579,,S,R,R,S,PRJEB39569,SAMEA7280321
ERR4553580,,S,R,S,S,PRJEB39569,SAMEA7280322
ERR4553581,,S,S,S,S,PRJEB39569,SAMEA7280323
ERR4553582,,R,R,R,S,PRJEB39569,SAMEA7280324
ERR4553583,,S,S,S,S,PRJEB39569,SAMEA7280325
ERR4553584,,S,R,S,S,PRJEB39569,SAMEA7280326
ERR4553593,,R,R,S,S,PRJEB39569,SAMEA7280335
ERR4553594,,R,R,S,S,PRJEB39569,SAMEA7280336
ERR4553595,,R,R,S,S,PRJEB39569,SAMEA7280337
ERR4553597,,S,R,R,S,PRJEB39569,SAMEA7280339
ERR4553598,,R,R,R,S,PRJEB39569,SAMEA7280340
ERR4553599,,S,S,S,S,PRJEB39569,SAMEA7280341
ERR4553607,,R,R,S,S,PRJEB39569,SAMEA7280349
ERR4553609,,S,S,S,S,PRJEB39569,SAMEA7280351
ERR4553610,,S,S,S,S,PRJEB39569,SAMEA7280352
ERR4553611,,S,S,S,S,PRJEB39569,SAMEA7280353
ERR4553612,R,S,S,R,S,PRJEB39569,SAMEA7280354
ERR4553622,,S,R,R,S,PRJEB39569,SAMEA7280364
ERR4553623,,S,S,S,S,PRJEB39569,SAMEA7280365
ERR4553624,,S,S,S,S,PRJEB39569,SAMEA7280366
ERR4553626,,R,S,S,S,PRJEB39569,SAMEA7280368
ERR4553627,,S,S,S,S,PRJEB39569,SAMEA7280369
ERR4553628,,S,R,R,S,PRJEB39569,SAMEA7280370
ERR4553638,,S,R,S,S,PRJEB39569,SAMEA7280380
ERR4553639,,S,S,S,S,PRJEB39569,SAMEA7280381
ERR4553640,,S,S,S,S,PRJEB39569,SAMEA7280382
ERR4553641,,S,R,S,S,PRJEB39569,SAMEA7280383
ERR4553642,,S,R,S,S,PRJEB39569,SAMEA7280384
ERR4553652,,S,S,S,S,PRJEB39569,SAMEA7280394
ERR4553654,,S,R,R,S,PRJEB39569,SAMEA7280396
ERR4553655,S,S,S,S,S,PRJEB39569,SAMEA7280397
ERR4553656,,S,S,R,S,PRJEB39569,SAMEA7280398
ERR4553657,,S,R,S,S,PRJEB39569,SAMEA7280399
ERR4553658,,S,R,S,S,PRJEB39569,SAMEA7280400
ERR4553671,,R,R,S,S,PRJEB39569,SAMEA7280413
ERR4553672,,S,S,S,S,PRJEB39569,SAMEA7280414
ERR4553673,,R,R,S,S,PRJEB39569,SAMEA7280415
ERR4553675,,S,R,S,S,PRJEB39569,SAMEA7280417
ERR4553676,,S,R,S,S,PRJEB39569,SAMEA7280418
ERR4553677,R,S,R,S,S,PRJEB39569,SAMEA7280419
ERR4553688,,S,S,R,S,PRJEB39569,SAMEA7280430
ERR4553690,,S,R,S,S,PRJEB39569,SAMEA7280432
ERR4553691,,S,R,S,S,PRJEB39569,SAMEA7280433
ERR4553692,,S,R,S,S,PRJEB39569,SAMEA7280434
ERR4553693,,S,S,S,S,PRJEB39569,SAMEA7280435
ERR4553696,R,S,S,S,S,PRJEB39569,SAMEA7280438
ERR4553697,,S,R,S,S,PRJEB39569,SAMEA7280439
ERR4553705,,S,R,S,S,PRJEB39569,SAMEA7280447
ERR4553706,,S,R,S,S,PRJEB39569,SAMEA7280448
ERR4553707,,S,S,S,S,PRJEB39569,SAMEA7280449
ERR4553708,,S,R,S,S,PRJEB39569,SAMEA7280450
ERR4553709,,S,S,S,S,PRJEB39569,SAMEA7280451
ERR4553711,,S,R,S,S,PRJEB39569,SAMEA7280453
ERR4553712,,R,R,S,S,PRJEB39569,SAMEA7280454
ERR4553722,,S,S,R,S,PRJEB39569,SAMEA7280464
ERR4553723,,S,S,S,S,PRJEB39569,SAMEA7280465
ERR4553725,,R,R,R,S,PRJEB39569,SAMEA7280467
ERR4553726,,R,R,R,S,PRJEB39569,SAMEA7280468
ERR4553727,,S,S,S,S,PRJEB39569,SAMEA7280469
ERR4553728,,R,R,S,S,PRJEB39569,SAMEA7280470
ERR4553729,,S,R,S,S,PRJEB39569,SAMEA7280471
ERR4553737,,S,S,S,S,PRJEB39569,SAMEA7280479
ERR4553738,,S,R,S,S,PRJEB39569,SAMEA7280480
ERR4553739,,R,R,S,S,PRJEB39569,SAMEA7280481
ERR4553740,,S,R,S,S,PRJEB39569,SAMEA7280482
ERR4553741,,R,R,S,S,PRJEB39569,SAMEA7280483
ERR4553742,,R,R,R,S,PRJEB39569,SAMEA7280484
ERR4553743,,S,S,R,S,PRJEB39569,SAMEA7280485
ERR4553751,,S,R,S,S,PRJEB39569,SAMEA7280493
ERR4553752,,R,R,S,S,PRJEB39569,SAMEA7280494
ERR4553754,,R,R,S,S,PRJEB39569,SAMEA7280496
ERR4553753,,S,R,S,S,PRJEB39569,SAMEA7280495
ERR4553755,,R,R,R,S,PRJEB39569,SAMEA7280497
ERR4553756,,S,S,S,S,PRJEB39569,SAMEA7280498
ERR4553757,,S,R,S,S,PRJEB39569,SAMEA7280499
ERR4553767,,S,R,S,S,PRJEB39569,SAMEA7280509
ERR4553768,,S,R,S,S,PRJEB39569,SAMEA7280510
ERR4553769,,R,R,S,S,PRJEB39569,SAMEA7280511
ERR4553770,,S,R,S,S,PRJEB39569,SAMEA7280512
ERR4553771,,S,R,R,S,PRJEB39569,SAMEA7280513
ERR4553772,,S,S,R,S,PRJEB39569,SAMEA7280514
ERR4553773,,S,S,R,S,PRJEB39569,SAMEA7280515
ERR4553783,,S,S,R,S,PRJEB39569,SAMEA7280525
ERR4553784,,S,R,R,S,PRJEB39569,SAMEA7280526
ERR4553786,,S,S,R,S,PRJEB39569,SAMEA7280528
ERR4553787,,S,S,S,S,PRJEB39569,SAMEA7280529
ERR4553788,,S,R,S,S,PRJEB39569,SAMEA7280530
ERR4553790,,S,R,S,S,PRJEB39569,SAMEA7280532
ERR4553791,,R,S,S,S,PRJEB39569,SAMEA7280533
ERR4553801,,S,R,S,S,PRJEB39569,SAMEA7280543
ERR4553802,,S,R,S,S,PRJEB39569,SAMEA7280544
ERR4553804,,R,R,S,S,PRJEB39569,SAMEA7280546
ERR4553805,R,R,R,S,S,PRJEB39569,SAMEA7280547
ERR4553806,,R,R,S,S,PRJEB39569,SAMEA7280548
ERR4553807,,S,R,S,S,PRJEB39569,SAMEA7280549
ERR4553815,,R,S,S,S,PRJEB39569,SAMEA7280557
ERR4553816,,R,S,R,S,PRJEB39569,SAMEA7280558
ERR4553817,,S,S,S,S,PRJEB39569,SAMEA7280559
ERR4553818,,S,S,S,S,PRJEB39569,SAMEA7280560
ERR4553819,,S,S,S,S,PRJEB39569,SAMEA7280561
ERR4553820,,S,R,R,S,PRJEB39569,SAMEA7280562
ERR4553822,,S,S,R,S,PRJEB39569,SAMEA7280564
ERR4553830,,S,R,S,S,PRJEB39569,SAMEA7280572
ERR4553831,,R,R,S,S,PRJEB39569,SAMEA7280573
ERR4553833,,S,R,S,S,PRJEB39569,SAMEA7280575
ERR4553835,,S,S,S,S,PRJEB39569,SAMEA7280577
ERR4553836,,S,R,S,S,PRJEB39569,SAMEA7280578
ERR4553837,,R,R,S,S,PRJEB39569,SAMEA7280579
ERR4553846,,S,R,S,S,PRJEB39569,SAMEA7280588
ERR4553847,,S,S,S,S,PRJEB39569,SAMEA7280589
ERR4553848,,R,S,S,S,PRJEB39569,SAMEA7280590
ERR4553849,,S,R,S,S,PRJEB39569,SAMEA7280591
ERR4553850,,S,S,S,S,PRJEB39569,SAMEA7280592
ERR4553851,,S,R,S,S,PRJEB39569,SAMEA7280593
ERR4553852,,S,S,R,S,PRJEB39569,SAMEA7280594
ERR4553860,,R,R,S,S,PRJEB39569,SAMEA7280602
ERR4553861,,S,R,S,S,PRJEB39569,SAMEA7280603
ERR4553862,,S,R,S,S,PRJEB39569,SAMEA7280604
ERR4553864,,S,R,S,S,PRJEB39569,SAMEA7280606
ERR4553865,,R,R,S,S,PRJEB39569,SAMEA7280607
ERR4553866,,R,R,S,S,PRJEB39569,SAMEA7280608
ERR4553878,,R,S,S,S,PRJEB39569,SAMEA7280620
ERR4553881,,S,R,S,S,PRJEB39569,SAMEA7280623
ERR4553901,,R,R,S,S,PRJEB39569,SAMEA7280643
ERR4553916,R,S,R,R,S,PRJEB39569,SAMEA7280658
ERR4553918,R,R,R,S,S,PRJEB39569,SAMEA7280660
ERR4553920,R,R,R,S,S,PRJEB39569,SAMEA7280662
ERR4553929,R,S,R,S,S,PRJEB39569,SAMEA7280672
ERR4553934,R,S,R,S,S,PRJEB39569,SAMEA7280677
ERR4553943,R,S,R,S,S,PRJEB39569,SAMEA7280686
ERR4553944,R,R,R,R,S,PRJEB39569,SAMEA7280687
ERR4553947,R,R,R,S,S,PRJEB39569,SAMEA7280690
ERR4553949,R,R,R,S,S,PRJEB39569,SAMEA7280692
ERR4553957,R,S,S,S,S,PRJEB39569,SAMEA7280700
ERR4553958,R,S,R,S,S,PRJEB39569,SAMEA7280701
ERR4553960,R,S,R,S,S,PRJEB39569,SAMEA7280703
ERR4553963,R,S,R,S,S,PRJEB39569,SAMEA7280706
ERR4553412,,S,S,S,S,PRJEB39569,SAMEA7280154
ERR4553413,,S,R,R,S,PRJEB39569,SAMEA7280155
ERR4553414,,S,R,S,S,PRJEB39569,SAMEA7280156
ERR4553415,,R,R,S,S,PRJEB39569,SAMEA7280157
ERR4553416,,S,R,R,S,PRJEB39569,SAMEA7280158
ERR4553417,,R,S,R,S,PRJEB39569,SAMEA7280159
ERR4553426,,S,R,S,S,PRJEB39569,SAMEA7280168
ERR4553428,,S,R,S,S,PRJEB39569,SAMEA7280170
ERR4553430,,S,R,S,S,PRJEB39569,SAMEA7280172
ERR4553431,S,S,S,S,S,PRJEB39569,SAMEA7280173
ERR4553432,,S,S,R,S,PRJEB39569,SAMEA7280174
ERR4553441,,R,R,S,S,PRJEB39569,SAMEA7280183
ERR4553443,,R,R,R,S,PRJEB39569,SAMEA7280185
ERR4553445,,S,R,S,S,PRJEB39569,SAMEA7280187
ERR4553455,,R,R,S,S,PRJEB39569,SAMEA7280197
ERR4553456,,R,R,S,S,PRJEB39569,SAMEA7280198
ERR4553457,,R,R,S,S,PRJEB39569,SAMEA7280199
ERR4553458,,S,R,S,S,PRJEB39569,SAMEA7280200
ERR4553460,,S,R,S,S,PRJEB39569,SAMEA7280202
ERR4553468,,S,R,S,S,PRJEB39569,SAMEA7280210
ERR4553469,,S,R,S,S,PRJEB39569,SAMEA7280211
ERR4553470,,S,R,S,S,PRJEB39569,SAMEA7280212
ERR4553471,,S,R,S,S,PRJEB39569,SAMEA7280213
ERR4553472,,S,R,S,S,PRJEB39569,SAMEA7280214
ERR4553473,,R,R,S,S,PRJEB39569,SAMEA7280215
ERR4553474,,S,S,S,S,PRJEB39569,SAMEA7280216
ERR4553482,,S,R,S,S,PRJEB39569,SAMEA7280224
ERR4553483,,R,R,S,S,PRJEB39569,SAMEA7280225
ERR4553484,,S,S,S,S,PRJEB39569,SAMEA7280226
ERR4553485,,R,R,S,S,PRJEB39569,SAMEA7280227
ERR4553486,,S,R,S,S,PRJEB39569,SAMEA7280228
ERR4553487,R,S,R,S,S,PRJEB39569,SAMEA7280229
ERR4553488,,S,R,S,S,PRJEB39569,SAMEA7280230
ERR4553496,,S,R,S,S,PRJEB39569,SAMEA7280238
ERR4553497,,S,S,S,S,PRJEB39569,SAMEA7280239
ERR4553499,R,S,R,S,S,PRJEB39569,SAMEA7280241
ERR4553500,R,S,R,S,S,PRJEB39569,SAMEA7280242
ERR4553501,,R,S,R,S,PRJEB39569,SAMEA7280243
ERR4553502,,S,S,R,S,PRJEB39569,SAMEA7280244
ERR4553511,,R,S,S,S,PRJEB39569,SAMEA7280253
ERR4553512,,S,R,R,S,PRJEB39569,SAMEA7280254
ERR4553513,,R,S,S,S,PRJEB39569,SAMEA7280255
ERR4553514,,R,R,S,S,PRJEB39569,SAMEA7280256
ERR4553515,,S,S,S,S,PRJEB39569,SAMEA7280257
ERR4553516,,S,R,S,S,PRJEB39569,SAMEA7280258
ERR4553517,,S,R,S,S,PRJEB39569,SAMEA7280259
ERR4553525,,R,R,S,S,PRJEB39569,SAMEA7280267
ERR4553526,,S,S,S,S,PRJEB39569,SAMEA7280268
ERR4553527,,R,R,S,S,PRJEB39569,SAMEA7280269
ERR4553528,R,S,S,R,S,PRJEB39569,SAMEA7280270
ERR4553529,,S,S,S,S,PRJEB39569,SAMEA7280271
ERR4553530,,S,R,S,S,PRJEB39569,SAMEA7280272
ERR4553539,,S,R,S,S,PRJEB39569,SAMEA7280281
ERR4553540,,R,R,S,S,PRJEB39569,SAMEA7280282
ERR4553541,,R,R,S,S,PRJEB39569,SAMEA7280283
ERR4553542,,S,R,S,S,PRJEB39569,SAMEA7280284
ERR4553543,,S,R,S,S,PRJEB39569,SAMEA7280285
ERR4553544,,S,R,S,S,PRJEB39569,SAMEA7280286
ERR4553545,,R,R,S,S,PRJEB39569,SAMEA7280287
ERR4553553,,S,R,S,S,PRJEB39569,SAMEA7280295
ERR4553554,,S,S,S,S,PRJEB39569,SAMEA7280296
ERR4553555,R,S,R,R,S,PRJEB39569,SAMEA7280297
ERR4553556,,S,S,S,S,PRJEB39569,SAMEA7280298
ERR4553557,,S,S,S,S,PRJEB39569,SAMEA7280299
ERR4553558,,S,S,R,S,PRJEB39569,SAMEA7280300
ERR4553559,,R,S,S,S,PRJEB39569,SAMEA7280301
ERR4553571,,S,R,R,S,PRJEB39569,SAMEA7280313
ERR4553573,,R,R,S,S,PRJEB39569,SAMEA7280315
ERR4553574,,S,R,S,S,PRJEB39569,SAMEA7280316
ERR4553575,,S,S,S,S,PRJEB39569,SAMEA7280317
ERR4553587,,S,R,R,S,PRJEB39569,SAMEA7280329
ERR4553588,,S,R,S,S,PRJEB39569,SAMEA7280330
ERR4553589,,S,S,S,S,PRJEB39569,SAMEA7280331
ERR4553591,,S,S,S,S,PRJEB39569,SAMEA7280333
ERR4553592,,R,R,S,S,PRJEB39569,SAMEA7280334
ERR4553600,,S,R,R,S,PRJEB39569,SAMEA7280342
ERR4553601,,S,S,S,S,PRJEB39569,SAMEA7280343
ERR4553602,,R,S,S,S,PRJEB39569,SAMEA7280344
ERR4553603,,S,R,R,S,PRJEB39569,SAMEA7280345
ERR4553604,,R,R,S,S,PRJEB39569,SAMEA7280346
ERR4553605,,S,R,S,S,PRJEB39569,SAMEA7280347
ERR4553606,,R,R,S,S,PRJEB39569,SAMEA7280348
ERR4553615,,S,R,R,S,PRJEB39569,SAMEA7280357
ERR4553616,,S,R,S,S,PRJEB39569,SAMEA7280358
ERR4553617,,S,R,S,S,PRJEB39569,SAMEA7280359
ERR4553618,,R,S,S,S,PRJEB39569,SAMEA7280360
ERR4553619,,R,S,S,S,PRJEB39569,SAMEA7280361
ERR4553620,S,S,R,S,S,PRJEB39569,SAMEA7280362
ERR4553621,,S,R,S,S,PRJEB39569,SAMEA7280363
ERR4553630,,R,S,R,S,PRJEB39569,SAMEA7280372
ERR4553631,,S,S,S,S,PRJEB39569,SAMEA7280373
ERR4553632,,S,S,R,S,PRJEB39569,SAMEA7280374
ERR4553633,,S,R,S,S,PRJEB39569,SAMEA7280375
ERR4553635,,R,R,S,S,PRJEB39569,SAMEA7280377
ERR4553643,,S,R,S,S,PRJEB39569,SAMEA7280385
ERR4553646,,S,R,S,S,PRJEB39569,SAMEA7280388
ERR4553647,,S,R,S,S,PRJEB39569,SAMEA7280389
ERR4553648,,S,S,S,S,PRJEB39569,SAMEA7280390
ERR4553651,,S,R,R,S,PRJEB39569,SAMEA7280393
ERR4553661,,R,R,S,S,PRJEB39569,SAMEA7280403
ERR4553662,,S,R,R,S,PRJEB39569,SAMEA7280404
ERR4553666,,S,R,S,S,PRJEB39569,SAMEA7280408
ERR4553669,,R,R,S,S,PRJEB39569,SAMEA7280411
ERR4553670,,S,R,S,S,PRJEB39569,SAMEA7280412
ERR4553679,,S,R,S,S,PRJEB39569,SAMEA7280421
ERR4553682,S,S,S,S,S,PRJEB39569,SAMEA7280424
ERR4553685,,S,R,R,S,PRJEB39569,SAMEA7280427
ERR4553686,,S,S,R,S,PRJEB39569,SAMEA7280428
ERR4553687,R,S,S,R,S,PRJEB39569,SAMEA7280429
ERR4553698,,S,R,S,S,PRJEB39569,SAMEA7280440
ERR4553699,,S,R,S,S,PRJEB39569,SAMEA7280441
ERR4553700,,R,R,S,S,PRJEB39569,SAMEA7280442
ERR4553701,R,S,R,R,S,PRJEB39569,SAMEA7280443
ERR4553703,,R,R,S,S,PRJEB39569,SAMEA7280445
ERR4553704,,S,S,S,S,PRJEB39569,SAMEA7280446
ERR4553714,,S,S,S,S,PRJEB39569,SAMEA7280456
ERR4553715,,S,R,S,S,PRJEB39569,SAMEA7280457
ERR4553716,R,R,S,S,S,PRJEB39569,SAMEA7280458
ERR4553718,,R,R,S,S,PRJEB39569,SAMEA7280460
ERR4553719,,S,R,S,S,PRJEB39569,SAMEA7280461
ERR4553720,,S,S,S,S,PRJEB39569,SAMEA7280462
ERR4553721,,S,S,S,S,PRJEB39569,SAMEA7280463
ERR4553730,,S,R,S,S,PRJEB39569,SAMEA7280472
ERR4553731,,S,R,S,S,PRJEB39569,SAMEA7280473
ERR4553732,,R,R,S,S,PRJEB39569,SAMEA7280474
ERR4553733,,R,R,S,S,PRJEB39569,SAMEA7280475
ERR4553734,R,S,S,S,S,PRJEB39569,SAMEA7280476
ERR4553736,,S,R,S,S,PRJEB39569,SAMEA7280478
ERR4553744,,S,S,S,S,PRJEB39569,SAMEA7280486
ERR4553746,,S,R,S,S,PRJEB39569,SAMEA7280488
ERR4553747,,S,R,S,S,PRJEB39569,SAMEA7280489
ERR4553748,,S,S,S,S,PRJEB39569,SAMEA7280490
ERR4553749,,R,R,R,S,PRJEB39569,SAMEA7280491
ERR4553750,,S,S,S,S,PRJEB39569,SAMEA7280492
ERR4553758,,S,S,R,S,PRJEB39569,SAMEA7280500
ERR4553760,,R,R,S,S,PRJEB39569,SAMEA7280502
ERR4553761,,S,R,S,S,PRJEB39569,SAMEA7280503
ERR4553762,,S,R,S,S,PRJEB39569,SAMEA7280504
ERR4553765,,R,R,S,S,PRJEB39569,SAMEA7280507
ERR4553766,R,S,R,R,S,PRJEB39569,SAMEA7280508
ERR4553776,,R,R,R,S,PRJEB39569,SAMEA7280518
ERR4553777,,S,R,R,S,PRJEB39569,SAMEA7280519
ERR4553779,,R,R,R,S,PRJEB39569,SAMEA7280521
ERR4553780,,S,S,R,S,PRJEB39569,SAMEA7280522
ERR4553781,,R,R,S,S,PRJEB39569,SAMEA7280523
ERR4553782,,R,R,R,S,PRJEB39569,SAMEA7280524
ERR4553792,,R,R,R,S,PRJEB39569,SAMEA7280534
ERR4553794,,S,R,S,S,PRJEB39569,SAMEA7280536
ERR4553796,,S,R,S,S,PRJEB39569,SAMEA7280538
ERR4553797,,S,R,S,S,PRJEB39569,SAMEA7280539
ERR4553798,,R,S,S,S,PRJEB39569,SAMEA7280540
ERR4553799,,R,S,S,S,PRJEB39569,SAMEA7280541
ERR4553800,,S,R,S,S,PRJEB39569,SAMEA7280542
ERR4553808,,S,S,S,S,PRJEB39569,SAMEA7280550
ERR4553810,,R,R,S,S,PRJEB39569,SAMEA7280552
ERR4553811,,S,R,S,S,PRJEB39569,SAMEA7280553
ERR4553812,,R,S,S,S,PRJEB39569,SAMEA7280554
ERR4553813,R,R,R,R,S,PRJEB39569,SAMEA7280555
ERR4553814,,R,R,S,S,PRJEB39569,SAMEA7280556
ERR4553824,,S,R,S,S,PRJEB39569,SAMEA7280566
ERR4553825,,R,R,R,S,PRJEB39569,SAMEA7280567
ERR4553826,,S,R,R,S,PRJEB39569,SAMEA7280568
ERR4553828,,S,S,S,S,PRJEB39569,SAMEA7280570
ERR4553793,,S,R,S,S,PRJEB39569,SAMEA7280535
ERR4553829,,R,R,R,S,PRJEB39569,SAMEA7280571
ERR4553838,,S,S,R,S,PRJEB39569,SAMEA7280580
ERR4553839,,S,S,S,S,PRJEB39569,SAMEA7280581
ERR4553840,,R,S,R,R,PRJEB39569,SAMEA7280582
ERR4553843,,S,S,S,S,PRJEB39569,SAMEA7280585
ERR4553844,,R,S,S,S,PRJEB39569,SAMEA7280586
ERR4553845,S,S,S,S,S,PRJEB39569,SAMEA7280587
ERR4553853,,S,R,R,S,PRJEB39569,SAMEA7280595
ERR4553854,,S,S,S,S,PRJEB39569,SAMEA7280596
ERR4553855,,R,S,S,S,PRJEB39569,SAMEA7280597
ERR4553856,,R,R,S,S,PRJEB39569,SAMEA7280598
ERR4553857,,S,R,S,S,PRJEB39569,SAMEA7280599
ERR4553858,R,S,R,R,S,PRJEB39569,SAMEA7280600
ERR4553859,,S,S,S,S,PRJEB39569,SAMEA7280601
ERR4553867,,S,S,S,S,PRJEB39569,SAMEA7280609
ERR4553869,,R,R,R,S,PRJEB39569,SAMEA7280611
ERR4553871,,R,R,R,S,PRJEB39569,SAMEA7280613
ERR4553873,,S,S,S,S,PRJEB39569,SAMEA7280615
ERR4553875,,S,S,R,S,PRJEB39569,SAMEA7280617
ERR4553876,,S,S,S,S,PRJEB39569,SAMEA7280618
ERR4553905,,S,S,S,R,PRJEB39569,SAMEA7280647
ERR4553907,,R,R,S,S,PRJEB39569,SAMEA7280649
ERR4553913,R,R,R,S,S,PRJEB39569,SAMEA7280655
ERR4553914,R,S,S,S,S,PRJEB39569,SAMEA7280656
ERR4553923,R,S,S,S,S,PRJEB39569,SAMEA7280665
ERR4553925,R,R,R,S,S,PRJEB39569,SAMEA7280667
ERR4553927,R,S,R,S,S,PRJEB39569,SAMEA7280670
ERR4553928,R,S,S,S,R,PRJEB39569,SAMEA7280671
ERR4553937,R,S,R,R,R,PRJEB39569,SAMEA7280680
ERR4553938,R,S,R,R,S,PRJEB39569,SAMEA7280681
ERR4553942,R,S,R,S,S,PRJEB39569,SAMEA7280685
ERR4553950,R,R,R,R,R,PRJEB39569,SAMEA7280693
ERR4553952,R,S,R,R,S,PRJEB39569,SAMEA7280695
ERR4553955,R,R,R,S,S,PRJEB39569,SAMEA7280698
ERR4553956,R,S,R,R,S,PRJEB39569,SAMEA7280699
ERR4553964,R,S,R,S,S,PRJEB39569,SAMEA7280707
ERR4553965,R,S,S,S,S,PRJEB39569,SAMEA7280708
ERR4553827,R,R,R,S,S,PRJEB39569,SAMEA7280569
ERR4553834,R,R,S,S,S,PRJEB39569,SAMEA7280576
ERR4553870,,R,R,S,S,PRJEB39569,SAMEA7280612
ERR4553872,R,R,R,S,S,PRJEB39569,SAMEA7280614
ERR4553874,R,S,R,S,S,PRJEB39569,SAMEA7280616
ERR4553877,R,R,R,S,S,PRJEB39569,SAMEA7280619
ERR4553879,R,R,R,S,S,PRJEB39569,SAMEA7280621
ERR4553885,R,R,R,S,S,PRJEB39569,SAMEA7280627
ERR4553566,R,R,R,S,S,PRJEB39569,SAMEA7280308
ERR4553567,R,S,R,R,S,PRJEB39569,SAMEA7280309
ERR4553572,,R,S,S,S,PRJEB39569,SAMEA7280314
ERR4553585,R,S,R,R,S,PRJEB39569,SAMEA7280327
ERR4553649,R,R,R,S,S,PRJEB39569,SAMEA7280391
ERR4553650,R,R,R,S,S,PRJEB39569,SAMEA7280392
ERR4553653,R,R,R,R,R,PRJEB39569,SAMEA7280395
ERR4553689,R,R,S,S,S,PRJEB39569,SAMEA7280431
ERR4553694,R,S,R,R,S,PRJEB39569,SAMEA7280436
ERR4553695,R,R,R,S,S,PRJEB39569,SAMEA7280437
ERR4553710,R,R,R,S,S,PRJEB39569,SAMEA7280452
ERR4553717,R,R,R,S,S,PRJEB39569,SAMEA7280459
ERR4553724,R,R,R,S,S,PRJEB39569,SAMEA7280466
ERR4553403,,S,R,S,S,PRJEB39569,SAMEA7280145
ERR4553404,,S,S,S,S,PRJEB39569,SAMEA7280146
