run,bioproject,biosample,amikacin,ciprofloxacin,capreomycin,cycloserine,ethambutol,ethionamide,isoniazid,kanamycin,linezolid,moxifloxacin,ofloxacin,para-aminosalicylic_acid,rifampicin,rifabutin,streptomycin,pyrazinamide
ERR553027,PRJEB6273,SAMEA2535080,,,S,S,R,R,R,,,,S,,R,,R,S
ERR552635,PRJEB6273,SAMEA2534783,S,,S,S,S,S,R,,S,,S,S,R,R,R,S
ERR553348,PRJEB6273,SAMEA2535326,,,R,S,R,B,R,,S,,S,,R,,R,R
ERR551472,PRJEB6273,SAMEA2533967,,,S,S,R,R,R,,S,,S,,R,S,R,S
ERR551074,PRJEB6273,SAMEA2533678,,,S,S,S,R,R,,S,,S,R,R,,R,R
ERR2307364,PRJEB24099,SAMEA104600159,,,,,R,,R,,,,,,R,,R,R
ERR2307365,PRJEB24099,SAMEA104600160,S,,S,S,R,S,R,,S,S,S,S,R,,R,S
ERR552840,PRJEB6273,SAMEA2534944,S,,S,S,S,S,R,,S,,S,S,R,R,R,S
ERR552847,PRJEB6273,SAMEA2534949,,,S,S,S,R,R,,S,S,R,,R,,R,S
ERR2307367,PRJEB24099,SAMEA104600162,,,,,R,,R,,,,,,R,,R,S
ERR550625,PRJEB6273,SAMEA2533348,,,S,S,R,R,R,,S,,S,,R,,R,R
ERR2307370,PRJEB24099,SAMEA104600165,,,,,B,,R,,,,,,R,,R,
ERR2307371,PRJEB24099,SAMEA104600166,,,,,B,,R,,,,,,S,,R,
ERR2307372,PRJEB24099,SAMEA104600167,,,,,R,,R,,,,,,R,,R,
ERR2307373,PRJEB24099,SAMEA104600168,,,,,B,,R,,,,,,R,,R,
ERR2307374,PRJEB24099,SAMEA104600169,,,,,S,,R,,,,,,R,,R,
ERR2307375,PRJEB24099,SAMEA104600170,,,,,R,,R,,,,,,R,,R,
ERR2307376,PRJEB24099,SAMEA104600171,,,,,R,,R,,,,,,R,,R,
ERR552169,PRJEB6273,SAMEA2534459,S,,S,S,R,R,R,,S,S,S,S,R,R,R,R
ERR551017,PRJEB6273,SAMEA2533637,,,S,,S,S,R,,,,S,,R,,R,S
ERR2307377,PRJEB24099,SAMEA104600172,,,,,R,,R,,,,,,R,,R,R
ERR551339,PRJEB6273,SAMEA2533867,S,,S,S,R,S,R,,S,,S,S,R,R,R,S
ERR2307378,PRJEB24099,SAMEA104600173,R,,R,S,R,R,R,,,,S,S,R,,R,R
ERR2307379,PRJEB24099,SAMEA104600174,,,,,R,,R,,,,,,S,,R,R
ERR2307380,PRJEB24099,SAMEA104600175,S,,S,B,S,,S,,S,,S,S,R,,S,S
ERR2307381,PRJEB24099,SAMEA104600176,,,,,R,,R,,,,,,R,,R,R
ERR2307382,PRJEB24099,SAMEA104600177,,,,,R,,R,,,,,,R,,R,
ERR2307383,PRJEB24099,SAMEA104600178,,,,,R,,R,,,,,,R,,R,R
ERR2307384,PRJEB24099,SAMEA104600137,,,,,,,,,,,,,,,,
ERR553268,PRJEB6273,SAMEA2535264,,,S,S,R,R,R,,S,,S,,R,,R,S
ERR2307385,PRJEB24099,SAMEA104600179,,,,,,,,,,,,,,,,
ERR2307386,PRJEB24099,SAMEA104600180,,,,,R,,R,,,,,,R,,R,R
ERR2307387,PRJEB24099,SAMEA104600181,,,,,R,,R,,,,,,R,,R,S
ERR2307388,PRJEB24099,SAMEA104600182,,,,,R,,R,,,,,,R,,R,
ERR552255,PRJEB6273,SAMEA2534516,,,R,S,R,R,R,,S,,S,,R,,R,S
ERR2307390,PRJEB24099,SAMEA104600184,,,,,R,,R,,,,,,R,,R,R
ERR2307391,PRJEB24099,SAMEA104600185,,,,,R,,R,,,,,,R,,R,R
ERR551457,PRJEB6273,SAMEA2533956,,,R,S,R,S,R,,S,,S,,R,,R,S
ERR2307392,PRJEB24099,SAMEA104600138,,,,,,,,,,,,,,,,
ERR2307393,PRJEB24099,SAMEA104600186,,,,,R,,R,,,,,,R,,R,S
ERR551615,PRJEB6273,SAMEA2534071,S,,S,S,R,S,R,,,,S,,R,,R,S
ERR553351,PRJEB6273,SAMEA2535329,S,,S,S,S,,R,,S,,S,S,R,,R,S
ERR2307394,PRJEB24099,SAMEA104600187,,,,,R,,R,,,,,,R,,R,S
ERR2307395,PRJEB24099,SAMEA104600188,,,,,R,,R,,,,,,R,,R,S
ERR2307396,PRJEB24099,SAMEA104600189,,,,,R,,R,,,,,,R,,R,R
ERR2307397,PRJEB24099,SAMEA104600190,,,,,R,,R,,,,,,R,,R,R
ERR2307399,PRJEB24099,SAMEA104600192,,,,,R,,R,,,,,,R,,R,
ERR552048,PRJEB6273,SAMEA2534374,,,S,S,R,R,R,,S,,S,,R,,R,S
ERR2307401,PRJEB24099,SAMEA104600194,,,,,R,,R,,,,,,R,,R,S
ERR1353079,PRJEB9680,SAMEA3923306,,,,,R,,R,,,,,,R,,R,
ERR2307405,PRJEB24099,SAMEA104600197,,,,,R,,R,,,,,,R,,R,S
ERR2307406,PRJEB24099,SAMEA104600198,,,,,R,,R,,,,,,R,,R,R
ERR2307407,PRJEB24099,SAMEA104600199,,,,,R,,R,,,,,,R,,R,
ERR2307408,PRJEB24099,SAMEA104600200,,,,,R,,R,,,,,,R,,R,
ERR2307409,PRJEB24099,SAMEA104600139,,,,,R,,R,,,,,,R,,R,
ERR550843,PRJEB6273,SAMEA2533514,R,,S,S,S,S,R,,S,,S,S,R,R,R,S
ERR2307410,PRJEB24099,SAMEA104600201,,,,,R,,R,,,,,,R,,R,S
ERR553071,PRJEB6273,SAMEA2535116,R,,R,S,R,S,R,,S,,S,S,R,R,R,S
ERR2307411,PRJEB24099,SAMEA104600202,,,,,R,,R,,,,,,R,,R,
ERR2307412,PRJEB24099,SAMEA104600203,,,,,R,,R,,,,,,R,,R,S
ERR2307413,PRJEB24099,SAMEA104600204,,,,,R,,R,,,,,,R,,R,R
ERR2307414,PRJEB24099,SAMEA104600205,,,,,R,,R,,,,,,R,,R,S
ERR2307415,PRJEB24099,SAMEA104600206,,,,,R,,R,,,,,,R,,R,
ERR2307416,PRJEB24099,SAMEA104600207,,,,,S,,R,,,,,,S,,R,S
ERR2307417,PRJEB24099,SAMEA104600208,,,,,S,,R,,,,,,R,,R,
ERR2307418,PRJEB24099,SAMEA104600209,,,,,R,,R,,,,,,R,,R,
ERR2307419,PRJEB24099,SAMEA104600210,,,,,R,,R,,,,,,R,,R,
ERR2307420,PRJEB24099,SAMEA104600211,,,,,R,,R,,,,,,R,,R,
ERR2307421,PRJEB24099,SAMEA104600212,,,,,R,,R,,,,,,R,,R,
ERR551613,PRJEB6273,SAMEA2534069,S,,S,S,S,,R,,S,S,S,B,R,R,R,R
ERR2307423,PRJEB24099,SAMEA104600214,,,,,R,,R,,,,,,R,,R,R
ERR2307424,PRJEB24099,SAMEA104600215,,,,,R,,R,,,,,,R,,R,
ERR2307425,PRJEB24099,SAMEA104600216,,,,,,,R,,,,,,,,R,
ERR2307426,PRJEB24099,SAMEA104600217,,,,,R,,R,,,,,,R,,R,R
ERR2307427,PRJEB24099,SAMEA104600218,,,,,R,,R,,,,,,R,,R,S
ERR2307428,PRJEB24099,SAMEA104600219,,,,,S,,R,,,,,,R,,R,S
ERR2307430,PRJEB24099,SAMEA104600221,,,,,R,,R,,,,,,R,,R,R
ERR2307431,PRJEB24099,SAMEA104600222,,,,,S,,R,,,,,,R,,R,
ERR2307432,PRJEB24099,SAMEA104600223,,,,,R,,R,,,,,,R,,R,R
ERR2307433,PRJEB24099,SAMEA104600224,,,,,R,,R,,,,,,R,,R,S
ERR2307434,PRJEB24099,SAMEA104600225,,,,,R,,R,,,,,,R,,R,
ERR2307435,PRJEB24099,SAMEA104600226,S,,S,S,R,R,R,,S,,S,S,R,,R,R
ERR2307436,PRJEB24099,SAMEA104600227,,,,,R,,R,,,,,,R,,R,R
ERR2307437,PRJEB24099,SAMEA104600228,,,,,R,,R,,,,,,R,,R,R
ERR2307438,PRJEB24099,SAMEA104600229,,,,,R,,R,,,,,,R,,R,S
ERR2307439,PRJEB24099,SAMEA104600230,,,,,R,,R,,,,,,R,,R,
ERR2307440,PRJEB24099,SAMEA104600231,,,,,R,,R,,,,,,R,,R,R
ERR2307441,PRJEB24099,SAMEA104600232,,,,,,,R,,,,,,R,,R,
ERR2307442,PRJEB24099,SAMEA104600233,,,,,R,,R,,,,,,R,,R,S
ERR2307443,PRJEB24099,SAMEA104600234,,,,,R,,R,,,,,,R,,R,
ERR2307444,PRJEB24099,SAMEA104600235,,,,,R,,R,,,,,,R,,R,
ERR2307445,PRJEB24099,SAMEA104600236,,,,,S,,R,,,,,,R,,R,
ERR2307446,PRJEB24099,SAMEA104600237,,,,,R,,R,,,,,,R,,R,S
ERR2307447,PRJEB24099,SAMEA104600238,,,,,R,,R,,,,,,R,,R,S
ERR2307448,PRJEB24099,SAMEA104600239,,,,,R,,R,,,,,,R,,R,
ERR2307449,PRJEB24099,SAMEA104600240,,,,,R,,R,,,,,,R,,R,
ERR2307452,PRJEB24099,SAMEA104600242,,,,,R,,R,,,,,,R,,R,R
ERR553011,PRJEB6273,SAMEA2535069,,,,,S,,,,,,S,,R,,,
ERR552040,PRJEB6273,SAMEA2534369,,,S,S,R,S,R,,S,,S,,R,,R,R
ERR2307454,PRJEB24099,SAMEA104600244,,,,,R,,R,,,,,,R,,R,R
ERR2307455,PRJEB24099,SAMEA104600245,,,,,R,,R,,,,,,R,,R,R
ERR2307456,PRJEB24099,SAMEA104600246,,,,,R,,R,,,,,,R,,R,R
ERR551863,PRJEB6273,SAMEA2534249,S,,S,S,R,S,R,,S,S,S,S,R,R,R,S
ERR2307457,PRJEB24099,SAMEA104600247,,,,,R,,R,,,,,,R,,R,R
ERR2307458,PRJEB24099,SAMEA104600248,,,,,R,,R,,,,,,R,,R,R
ERR551740,PRJEB6273,SAMEA2534160,S,,S,S,R,S,R,,S,,S,S,R,R,R,S
ERR2307459,PRJEB24099,SAMEA104600249,,,,,S,,R,,,,,,S,,R,S
ERR2307460,PRJEB24099,SAMEA104600250,,,,,R,,R,,,,,,R,,R,S
ERR2307462,PRJEB24099,SAMEA104600252,,,,,,,R,,,,,,,,,
ERR2307463,PRJEB24099,SAMEA104600253,,,,,R,,R,,,,,,R,,R,R
ERR2307464,PRJEB24099,SAMEA104600254,,,,,S,,R,,,,,,S,,R,S
ERR2307465,PRJEB24099,SAMEA104600255,,,,,R,,R,,,,,,R,,R,R
ERR2307466,PRJEB24099,SAMEA104600256,,,,,R,,R,,,,,,R,,R,S
ERR2307467,PRJEB24099,SAMEA104600257,,,,,R,,R,,,,,,R,,R,S
ERR2307468,PRJEB24099,SAMEA104600258,,,,,S,,R,,,,,,S,,R,S
ERR550836,PRJEB6273,SAMEA2533508,,,,,R,,R,,,,,,R,,R,S
ERR2307471,PRJEB24099,SAMEA104600261,,,,,R,,R,,,,,,R,,R,R
ERR2307472,PRJEB24099,SAMEA104600262,,,,,R,,R,,,,,,R,,R,R
ERR2307473,PRJEB24099,SAMEA104600263,,,,,R,,R,,,,,,R,,R,R
ERR2307474,PRJEB24099,SAMEA104600264,,,,,S,,R,,,,,,S,,R,S
ERR2307475,PRJEB24099,SAMEA104600265,,,,,R,,R,,,,,,R,,R,R
ERR2307476,PRJEB24099,SAMEA104600266,,,,,R,,R,,,,,,R,,R,S
ERR2307477,PRJEB24099,SAMEA104600267,R,,R,S,R,R,R,,,,S,S,R,,R,S
ERR2307478,PRJEB24099,SAMEA104600268,,,,,R,,R,,,,,,R,,R,
ERR2307479,PRJEB24099,SAMEA104600269,,,,,R,,R,,,,,,R,,R,S
ERR552349,PRJEB6273,SAMEA2534585,,,S,,R,S,R,,S,,S,,R,,R,S
ERR2307483,PRJEB24099,SAMEA104600272,,,,,R,,R,,,,,,R,,R,
ERR2307484,PRJEB24099,SAMEA104600273,,,,,,,R,,,,,,,,,
ERR2307485,PRJEB24099,SAMEA104600274,,,,,R,,R,,,,,,R,,R,R
ERR2307486,PRJEB24099,SAMEA104600275,,,R,,R,,R,,,,S,,R,,R,S
ERR552387,PRJEB6273,SAMEA2534615,,,S,S,S,S,R,,,,S,,R,,R,S
ERR2307487,PRJEB24099,SAMEA104600276,,,R,,R,,R,,,,R,,R,,R,R
ERR551963,PRJEB6273,SAMEA2534319,,,S,S,S,S,R,,S,,S,,R,,R,S
ERR2307489,PRJEB24099,SAMEA104600278,,,,,R,,R,,,,,,S,,R,S
ERR2307490,PRJEB24099,SAMEA104600279,,,S,,R,,R,,,,S,,R,,R,R
ERR2307492,PRJEB24099,SAMEA104600281,,,,,R,,R,,,,,,R,,R,R
ERR2307493,PRJEB24099,SAMEA104600282,,,,,S,,R,,,,,,S,,R,
ERR551403,PRJEB6273,SAMEA2533918,S,,S,S,B,S,R,,S,,S,S,R,,R,S
ERR2307494,PRJEB24099,SAMEA104600283,,,,,R,,R,,,,,,R,,R,R
ERR2307495,PRJEB24099,SAMEA104600284,,,,,R,,R,,,,,,R,,R,R
ERR2307496,PRJEB24099,SAMEA104600285,,,,,R,,R,,,,,,R,,R,R
ERR2307636,PRJEB24099,SAMEA104600140,,,,,,,,,,,,,,,,
ERR2307498,PRJEB24099,SAMEA104600287,,,,,,,R,,,,,,,,R,
ERR2307499,PRJEB24099,SAMEA104600288,,,,,S,,R,,,,,,R,,R,
ERR2307500,PRJEB24099,SAMEA104600289,,,,,R,,R,,,,,,R,,R,R
ERR2307501,PRJEB24099,SAMEA104600290,,,,,R,,R,,,,,,R,,R,S
ERR551283,PRJEB6273,SAMEA2533833,,,S,S,S,S,R,,,,S,,R,,R,S
ERR2307502,PRJEB24099,SAMEA104600291,,,,,R,,R,,,,,,R,,R,
ERR2307503,PRJEB24099,SAMEA104600141,,,,,S,,R,,,,,,R,,R,
ERR2307504,PRJEB24099,SAMEA104600292,,,,,R,,R,,,,,,R,,R,S
ERR550727,PRJEB6273,SAMEA2533425,S,,S,S,R,S,R,,,,S,S,R,,R,R
ERR2307505,PRJEB24099,SAMEA104600293,,,,,R,,R,,,,,,R,,R,R
ERR2307506,PRJEB24099,SAMEA104600294,,,,,R,,R,,,,,,R,,R,R
ERR551972,PRJEB6273,SAMEA2534325,R,,R,S,R,S,R,,S,,S,S,R,,R,R
ERR2307507,PRJEB24099,SAMEA104600295,,,,,R,,R,,,,,,R,,R,R
ERR2307508,PRJEB24099,SAMEA104600296,,,,,R,,R,,,,,,R,,R,R
ERR2307510,PRJEB24099,SAMEA104600298,,,,,R,,R,,,,,,R,,R,S
ERR2307511,PRJEB24099,SAMEA104600299,,,,,R,,R,,,,,,R,,R,S
ERR2307512,PRJEB24099,SAMEA104600300,,,,,R,,R,,,,,,R,,R,R
ERR2307513,PRJEB24099,SAMEA104600301,,,,,R,,R,,,,,,R,,R,S
ERR553072,PRJEB6273,SAMEA2535117,,,S,S,R,S,R,,S,,S,,R,,R,R
ERR2307515,PRJEB24099,SAMEA104600303,,,,,S,,R,,,,,,S,,R,S
ERR2307516,PRJEB24099,SAMEA104600304,,,,,R,,R,,,,,,R,,R,S
ERR551453,PRJEB6273,SAMEA2533952,,S,S,,R,S,R,S,S,,S,R,R,,S,R
ERR2307518,PRJEB24099,SAMEA104600306,,,,,S,,R,,,,,,R,,R,
ERR550814,PRJEB6273,SAMEA2533490,,,S,S,R,S,R,,S,S,S,,R,,R,S
ERR2307521,PRJEB24099,SAMEA104600309,,,,,R,,R,,,,,,R,,R,R
ERR552664,PRJEB6273,SAMEA2534805,S,,S,S,S,S,R,,,,S,,R,,R,R
ERR2307523,PRJEB24099,SAMEA104600311,,,,,R,,R,,,,,,R,,R,R
ERR2307524,PRJEB24099,SAMEA104600312,,,,,R,,R,,,,,,R,,R,
ERR552453,PRJEB6273,SAMEA2534658,R,,R,S,R,R,R,,S,,S,S,R,R,R,R
ERR552395,PRJEB6273,SAMEA2534621,,,S,S,R,S,R,,S,S,S,,R,,R,R
ERR2307528,PRJEB24099,SAMEA104600316,,,,,S,,R,,,,,,R,,R,R
ERR2307529,PRJEB24099,SAMEA104600317,,,,,S,,R,,,,,,S,,R,S
ERR2307532,PRJEB24099,SAMEA104600319,,,,,R,,R,,,,,,R,,R,R
ERR2307533,PRJEB24099,SAMEA104600320,,,,,S,,R,,,,,,S,,R,R
ERR2307534,PRJEB24099,SAMEA104600321,,,,,S,,R,,,,,,S,,R,
ERR2307535,PRJEB24099,SAMEA104600322,,,,,R,,R,,,,,,R,,R,S
ERR551605,PRJEB6273,SAMEA2534062,S,,S,S,R,,R,,S,S,S,S,R,R,R,R
ERR552548,PRJEB6273,SAMEA2534725,,,S,S,R,R,R,,,,S,,R,,R,S
ERR2307536,PRJEB24099,SAMEA104600323,,,,,R,,R,,,,,,R,,R,S
ERR2307537,PRJEB24099,SAMEA104600324,,,,,R,,R,,,,,,R,,R,S
ERR2307538,PRJEB24099,SAMEA104600325,,,,,R,,R,,,,,,R,,R,S
ERR551450,PRJEB6273,SAMEA2533950,,R,S,,R,R,R,S,S,,S,R,S,,S,R
ERR2307539,PRJEB24099,SAMEA104600326,,,,,,,R,,,,,,,,R,
ERR551554,PRJEB7281,SAMEA2534023,,,,,R,,R,,,,,,R,,R,
ERR2307541,PRJEB24099,SAMEA104600328,,,,,R,,R,,,,,,R,,R,S
ERR2307542,PRJEB24099,SAMEA104600329,,,,,R,,R,,,,,,R,,R,
ERR550900,PRJEB6273,SAMEA2533551,S,,S,S,S,S,R,,,,S,R,R,,R,S
ERR553224,PRJEB6273,SAMEA2535223,,,S,S,R,R,R,,S,,S,,R,,R,R
ERR2307545,PRJEB24099,SAMEA104600331,,,,,R,,R,,,,,,R,,R,S
ERR2307546,PRJEB24099,SAMEA104600332,,,,,R,,R,,,,,,R,,R,R
ERR552222,PRJEB6273,SAMEA2534495,S,,S,S,,S,R,,S,R,R,S,R,,,
ERR2307547,PRJEB24099,SAMEA104600333,,,,,R,,R,,,,,,R,,R,S
ERR552208,PRJEB6273,SAMEA2534485,S,,S,S,S,R,R,,S,,S,S,R,,R,S
ERR550705,PRJEB6273,SAMEA2533408,,,S,S,R,R,R,,S,,S,,R,,R,R
ERR2307549,PRJEB24099,SAMEA104600335,,,,,R,,R,,,,,,R,,R,R
ERR2307550,PRJEB24099,SAMEA104600336,,,,,S,,R,,,,,,R,,R,R
ERR2307552,PRJEB24099,SAMEA104600338,,,,,R,,R,,,,,,R,,R,S
ERR2307553,PRJEB24099,SAMEA104600339,,,,,R,,R,,,,,,R,,R,R
ERR2307554,PRJEB24099,SAMEA104600340,,,,,S,,R,,,,,,S,,R,S
ERR551281,PRJEB6273,SAMEA2533831,,,S,S,R,S,R,,S,,R,,R,,R,R
ERR2307555,PRJEB24099,SAMEA104600341,,,,,R,,R,,,,,,R,,R,
ERR2307556,PRJEB24099,SAMEA104600342,,,,,R,,R,,,,,,R,,R,
ERR550985,PRJEB6273,SAMEA2533611,S,,S,S,R,S,R,,S,,S,S,R,R,R,R
ERR550721,PRJEB6273,SAMEA2533420,R,,R,S,R,R,R,,S,,S,,R,,R,R
ERR2307557,PRJEB24099,SAMEA104600343,,,,,R,,R,,,,,,R,,R,R
ERR2307558,PRJEB24099,SAMEA104600344,,,,,R,,R,,,,,,R,,R,R
ERR2307559,PRJEB24099,SAMEA104600345,,,,,R,,R,,,,,,R,,R,R
ERR2307563,PRJEB24099,SAMEA104600349,,,,,R,,R,,,,,,R,,R,S
ERR552348,PRJEB6273,SAMEA2534583,,,S,S,R,S,R,,S,,S,,R,,R,S
ERR552786,PRJEB6273,SAMEA2534903,B,,S,S,R,R,R,,S,R,R,S,R,R,R,R
ERR2307564,PRJEB24099,SAMEA104600350,,,,,R,,R,,,,,,R,,R,
ERR2307566,PRJEB24099,SAMEA104600352,,,R,R,R,,R,,,,R,,R,,R,
ERR2307567,PRJEB24099,SAMEA104600353,,,,,R,,R,,,,,,R,,R,R
ERR2307568,PRJEB24099,SAMEA104600354,,,,,R,,R,,,,,,R,,R,
ERR550690,PRJEB6273,SAMEA2533395,S,,S,S,R,S,R,,,,S,R,R,,R,R
ERR551421,PRJEB6273,SAMEA2533931,,,S,S,R,S,R,,,,S,,R,,R,S
ERR2307569,PRJEB24099,SAMEA104600355,,,,,R,,R,,,,,,R,,R,S
ERR2307570,PRJEB24099,SAMEA104600142,,,,,R,,R,,,,,,R,,R,S
ERR551788,PRJEB6273,SAMEA2534194,S,,S,S,S,R,R,,S,,S,S,R,,R,R
ERR2307571,PRJEB24099,SAMEA104600356,,,,,R,,R,,,,,,,,R,
ERR553233,PRJEB6273,SAMEA2535232,S,,S,S,R,S,R,,S,,S,S,R,,R,R
ERR551230,PRJEB6273,SAMEA2533791,S,,S,S,R,S,R,,S,,S,S,R,,R,S
ERR2307572,PRJEB24099,SAMEA104600357,,,,,R,,R,,,,,,R,,R,
ERR2307573,PRJEB24099,SAMEA104600358,,,,,R,,R,,,,,,R,,R,R
ERR552403,PRJEB6273,SAMEA2534626,,,S,S,R,S,R,,S,,S,R,R,,R,S
ERR2307574,PRJEB24099,SAMEA104600359,,,,,R,,R,,,,,,R,,R,S
ERR552753,PRJEB6273,SAMEA2534877,,,S,S,S,R,R,,,,S,,R,,R,S
ERR2307576,PRJEB24099,SAMEA104600361,,,,,R,,R,,,,,,R,,R,R
ERR552369,PRJEB6273,SAMEA2534601,R,,R,S,S,R,R,,S,,S,S,R,,R,S
ERR2307578,PRJEB24099,SAMEA104600363,S,,S,S,R,,R,,S,,S,S,R,,R,S
ERR2307579,PRJEB24099,SAMEA104600364,,,,,,,R,,,,,,,,R,
ERR550912,PRJEB6273,SAMEA2533558,S,,S,S,R,S,R,,S,,S,,R,,R,S
ERR551560,PRJEB6273,SAMEA2534027,S,S,S,S,S,R,R,,,,S,,R,,R,S
ERR2307581,PRJEB24099,SAMEA104600366,,,,,S,,R,,,,,,R,,R,S
ERR553250,PRJEB6273,SAMEA2535246,,,S,S,R,S,R,,S,,S,,R,,R,R
ERR2307582,PRJEB24099,SAMEA104600367,,,,,R,,R,,,,,,R,,R,R
ERR2307583,PRJEB24099,SAMEA104600368,,,,,S,,R,,,,,,S,,R,S
ERR2307584,PRJEB24099,SAMEA104600369,,,,,R,,R,,,,,,R,,R,R
ERR551256,PRJEB6273,SAMEA2533810,,,S,S,R,S,R,,S,,S,,R,,R,S
ERR551628,PRJEB6273,SAMEA2534079,R,,R,S,R,R,R,,,,S,R,R,,R,S
ERR553106,PRJEB6273,SAMEA2535141,S,,S,S,S,S,R,,S,,S,,R,,R,S
ERR2307587,PRJEB24099,SAMEA104600371,,,,,R,,R,,,,,,,,R,
ERR551914,PRJEB6273,SAMEA2534286,,,,S,S,S,R,,,,S,,R,,R,S
ERR551890,PRJEB6273,SAMEA2534269,S,,S,S,R,R,R,,S,,S,S,R,,R,S
ERR2307588,PRJEB24099,SAMEA104600372,,,,,R,,R,,,,,,R,,R,S
ERR553295,PRJEB6273,SAMEA2535284,,,S,S,R,S,R,,,,S,,R,,R,S
ERR550903,PRJEB6273,SAMEA2533552,,,S,S,S,S,R,,,,S,,R,,R,S
ERR2307591,PRJEB24099,SAMEA104600375,,,,R,,,R,,,,,,,,R,
ERR2307592,PRJEB24099,SAMEA104600376,,,,,S,,R,,,,,,S,,S,S
ERR2307593,PRJEB24099,SAMEA104600377,,,,,R,,R,,,,,,R,,R,S
ERR552965,PRJEB6273,SAMEA2535036,,,S,S,R,S,R,,S,,S,,R,,R,S
ERR2307596,PRJEB24099,SAMEA104600380,,,,,R,,R,,,,,,R,,R,
ERR2307597,PRJEB24099,SAMEA104600381,,,,,R,,R,,,,,,R,,R,S
ERR551782,PRJEB6273,SAMEA2534189,S,,S,S,R,S,R,,S,S,S,S,R,R,R,R
ERR551547,PRJEB6273,SAMEA2534019,,,S,S,S,S,R,,S,,S,,R,,R,S
ERR552808,PRJEB6273,SAMEA2534917,S,,S,S,S,S,R,,S,,S,,R,,R,R
ERR2307600,PRJEB24099,SAMEA104600384,,,,,R,,R,,,,,,R,,R,R
ERR2307601,PRJEB24099,SAMEA104600385,,,,,S,,R,,,,,,R,,R,S
ERR553391,PRJEB6273,SAMEA2535360,S,,S,S,R,R,R,,S,S,S,S,R,,R,S
ERR553040,PRJEB6273,SAMEA2535090,S,,S,S,R,R,R,,,,S,,R,,R,S
ERR2307602,PRJEB24099,SAMEA104600386,,,,,R,,R,,,,,,R,,R,S
ERR553292,PRJEB6273,SAMEA2535281,,,S,S,R,R,R,,S,,S,,R,,R,S
ERR2307604,PRJEB24099,SAMEA104600388,,,,,R,,R,,,,,,R,,R,
ERR2307605,PRJEB24099,SAMEA104600389,,,,,S,,R,,,,,,S,,R,S
ERR552344,PRJEB6273,SAMEA2534581,R,,R,S,R,R,R,,S,,S,,R,,R,R
ERR2307609,PRJEB24099,SAMEA104600393,,,,,R,,R,,,,,,R,,R,S
ERR2307610,PRJEB24099,SAMEA104600394,,,S,,R,,R,,,,S,,R,,R,S
ERR551833,PRJEB6273,SAMEA2534224,S,,S,S,R,R,R,,S,,S,S,R,R,R,R
ERR2307613,PRJEB24099,SAMEA104600397,,,,R,,,R,,,,,,,,R,
ERR552437,PRJEB6273,SAMEA2534645,S,,S,S,R,S,R,,S,,S,S,R,R,R,S
ERR551177,PRJEB6273,SAMEA2533755,,,R,S,S,S,R,,S,,S,,R,,R,S
ERR2307614,PRJEB24099,SAMEA104600398,,,,,R,,R,,,,,,R,,R,R
ERR553133,PRJEB6273,SAMEA2535159,R,,R,S,R,S,R,,S,,S,S,R,R,R,R
ERR550800,PRJEB6273,SAMEA2533479,S,,S,,R,,R,,,,S,,R,,R,R
ERR2307620,PRJEB24099,SAMEA104600403,,,,,,,R,,,,,,,,R,
ERR2307621,PRJEB24099,SAMEA104600404,,,,,,,R,,,,,,,,R,
ERR551746,PRJEB6273,SAMEA2534163,R,,R,S,R,R,R,,S,,S,S,R,R,R,R
ERR2307622,PRJEB24099,SAMEA104600405,,,,,R,,R,,,,,,R,,R,S
ERR2307623,PRJEB24099,SAMEA104600406,,,,B,,,R,,,,,,,,R,
ERR553044,PRJEB6273,SAMEA2535094,,,S,R,R,S,R,,,,S,R,R,,R,S
ERR2307625,PRJEB24099,SAMEA104600408,,,,,B,,R,,,,,,,,R,
ERR550824,PRJEB6273,SAMEA2533500,S,,S,S,R,R,R,,S,,S,S,R,,R,S
ERR552542,PRJEB6273,SAMEA2534720,S,,S,S,S,S,R,,S,,S,S,R,R,R,R
ERR2307629,PRJEB24099,SAMEA104600411,,,,,R,,R,,,,,,R,,R,R
ERR550918,PRJEB6273,SAMEA2533564,,,S,,S,S,R,,,,S,,R,,R,S
ERR552343,PRJEB6273,SAMEA2534579,S,,S,S,S,S,R,,S,,S,S,R,R,R,S
ERR2307631,PRJEB24099,SAMEA104600413,,,,,R,,R,,,,,,R,,R,S
ERR2307632,PRJEB24099,SAMEA104600414,,,,,,S,R,,,,S,,,,,
ERR2307633,PRJEB24099,SAMEA104600415,,,,,R,,R,,,,,,R,,R,
ERR2307634,PRJEB24099,SAMEA104600416,,,,,R,,R,,,,,,R,,R,
ERR2307635,PRJEB24099,SAMEA104600417,,,,,R,,R,,,,,,R,,R,
ERR2307637,PRJEB24099,SAMEA104600418,,,,,R,,R,,,,,,R,,R,
ERR2307638,PRJEB24099,SAMEA104600419,,,,,R,,R,,,,,,R,,R,
ERR2307639,PRJEB24099,SAMEA104600420,,,,,R,,R,,,,,,R,,R,
ERR2307640,PRJEB24099,SAMEA104600421,,,,,R,,R,,,,,,R,,R,
ERR2307641,PRJEB24099,SAMEA104600422,,,,,R,,R,,,,,,R,,R,
ERR2307642,PRJEB24099,SAMEA104600423,,,,,R,,R,,,,,,S,,R,
ERR2307643,PRJEB24099,SAMEA104600424,,,,,S,,R,,,,,,S,,R,S
ERR2307644,PRJEB24099,SAMEA104600425,,,,,S,,R,,,,,,R,,R,
ERR552936,PRJEB6273,SAMEA2535013,S,,S,S,R,R,R,,S,,S,S,R,R,R,S
ERR551162,PRJEB6273,SAMEA2533746,R,,R,S,R,R,R,,S,,S,,R,,R,R
ERR551140,PRJEB6273,SAMEA2533728,S,,S,S,R,S,R,,S,S,S,S,R,R,R,R
ERR551212,PRJEB7281,SAMEA2533777,,,,,R,R,R,,,,,,R,,R,R
ERR2307648,PRJEB24099,SAMEA104600429,,,,,B,,R,,,,,,,,R,R
ERR2307649,PRJEB24099,SAMEA104600430,,,,,,,R,,,,,,,,R,
ERR2307650,PRJEB24099,SAMEA104600431,,,,,R,,R,,,,R,,R,,R,R
ERR2307651,PRJEB24099,SAMEA104600432,,,,,R,,R,,,,,,R,,R,S
ERR2307652,PRJEB24099,SAMEA104600433,,,,,R,,R,,,,,,R,,R,R
ERR2307653,PRJEB24099,SAMEA104600143,,,,,,,,,,,,,,,,
ERR2307654,PRJEB24099,SAMEA104600434,,,,,R,,R,,,,,,R,,R,S
ERR2307655,PRJEB24099,SAMEA104600435,,,,,R,,S,,,,,,R,,R,R
ERR2307656,PRJEB24099,SAMEA104600436,,,,,R,,R,,,,,,R,,R,R
ERR2307657,PRJEB24099,SAMEA104600437,,,,,S,,R,,,,,,R,,R,R
ERR2307658,PRJEB24099,SAMEA104600438,,,,,S,,R,,,,,,R,,R,S
ERR2307659,PRJEB24099,SAMEA104600144,,,,,,,,,,,,,,,,
ERR2307660,PRJEB24099,SAMEA104600439,,,,,S,,R,,,,,,R,,R,S
ERR2307661,PRJEB24099,SAMEA104600440,,,,,R,,R,,,,,,R,,R,R
ERR2307662,PRJEB24099,SAMEA104600441,,,,,R,,R,,,,,,R,,R,R
ERR2307663,PRJEB24099,SAMEA104600442,,,,,S,,R,,,,,,R,,R,R
ERR2307664,PRJEB24099,SAMEA104600443,,,,,R,,R,,,,,,R,,R,R
ERR2307665,PRJEB24099,SAMEA104600444,,,,,R,,R,,,,,,R,,R,R
ERR2307666,PRJEB24099,SAMEA104600445,,,,,S,,R,,,,,,S,,R,S
ERR2307667,PRJEB24099,SAMEA104600446,,,,,R,,R,,,,,,R,,R,R
ERR2307668,PRJEB24099,SAMEA104600447,,,,,S,,R,,,,,,R,,R,S
ERR2307669,PRJEB24099,SAMEA104600448,,,,,R,,R,,,,,,R,,R,S
ERR2307670,PRJEB24099,SAMEA104600449,,,,,R,,R,,,,,,R,,R,S
ERR2307671,PRJEB24099,SAMEA104600450,,,,,R,,R,,,,,,R,,R,S
ERR2307672,PRJEB24099,SAMEA104600451,,,,,R,,R,,,,,,R,,R,
ERR2307673,PRJEB24099,SAMEA104600452,,,,,R,,R,,,,,,R,,R,S
ERR2307674,PRJEB24099,SAMEA104600453,,,,,R,,R,,,,,,R,,R,S
ERR2307675,PRJEB24099,SAMEA104600454,,,,,R,,R,,,,,,R,,R,R
SRR1144743,PRJNA229279,SAMN02414914,,,,,,,,,,,,,,,,
SRR1144778,PRJNA229280,SAMN02414915,,,,,,,,,,,,,,,,
SRR1162778,PRJNA229312,SAMN02414947,,,,,,,,,,,,,,,,
ERR2307676,PRJEB24099,SAMEA104600455,,,,,R,,R,,,,,,R,,R,R
ERR2307677,PRJEB24099,SAMEA104600456,,,,,R,,R,,,,,,R,,R,
ERR2307678,PRJEB24099,SAMEA104600457,,,,,R,,R,,,,,,R,,R,S
ERR2307679,PRJEB24099,SAMEA104600458,,,,,R,,R,,,,,,R,,R,R
ERR2307680,PRJEB24099,SAMEA104600459,,,,,R,,R,,,,,,R,,R,R
ERR2307681,PRJEB24099,SAMEA104600460,,,,,S,,S,,,,,,S,,S,S
ERR2307682,PRJEB24099,SAMEA104600461,,,,,R,,R,,,,,,R,,R,R
ERR2307683,PRJEB24099,SAMEA104600462,,,,,R,,R,,,,,,R,,R,R
ERR2307684,PRJEB24099,SAMEA104600463,,,,,R,,R,,,,,,R,,R,S
ERR2307685,PRJEB24099,SAMEA104600464,,,,,R,,R,,,,,,R,,R,S
ERR2307686,PRJEB24099,SAMEA104600465,,,,,R,,R,,,,,,R,,R,S
ERR2307687,PRJEB24099,SAMEA104600466,,,,,R,,R,,,,,,R,,R,S
ERR2307688,PRJEB24099,SAMEA104600467,,,,,R,,R,,,,,,R,,R,S
ERR2307689,PRJEB24099,SAMEA104600468,,,,,R,,R,,,,,,R,,R,R
ERR2307690,PRJEB24099,SAMEA104600469,,,,,R,,R,,,,,,R,,R,R
ERR2307691,PRJEB24099,SAMEA104600470,,,,,S,,R,,,,,,R,,R,R
ERR2307692,PRJEB24099,SAMEA104600471,,,,,R,,R,,,,,,R,,R,S
ERR2307693,PRJEB24099,SAMEA104600472,,,,,R,,R,,,,,,R,,R,S
ERR2307694,PRJEB24099,SAMEA104600473,,,,,R,,R,,,,,,R,,R,R
ERR2307695,PRJEB24099,SAMEA104600474,,,,,R,,R,,,,,,R,,R,R
ERR2307696,PRJEB24099,SAMEA104600475,,,,,R,,R,,,,,,R,,R,R
ERR2307697,PRJEB24099,SAMEA104600476,,,,,R,,R,,,,,,R,,R,R
ERR2307698,PRJEB24099,SAMEA104600477,,,,,R,,R,,,,,,R,,R,S
ERR2307699,PRJEB24099,SAMEA104600478,,,,,R,,R,,,,,,R,,R,R
ERR2307700,PRJEB24099,SAMEA104600479,,,,,R,,R,,,,,,R,,R,R
ERR2307701,PRJEB24099,SAMEA104600145,,,,,,,,,,,,,,,,
ERR2307702,PRJEB24099,SAMEA104600146,,,,,,,,,,,,,,,,
ERR2307703,PRJEB24099,SAMEA104600147,,,,,,,,,,,,,,,,
ERR2307704,PRJEB24099,SAMEA104600480,,,,,R,,R,,,,,,R,,R,
ERR2307705,PRJEB24099,SAMEA104600481,,,,,R,,R,,,,,,R,,R,S
ERR2307706,PRJEB24099,SAMEA104600482,,,,,R,,R,,,,,,R,,R,
ERR2307707,PRJEB24099,SAMEA104600483,,,,,R,,R,,,,,,R,,R,R
ERR2307708,PRJEB24099,SAMEA104600484,,,,,R,,R,,,,,,R,,R,R
ERR2307709,PRJEB24099,SAMEA104600485,,,,,R,,R,,,,,,R,,R,
ERR2307710,PRJEB24099,SAMEA104600486,,,,,R,,R,,,,,,R,,R,R
ERR2307711,PRJEB24099,SAMEA104600487,,,,,R,,R,,,,,,R,,R,R
ERR2307712,PRJEB24099,SAMEA104600488,,,,,R,,R,,,,,,R,,R,R
ERR2307713,PRJEB24099,SAMEA104600489,,,,,R,,R,,,,,,R,,R,R
ERR2307714,PRJEB24099,SAMEA104600490,,,,,R,,R,,,,,,R,,R,S
ERR2307715,PRJEB24099,SAMEA104600491,,,,,R,,R,,,,,,R,,R,R
ERR2307718,PRJEB24099,SAMEA104600493,,,,,R,,R,,,,,,R,,R,S
ERR2307719,PRJEB24099,SAMEA104600494,,,,,R,,R,,,,,,R,,R,R
ERR2307720,PRJEB24099,SAMEA104600148,,,,,,,,,,,,,,,,
ERR2307721,PRJEB24099,SAMEA104600149,,,,,,,,,,,,,,,,
ERR2307722,PRJEB24099,SAMEA104600495,,,,,R,,R,,,,,,R,,R,R
ERR2307723,PRJEB24099,SAMEA104600496,,,,,R,,R,,,,,,R,,R,R
ERR2307724,PRJEB24099,SAMEA104600497,,,,,R,,R,,,,,,R,,R,S
SRR1577830,PRJNA240163,SAMN02673330,,,,,,,,,,,,,,,,
SRR1166179,PRJNA234574,SAMN02584612,,,,,,,,,,,,,,,,
SRR1166118,PRJNA234620,SAMN02584652,,,,,,,,,,,,,,,,
SRR1166267,PRJNA234622,SAMN02584653,,,,,,,,,,,,,,,,
SRR1166120,PRJNA234549,SAMN02584588,,,,,,,,,,,,,,,,
SRR1166187,PRJNA234570,SAMN02584608,,,,,,,,,,,,,,,,
ERR2307725,PRJEB24099,SAMEA104600498,,,,,R,,R,,,,,,R,,R,R
ERR2307728,PRJEB24099,SAMEA104600500,,,,,R,,R,,,,,,R,,R,S
ERR2307729,PRJEB24099,SAMEA104600501,,,,,R,,R,,,,,,R,,R,S
ERR2307730,PRJEB24099,SAMEA104600502,,,,,R,,R,,,,,,R,,R,S
ERR2307731,PRJEB24099,SAMEA104600503,,,,,R,,R,,,,,,R,,R,R
ERR2307732,PRJEB24099,SAMEA104600504,,,,,R,,R,,,,,,R,,R,S
ERR2307733,PRJEB24099,SAMEA104600505,,,,,R,,R,,,,,,R,,R,R
ERR2307734,PRJEB24099,SAMEA104600506,,,,,S,,R,,,,,,R,,R,R
ERR2307735,PRJEB24099,SAMEA104600507,,,,,R,,R,,,,,,R,,R,R
ERR2307736,PRJEB24099,SAMEA104600508,,,,,R,,R,,,,,,R,,R,
ERR2307737,PRJEB24099,SAMEA104600509,,,,,R,,R,,,,,,R,,R,R
SRR1173393,PRJNA237405,SAMN02628498,,,,,,,,,,,,,,,,
SRR1172711,PRJNA237406,SAMN02628499,,,,,,,,,,,,,,,,
SRR1173675,PRJNA237407,SAMN02628500,,,,,,,,,,,,,,,,
SRR1173446,PRJNA237408,SAMN02628501,,,,,,,,,,,,,,,,
SRR1173628,PRJNA237409,SAMN02628502,,,,,,,,,,,,,,,,
SRR1173192,PRJNA237411,SAMN02628504,,,,,,,,,,,,,,,,
SRR1173131,PRJNA237412,SAMN02628505,,,,,,,,,,,,,,,,
ERR2307738,PRJEB24099,SAMEA104600150,,,,,,,,,,,,,,,,
ERR2307739,PRJEB24099,SAMEA104600151,,,,,,,,,,,,,,,,
ERR2307740,PRJEB24099,SAMEA104600510,,,,,S,,R,,,,,,R,,R,S
ERR2307741,PRJEB24099,SAMEA104600511,,,,,R,,R,,,,,,R,,R,R
ERR2307742,PRJEB24099,SAMEA104600512,,,,,R,,R,,,,,,R,,R,S
ERR2307743,PRJEB24099,SAMEA104600152,,,,,,,,,,,,,,,,
ERR2307744,PRJEB24099,SAMEA104600153,,,,,,,,,,,,,,,,
ERR2307745,PRJEB24099,SAMEA104600513,,,,,R,,R,,,,,,R,,R,R
ERR2307746,PRJEB24099,SAMEA104600514,,,,,S,,R,,,,,,R,,R,R
ERR2307747,PRJEB24099,SAMEA104600515,,,,,S,,R,,,,,,S,,R,S
ERR2307748,PRJEB24099,SAMEA104600516,,,,,S,,R,,,,,,R,,R,R
ERR2307749,PRJEB24099,SAMEA104600517,,,,,R,,R,,,,,,R,,R,R
ERR2307750,PRJEB24099,SAMEA104600518,,,,,R,,R,,,,,,R,,R,S
ERR2307751,PRJEB24099,SAMEA104600154,,,,,,,,,,,,,,,,
ERR2307752,PRJEB24099,SAMEA104600519,,,,,R,,R,,,,,,R,,R,R
ERR2307753,PRJEB24099,SAMEA104600520,,,,,R,,R,,,,,,R,,R,R
ERR2307754,PRJEB24099,SAMEA104600521,,,,,R,,R,,,,,,R,,R,
ERR2307755,PRJEB24099,SAMEA104600155,,,,,,,,,,,,,,,,
ERR2307756,PRJEB24099,SAMEA104600156,,,,,,,,,,,,,,,,
ERR2307757,PRJEB24099,SAMEA104600522,,,,,S,,S,,,,,,S,,S,S
ERR2307758,PRJEB24099,SAMEA104600523,,,,,R,,R,,,,,,R,,R,R
ERR2307759,PRJEB24099,SAMEA104600524,,,,,R,,R,,,,,,R,,R,S
ERR2307760,PRJEB24099,SAMEA104600525,,,,,R,,R,,,,,,R,,R,R
ERR2307761,PRJEB24099,SAMEA104600526,,,,,R,,R,,,,,,R,,R,S
ERR2307762,PRJEB24099,SAMEA104600527,,,,,R,,R,,,,,,R,,R,S
ERR2307763,PRJEB24099,SAMEA104600528,,,,,R,,R,,,,,,R,,R,R
ERR2307764,PRJEB24099,SAMEA104600157,,,,,,,,,,,,,,,,
ERR2307767,PRJEB24099,SAMEA104600529,S,,S,S,,,R,,,S,,S,R,,R,
ERR2307765,PRJEB24099,SAMEA104600530,S,,S,S,,,R,,,S,,S,R,,R,
ERR2307766,PRJEB24099,SAMEA104600531,S,,S,S,,,R,,,S,,R,R,,R,
ERR2307768,PRJEB24099,SAMEA104600532,S,,S,S,,,R,,,S,,S,S,,R,
ERR2307769,PRJEB24099,SAMEA104600533,R,,R,S,,,R,,,S,,S,R,,R,
ERR2307770,PRJEB24099,SAMEA104600534,R,,R,S,,,R,,,S,,S,R,,R,
ERR2307771,PRJEB24099,SAMEA104600535,S,,S,S,,,R,,,S,,S,R,,R,
ERR2307772,PRJEB24099,SAMEA104600536,R,,R,S,,,R,,,S,,S,R,,R,
ERR2307775,PRJEB24099,SAMEA104600537,S,,S,S,,,R,,,S,,S,R,,R,
ERR2307773,PRJEB24099,SAMEA104600538,S,,S,S,,,R,,,S,,S,S,,R,
ERR2307774,PRJEB24099,SAMEA104600539,R,,R,S,,,R,,,S,,R,R,,R,
ERR2307776,PRJEB24099,SAMEA104600540,R,,S,S,,,R,,,S,,S,R,,R,
ERR2307777,PRJEB24099,SAMEA104600541,S,,S,R,,,R,,,S,,S,R,,R,
ERR2307778,PRJEB24099,SAMEA104600542,S,,S,S,,,R,,,S,,S,R,,R,
ERR2307779,PRJEB24099,SAMEA104600543,S,,S,S,,,R,,,S,,S,S,,R,
ERR2307780,PRJEB24099,SAMEA104600544,S,,S,S,,,R,,,S,,S,R,,R,
ERR2307781,PRJEB24099,SAMEA104600545,S,,S,S,,,R,,,S,,S,R,,R,
ERR2307782,PRJEB24099,SAMEA104600546,S,,S,S,,,R,,,S,,S,R,,R,
ERR2307783,PRJEB24099,SAMEA104600547,S,,S,S,,,R,,,S,,S,S,,R,
ERR2307784,PRJEB24099,SAMEA104600548,S,,S,S,,,R,,,S,,S,R,,R,
ERR2307785,PRJEB24099,SAMEA104600549,S,,S,S,,,R,,,S,,R,R,,R,
ERR2307786,PRJEB24099,SAMEA104600550,,,,,R,,R,,,,,,R,,R,R
ERR2307787,PRJEB24099,SAMEA104600551,,,,,R,,R,,,,,,R,,R,R
ERR2307788,PRJEB24099,SAMEA104600552,,,,,R,,R,,,,,,R,,R,R
ERR2307789,PRJEB24099,SAMEA104600553,,,,,R,,R,,,,,,R,,R,R
ERR2307790,PRJEB24099,SAMEA104600554,,,,,R,,R,,,,,,R,,R,S
ERR2307791,PRJEB24099,SAMEA104600555,,,,,R,,R,,,,,,R,,R,R
ERR2307792,PRJEB24099,SAMEA104600556,,,,,S,,R,,,,,,S,,R,S
ERR2307793,PRJEB24099,SAMEA104600557,,,,,R,,R,,,,,,R,,R,R
ERR2307794,PRJEB24099,SAMEA104600558,,,,,R,,R,,,,,,R,,R,
ERR2307795,PRJEB24099,SAMEA104600559,,,,,R,,R,,,,,,R,,R,S
ERR2307796,PRJEB24099,SAMEA104600560,,,,,R,,R,,,,,,R,,R,R
ERR2307797,PRJEB24099,SAMEA104600158,,,,,,,,,,,,,,,,
ERR2307798,PRJEB24099,SAMEA104600561,,,,,R,,R,,,,,,R,,R,R
ERR2307799,PRJEB24099,SAMEA104600562,,,,,R,,R,,,,,,R,,R,R
ERR2307800,PRJEB24099,SAMEA104600563,,,,,R,,R,,,,,,R,,R,R
ERR2307801,PRJEB24099,SAMEA104600564,,,,,S,,R,,,,,,S,,R,S
ERR2307802,PRJEB24099,SAMEA104600565,,,,,R,,R,,,,,,R,,R,R
SRR1159349,PRJNA229570,SAMN02419533,,,,,,,,,,,,,,,,
SRR1159661,PRJNA229571,SAMN02419534,,,,,,,,,,,,,,,,
SRR1159721,PRJNA229573,SAMN02419536,,,,,,,,,,,,,,,,
SRR1159393,PRJNA229575,SAMN02419538,,,,,,,,,,,,,,,,
SRR1159083,PRJNA229578,SAMN02419541,,,,,,,,,,,,,,,,
SRR1159044,PRJNA229584,SAMN02419547,,,,,,,,,,,,,,,,
SRR1159760,PRJNA229585,SAMN02419548,,,,,,,,,,,,,,,,
SRR1181093,PRJNA229596,SAMN02419558,,,,,,,,,,,,,,,,
SRR1159521,PRJNA229598,SAMN02419560,,,,,,,,,,,,,,,,
SRR1159700,PRJNA229599,SAMN02419561,,,,,,,,,,,,,,,,
SRR1158874,PRJNA229600,SAMN02419562,,,,,,,,,,,,,,,,
SRR1159738,PRJNA229603,SAMN02419565,,,,,,,,,,,,,,,,
SRR1159108,PRJNA229605,SAMN02419567,,,,,,,,,,,,,,,,
SRR1158898,PRJNA229607,SAMN02419569,,,,,,,,,,,,,,,,
SRR1181155,PRJNA229608,SAMN02419570,,,,,,,,,,,,,,,,
SRR1159121,PRJNA229609,SAMN02419571,,,,,,,,,,,,,,,,
SRR1181074,PRJNA229615,SAMN02419577,,,,,,,,,,,,,,,,
SRR1159076,PRJNA229618,SAMN02419579,,,,,,,,,,,,,,,,
SRR1158923,PRJNA229619,SAMN02419580,,,,,,,,,,,,,,,,
SRR1158907,PRJNA229622,SAMN02419583,,,,,,,,,,,,,,,,
SRR1159293,PRJNA229624,SAMN02419585,,,,,,,,,,,,,,,,
SRR1158950,PRJNA229626,SAMN02419587,,,,,,,,,,,,,,,,
SRR1159262,PRJNA229627,SAMN02419588,,,,,,,,,,,,,,,,
SRR1159294,PRJNA229629,SAMN02419590,,,,,,,,,,,,,,,,
SRR1180924,PRJNA229630,SAMN02419591,,,,,,,,,,,,,,,,
SRR1158943,PRJNA229631,SAMN02419592,,,,,,,,,,,,,,,,
SRR1159034,PRJNA229632,SAMN02419593,,,,,,,,,,,,,,,,
SRR1158990,PRJNA229634,SAMN02419595,,,,,,,,,,,,,,,,
SRR1159003,PRJNA229635,SAMN02419596,,,,,,,,,,,,,,,,
SRR1159861,PRJNA229636,SAMN02419597,,,,,,,,,,,,,,,,
SRR1159122,PRJNA229641,SAMN02419602,,,,,,,,,,,,,,,,
SRR1163025,PRJNA229646,SAMN02419606,,,,,,,,,,,,,,,,
SRR1163050,PRJNA229649,SAMN02419609,,,,,,,,,,,,,,,,
SRR1163202,PRJNA229651,SAMN02419611,,,,,,,,,,,,,,,,
SRR1163121,PRJNA229652,SAMN02419612,,,,,,,,,,,,,,,,
SRR1162947,PRJNA229654,SAMN02419614,,,,,,,,,,,,,,,,
SRR1163126,PRJNA229655,SAMN02419615,,,,,,,,,,,,,,,,
SRR1163135,PRJNA229656,SAMN02419616,,,,,,,,,,,,,,,,
SRR1163101,PRJNA229668,SAMN02419628,,,,,,,,,,,,,,,,
SRR1162952,PRJNA229669,SAMN02419629,,,,,,,,,,,,,,,,
SRR1163198,PRJNA229671,SAMN02419631,,,,,,,,,,,,,,,,
SRR1163021,PRJNA229674,SAMN02419634,,,,,,,,,,,,,,,,
SRR1163079,PRJNA229677,SAMN02419636,,,,,,,,,,,,,,,,
SRR1163002,PRJNA229679,SAMN02419638,,,,,,,,,,,,,,,,
SRR1163114,PRJNA229691,SAMN02419649,,,,,,,,,,,,,,,,
SRR1163080,PRJNA229692,SAMN02419650,,,,,,,,,,,,,,,,
SRR1163139,PRJNA229693,SAMN02419651,,,,,,,,,,,,,,,,
SRR1162953,PRJNA229697,SAMN02419655,,,,,,,,,,,,,,,,
SRR1163211,PRJNA229698,SAMN02419656,,,,,,,,,,,,,,,,
SRR1163103,PRJNA229700,SAMN02419658,,,,,,,,,,,,,,,,
SRR1162966,PRJNA229701,SAMN02419659,,,,,,,,,,,,,,,,
SRR1163145,PRJNA229704,SAMN02419662,,,,,,,,,,,,,,,,
SRR1163023,PRJNA229706,SAMN02419664,,,,,,,,,,,,,,,,
SRR1163369,PRJNA229709,SAMN02419667,,,,,,,,,,,,,,,,
SRR1163104,PRJNA229710,SAMN02419668,,,,,,,,,,,,,,,,
SRR1163172,PRJNA229712,SAMN02419670,,,,,,,,,,,,,,,,
SRR1163177,PRJNA229716,SAMN02419674,,,,,,,,,,,,,,,,
SRR1163081,PRJNA229717,SAMN02419675,,,,,,,,,,,,,,,,
SRR1162980,PRJNA229718,SAMN02419676,,,,,,,,,,,,,,,,
SRR1163178,PRJNA229721,SAMN02419679,,,,,,,,,,,,,,,,
SRR1162977,PRJNA229727,SAMN02419685,,,,,,,,,,,,,,,,
ERR553122,PRJEB6273,SAMEA2535155,,,,,R,,R,,,,,,R,,R,
ERR553123,PRJEB6273,SAMEA2535155,,,,,R,,R,,,,,,R,,R,
ERR552480,PRJEB6273,SAMEA2534677,,,,,S,,R,,,,,,S,,R,
ERR552481,PRJEB6273,SAMEA2534677,,,,,S,,R,,,,,,S,,R,
ERR552482,PRJEB7281,SAMEA2534677,,,,,S,,R,,,,,,S,,R,
ERR552086,PRJEB6273,SAMEA2534405,S,,S,S,S,S,R,,S,,S,S,R,R,R,S
ERR552087,PRJEB6273,SAMEA2534405,S,,S,S,S,S,R,,S,,S,S,R,R,R,S
ERR552088,PRJEB6273,SAMEA2534405,S,,S,S,S,S,R,,S,,S,S,R,R,R,S
ERR552089,PRJEB6273,SAMEA2534405,S,,S,S,S,S,R,,S,,S,S,R,R,R,S
ERR552666,PRJEB6273,SAMEA2534809,,,S,S,S,S,R,,S,,S,,R,R,R,S
ERR552668,PRJEB7281,SAMEA2534809,,,S,S,S,S,R,,S,,S,,R,R,R,S
ERR552669,PRJEB7281,SAMEA2534809,,,S,S,S,S,R,,S,,S,,R,R,R,S
ERR552670,PRJEB7281,SAMEA2534809,,,S,S,S,S,R,,S,,S,,R,R,R,S
ERR552671,PRJEB7281,SAMEA2534809,,,S,S,S,S,R,,S,,S,,R,R,R,S
ERR2307402,PRJEB24099,SAMEA104600195,,,,,,,R,,,,,,,,,
ERR2307403,PRJEB24099,SAMEA104600195,,,,,,,R,,,,,,,,,
ERR2307450,PRJEB24099,SAMEA104600241,,,,,R,,R,,,,,,R,,R,S
ERR2307451,PRJEB24099,SAMEA104600241,,,,,R,,R,,,,,,R,,R,S
ERR2307480,PRJEB24099,SAMEA104600270,S,,S,S,,S,,,S,S,S,S,R,,,
ERR2307481,PRJEB24099,SAMEA104600270,S,,S,S,,S,,,S,S,S,S,R,,,
ERR551235,PRJEB6273,SAMEA2533795,R,,R,S,R,,R,,S,S,S,S,R,R,R,R
ERR551484,PRJEB6273,SAMEA2533976,,,S,,R,,R,,,,S,,R,,R,S
ERR551485,PRJEB6273,SAMEA2533976,,,S,,R,,R,,,,S,,R,,R,S
ERR552429,PRJEB7281,SAMEA2534642,R,,R,S,R,R,R,,S,R,R,R,R,R,R,R
ERR552430,PRJEB6273,SAMEA2534642,R,,R,S,R,R,R,,S,R,R,R,R,R,R,R
ERR2307530,PRJEB24099,SAMEA104600318,,,,,R,,R,,,,,,S,,R,S
ERR2307531,PRJEB24099,SAMEA104600318,,,,,R,,R,,,,,,S,,R,S
ERR550833,PRJEB6273,SAMEA2533506,S,,S,S,R,S,R,,,,S,,R,,R,S
ERR550834,PRJEB6273,SAMEA2533506,S,,S,S,R,S,R,,,,S,,R,,R,S
ERR551036,PRJEB6273,SAMEA2533650,,,S,S,R,S,R,,S,,S,,R,,R,S
ERR551037,PRJEB6273,SAMEA2533650,,,S,S,R,S,R,,S,,S,,R,,R,S
ERR2307543,PRJEB24099,SAMEA104600330,,,,,R,,R,,,,,,R,,R,
ERR2307544,PRJEB24099,SAMEA104600330,,,,,R,,R,,,,,,R,,R,
ERR552001,PRJEB6273,SAMEA2534344,,,,,,,,,,,,,,,,
ERR552002,PRJEB6273,SAMEA2534344,,,,,,,,,,,,,,,,
ERR551869,PRJEB6273,SAMEA2534253,,,,,,,,,,,,,,,,
ERR551870,PRJEB6273,SAMEA2534253,,,,,,,,,,,,,,,,
ERR552450,PRJEB6273,SAMEA2534656,,,S,,R,,R,,,,S,,R,,R,R
ERR552451,PRJEB6273,SAMEA2534656,,,S,,R,,R,,,,S,,R,,R,R
ERR552452,PRJEB6273,SAMEA2534656,,,S,,R,,R,,,,S,,R,,R,R
ERR550719,PRJEB6273,SAMEA2533419,,,S,S,S,S,R,,,,S,,R,,R,S
ERR550720,PRJEB6273,SAMEA2533419,,,S,S,S,S,R,,,,S,,R,,R,S
ERR551443,PRJEB6273,SAMEA2533945,S,,S,R,S,R,R,,,,S,R,R,,R,S
ERR551444,PRJEB6273,SAMEA2533945,S,,S,R,S,R,R,,,,S,R,R,,R,S
ERR551445,PRJEB6273,SAMEA2533945,S,,S,R,S,R,R,,,,S,R,R,,R,S
ERR2307585,PRJEB24099,SAMEA104600370,,,,,R,,R,,,,,,R,,R,S
ERR2307586,PRJEB24099,SAMEA104600370,,,,,R,,R,,,,,,R,,R,S
ERR553067,PRJEB6273,SAMEA2535113,S,,S,S,R,S,R,,,,S,F,R,,R,R
ERR551261,PRJEB6273,SAMEA2533813,S,,S,S,S,S,R,,S,,S,,R,,R,S
ERR551262,PRJEB6273,SAMEA2533813,S,,S,S,S,S,R,,S,,S,,R,,R,S
ERR551263,PRJEB6273,SAMEA2533813,S,,S,S,S,S,R,,S,,S,,R,,R,S
ERR2307615,PRJEB24099,SAMEA104600399,,,,,R,,R,,,,,,R,,R,S
ERR2307616,PRJEB24099,SAMEA104600399,,,,,R,,R,,,,,,R,,R,S
ERR2307626,PRJEB24099,SAMEA104600409,,,,,R,,R,,,,,,R,,R,S
ERR2307627,PRJEB24099,SAMEA104600409,,,,,R,,R,,,,,,R,,R,S
ERR552910,PRJEB7281,SAMEA2534993,,,,,,,,,,,,,,,,
ERR552911,PRJEB7281,SAMEA2534993,,,,,,,,,,,,,,,,
ERR2307716,PRJEB24099,SAMEA104600492,,,,,R,,R,,,,,,R,,R,R
ERR2307717,PRJEB24099,SAMEA104600492,,,,,R,,R,,,,,,R,,R,R
ERR2307726,PRJEB24099,SAMEA104600499,,,,,R,,R,,,,,,R,,R,R
ERR2307727,PRJEB24099,SAMEA104600499,,,,,R,,R,,,,,,R,,R,R
ERR551369,PRJEB7281,SAMEA2533893,,,,,,,,,,,,,,,,
ERR551370,PRJEB7281,SAMEA2533893,,,,,,,,,,,,,,,,
