accession,S,H,R,E,Z,Am,Km,Cm,Cs,Cfx,Ofx,PAS,Rbt,Mfx,Line,Eto
ERR108514,r,r,r,r,s,r,nd,s,nd,nd,s,nd,nd,nd,nd,nd
ERR108499,r,r,r,s,s,s,nd,s,nd,nd,r,nd,nd,nd,nd,nd
ERR234597,r,r,r,s,s,r,nd,s,nd,nd,s,nd,nd,nd,nd,nd
ERR133815,r,r,r,s,r,s,nd,s,nd,nd,s,nd,nd,nd,nd,nd
ERR067584,r,r,r,r,s,r,nd,r,nd,nd,r,nd,nd,r,nd,nd
ERR133837,r,r,r,s,s,s,nd,s,nd,nd,s,nd,nd,nd,nd,nd
ERR067723,r,r,r,s,s,s,nd,s,nd,nd,s,nd,nd,nd,nd,nd
ERR067692,r,r,r,r,s,s,nd,s,nd,nd,s,nd,nd,nd,nd,nd
ERR067694,r,r,r,s,s,r,nd,r,nd,nd,s,nd,nd,nd,nd,nd
ERR234630,r,r,r,r,r,s,nd,s,nd,nd,s,nd,nd,s,nd,nd
ERR067696,r,r,r,s,s,r,nd,s,nd,nd,r,nd,nd,nd,nd,nd
ERR067588,r,r,r,s,s,s,nd,r,nd,nd,s,nd,nd,s,nd,nd
ERR067744,r,r,r,s,s,s,nd,s,nd,nd,r,nd,nd,s,nd,nd
ERR234607,r,r,r,s,r,s,nd,s,nd,nd,s,nd,nd,s,nd,nd
ERR067631,r,r,r,s,s,s,nd,s,nd,nd,s,nd,nd,s,nd,nd
ERR234639,r,r,r,r,r,s,nd,s,nd,nd,r,nd,nd,r,nd,nd
ERR234584,r,r,r,r,r,s,nd,s,nd,nd,s,nd,nd,s,nd,nd
ERR133879,r,r,r,r,r,s,nd,s,nd,nd,r,nd,nd,r,nd,nd
ERR133880,s,r,r,s,r,s,nd,s,nd,nd,s,nd,nd,s,nd,nd
ERR234600,r,r,r,r,r,s,nd,r,nd,nd,r,nd,nd,r,nd,nd
ERR133888,r,r,r,r,s,s,nd,s,nd,nd,s,nd,nd,nd,nd,nd
ERR234649,r,r,r,s,r,r,nd,r,nd,nd,s,nd,nd,s,nd,nd
ERR133899,r,r,r,r,s,r,nd,s,nd,nd,s,nd,nd,s,nd,nd
ERR234610,r,r,r,s,s,s,nd,s,nd,nd,r,nd,nd,r,nd,nd
ERR133900,r,r,r,r,r,r,nd,r,nd,nd,r,nd,nd,r,nd,nd
ERR133901,r,r,r,r,s,s,nd,s,nd,nd,r,nd,nd,r,nd,nd
ERR133907,r,r,r,r,s,s,nd,s,nd,nd,r,nd,nd,s,nd,nd
ERR117454,r,r,r,s,r,r,nd,r,nd,nd,r,nd,nd,r,nd,nd
ERR133951,r,r,r,r,r,s,nd,s,nd,nd,r,nd,nd,r,nd,nd
ERR067659,r,r,r,s,s,r,nd,r,nd,nd,s,nd,nd,s,nd,nd
ERR067667,r,r,r,r,s,s,nd,s,nd,nd,s,nd,nd,s,nd,nd
ERR108439,r,r,r,r,s,s,nd,s,nd,nd,s,nd,nd,s,nd,nd
ERR067668,r,r,r,r,r,s,nd,s,nd,nd,s,nd,nd,s,nd,nd
ERR067671,r,r,r,r,s,r,nd,r,nd,nd,r,nd,nd,r,nd,nd
ERR067644,r,r,r,r,r,r,nd,s,nd,nd,r,nd,nd,r,nd,nd
ERR067674,r,r,r,r,s,r,nd,r,nd,nd,r,nd,nd,s,nd,nd
ERS458482,r,r,r,r,s,nd,nd,s,s,nd,s,nd,nd,nd,nd,r
ERS458557,r,r,r,r,nd,nd,nd,nd,nd,nd,nd,nd,nd,nd,nd,nd
ERS458185,r,r,r,s,s,s,nd,s,s,nd,s,s,r,nd,s,s
ERR133982,r,r,r,s,s,s,nd,s,nd,nd,s,nd,nd,s,nd,nd
ERS458728,r,r,r,r,r,nd,nd,r,s,nd,s,nd,nd,nd,s,b
ERS457369,r,r,r,r,s,nd,nd,s,s,nd,s,nd,s,nd,s,r
ERS457080,r,r,r,s,r,nd,nd,s,s,nd,s,r,nd,nd,s,r
ERR108488,r,r,r,s,r,s,nd,s,nd,nd,s,nd,nd,s,nd,nd
ERS2211441,r,r,r,r,r,nd,nd,nd,nd,nd,nd,nd,nd,nd,nd,nd
ERS2211442,r,r,r,r,s,s,nd,s,s,nd,s,s,nd,s,s,s
ERR108420,r,r,r,r,s,s,nd,r,nd,nd,r,nd,nd,r,nd,nd
ERS458346,r,r,r,s,s,s,nd,s,s,nd,s,s,r,nd,s,s
ERS458351,r,r,r,s,s,nd,nd,s,s,nd,r,nd,nd,s,s,r
ERS2211443,r,r,r,r,s,s,nd,s,s,nd,s,s,r,nd,s,s
ERR108421,r,r,r,r,r,s,nd,s,nd,nd,s,nd,nd,s,nd,nd
ERS2211444,r,r,r,r,s,nd,nd,nd,nd,nd,nd,nd,nd,nd,nd,nd
ERS458009,r,r,r,r,s,r,nd,r,s,nd,s,r,nd,nd,nd,s
ERS2211445,r,r,r,r,s,nd,nd,s,s,nd,s,nd,nd,nd,s,r
ERS457999,r,r,r,s,s,nd,nd,s,nd,nd,s,nd,nd,nd,nd,nd
ERS2211446,r,r,r,r,r,s,nd,s,s,nd,s,s,r,nd,s,s
ERS456750,r,r,r,r,r,nd,nd,s,s,nd,s,nd,nd,nd,s,r
ERS458079,r,r,s,s,nd,nd,nd,nd,nd,nd,nd,nd,nd,nd,nd,nd
ERR108443,r,r,r,r,r,s,nd,s,nd,nd,s,nd,nd,s,nd,nd
ERS2211447,r,r,r,b,nd,nd,nd,nd,nd,nd,nd,nd,nd,nd,nd,nd
ERS2211448,r,r,s,b,nd,nd,nd,nd,nd,nd,nd,nd,nd,nd,nd,nd
ERS2211449,r,r,r,r,nd,nd,nd,nd,nd,nd,nd,nd,nd,nd,nd,nd
ERS2211450,r,r,r,b,nd,nd,nd,nd,nd,nd,nd,nd,nd,nd,nd,nd
ERS2211451,r,r,r,s,nd,nd,nd,nd,nd,nd,nd,nd,nd,nd,nd,nd
ERS2211452,r,r,r,r,nd,nd,nd,nd,nd,nd,nd,nd,nd,nd,nd,nd
ERS457807,r,r,r,s,s,s,nd,s,s,nd,s,s,r,nd,s,s
ERS2211453,r,r,r,r,nd,nd,nd,nd,nd,nd,nd,nd,nd,nd,nd,nd
ERS457861,r,r,r,r,r,s,nd,s,s,nd,s,s,r,s,s,r
ERS457039,r,r,r,s,s,nd,nd,s,nd,nd,s,nd,nd,nd,nd,s
ERS2211454,r,r,r,r,r,nd,nd,nd,nd,nd,nd,nd,nd,nd,nd,nd
ERS457269,r,r,r,r,s,s,nd,s,s,nd,s,s,r,nd,s,s
ERS2211455,r,r,r,r,r,r,nd,r,s,nd,s,s,nd,nd,nd,r
ERS2211456,r,r,s,r,r,nd,nd,nd,nd,nd,nd,nd,nd,nd,nd,nd
ERS2211457,s,s,r,s,s,s,nd,s,b,nd,s,s,nd,nd,s,nd
ERS2211458,r,r,r,r,r,nd,nd,nd,nd,nd,nd,nd,nd,nd,nd,nd
ERR137192,r,r,r,r,r,s,nd,s,nd,nd,s,nd,nd,s,nd,nd
ERS2211459,r,r,r,r,nd,nd,nd,nd,nd,nd,nd,nd,nd,nd,nd,nd
ERS2211460,r,r,r,r,r,nd,nd,nd,nd,nd,nd,nd,nd,nd,nd,nd
ERS2211419,nd,nd,nd,nd,nd,nd,nd,nd,nd,nd,nd,nd,nd,nd,nd,nd
ERS458014,r,r,r,r,s,s,nd,s,s,nd,s,F,nd,nd,nd,s
ERS458666,r,r,r,r,s,nd,nd,s,s,nd,s,nd,nd,nd,s,r
ERS2211461,nd,nd,nd,nd,nd,nd,nd,nd,nd,nd,nd,nd,nd,nd,nd,nd
ERS2211462,r,r,r,r,r,nd,nd,nd,nd,nd,nd,nd,nd,nd,nd,nd
ERS2211463,r,r,r,r,s,nd,nd,nd,nd,nd,nd,nd,nd,nd,nd,nd
ERS2211464,r,r,r,r,nd,nd,nd,nd,nd,nd,nd,nd,nd,nd,nd,nd
ERS458211,r,r,r,s,s,nd,nd,s,s,nd,s,nd,r,nd,s,s
ERS457918,r,r,r,r,s,nd,nd,r,s,nd,s,nd,nd,nd,s,r
ERS457840,r,r,r,r,r,nd,nd,nd,nd,nd,nd,nd,nd,nd,nd,r
ERS2211465,r,r,r,r,r,nd,nd,s,s,nd,s,nd,nd,nd,s,s
ERS2211466,r,r,r,r,r,nd,nd,nd,nd,nd,nd,nd,nd,nd,nd,nd
ERS2211467,r,r,r,r,r,nd,nd,nd,nd,nd,nd,nd,nd,nd,nd,nd
ERS457358,r,r,r,r,s,nd,nd,r,s,nd,s,nd,nd,nd,s,s
ERS2211420,nd,nd,nd,nd,nd,nd,nd,nd,nd,nd,nd,nd,nd,nd,nd,nd
ERS457552,r,r,r,r,s,r,nd,r,s,nd,s,s,nd,nd,nd,r
ERS2211468,r,r,r,r,s,nd,nd,nd,nd,nd,nd,nd,nd,nd,nd,nd
ERS457473,r,r,r,r,s,s,nd,s,s,nd,s,nd,nd,nd,nd,s
ERS458731,r,r,r,s,s,s,nd,s,s,nd,s,s,nd,nd,s,nd
ERS2211469,r,r,r,r,s,nd,nd,nd,nd,nd,nd,nd,nd,nd,nd,nd
ERS2211470,r,r,r,r,s,nd,nd,nd,nd,nd,nd,nd,nd,nd,nd,nd
ERS2211471,r,r,r,r,r,nd,nd,nd,nd,nd,nd,nd,nd,nd,nd,nd
ERS2211472,r,r,r,r,r,nd,nd,nd,nd,nd,nd,nd,nd,nd,nd,nd
ERS2211473,r,r,r,s,s,nd,nd,nd,s,nd,s,nd,nd,nd,nd,s
ERS2211474,r,r,r,r,nd,nd,nd,nd,nd,nd,nd,nd,nd,nd,nd,nd
ERR137231,r,r,r,r,r,s,nd,s,nd,nd,r,nd,nd,r,nd,nd
ERR227982,r,r,r,r,s,s,nd,s,nd,nd,s,nd,nd,s,nd,nd
ERS457776,r,r,r,r,s,nd,nd,s,s,nd,s,nd,nd,nd,s,r
ERR117463,r,r,r,s,s,s,nd,s,nd,nd,r,nd,nd,r,nd,nd
ERS2211475,r,r,r,r,s,s,nd,s,s,nd,s,s,r,nd,s,s
ERS2211476,r,r,r,r,s,nd,nd,nd,nd,nd,nd,nd,nd,nd,nd,nd
ERR137243,r,r,r,r,r,s,nd,s,nd,nd,r,nd,nd,r,nd,nd
ERR117464,r,r,r,r,r,s,nd,s,nd,nd,r,nd,nd,r,nd,nd
ERR108450,r,r,r,r,r,s,nd,s,nd,nd,r,nd,nd,s,nd,nd
ERR228006,r,r,r,s,r,s,nd,s,nd,nd,r,nd,nd,s,nd,nd
ERR067715,r,r,r,r,s,s,nd,s,nd,nd,r,nd,nd,s,nd,nd
ERS2211477,nd,r,nd,nd,nd,nd,nd,nd,nd,nd,nd,nd,nd,nd,nd,nd
ERR137247,r,r,r,r,r,nd,nd,nd,nd,nd,nd,nd,nd,nd,nd,nd
ERS2211478,r,r,r,r,s,nd,nd,s,s,nd,s,nd,nd,nd,s,r
ERS1110440,r,r,r,r,nd,nd,nd,nd,nd,nd,nd,nd,nd,nd,nd,nd
ERR108435,r,r,r,s,r,s,nd,s,nd,nd,r,nd,nd,r,nd,nd
ERS2211479,r,r,r,r,s,nd,nd,nd,nd,nd,nd,nd,nd,nd,nd,nd
ERS2211480,r,r,r,r,r,nd,nd,nd,nd,nd,nd,nd,nd,nd,nd,nd
ERS2211481,r,r,r,r,nd,nd,nd,nd,nd,nd,nd,nd,nd,nd,nd,nd
ERS2211482,r,r,r,r,nd,nd,nd,nd,nd,nd,nd,nd,nd,nd,nd,nd
ERS2211421,r,r,r,r,nd,nd,nd,nd,nd,nd,nd,nd,nd,nd,nd,nd
ERR137254,r,r,r,r,s,s,nd,s,nd,nd,r,nd,nd,r,nd,nd
ERR137255,r,r,r,s,r,s,nd,r,nd,nd,s,nd,nd,s,nd,nd
ERS456916,r,r,r,s,s,r,nd,s,s,nd,s,s,r,nd,s,s
ERR137257,r,r,r,s,s,s,nd,s,nd,nd,r,nd,nd,r,nd,nd
ERS2211483,r,r,r,r,s,nd,nd,nd,nd,nd,nd,nd,nd,nd,nd,nd
ERS458518,r,r,r,r,s,r,nd,r,s,nd,s,s,r,nd,s,s
ERS2211484,r,r,r,r,nd,nd,nd,nd,nd,nd,nd,nd,nd,nd,nd,nd
ERS2211485,r,r,r,r,s,nd,nd,nd,nd,nd,nd,nd,nd,nd,nd,nd
ERR137271,r,r,r,r,r,s,nd,s,nd,nd,s,nd,nd,s,nd,nd
ERR137282,r,r,r,s,s,r,nd,r,nd,nd,s,nd,nd,s,nd,nd
ERS2211486,r,r,r,r,r,nd,nd,nd,nd,nd,nd,nd,nd,nd,nd,nd
ERR144542,r,r,r,s,r,s,nd,s,nd,nd,s,nd,nd,s,nd,nd
ERS2211487,r,r,r,r,s,nd,nd,nd,nd,nd,nd,nd,nd,nd,nd,nd
ERS2211488,r,r,r,r,nd,nd,nd,nd,nd,nd,nd,nd,nd,nd,nd,nd
ERS2211489,r,r,s,s,s,nd,nd,nd,nd,nd,nd,nd,nd,nd,nd,nd
ERS2211490,r,r,r,s,nd,nd,nd,nd,nd,nd,nd,nd,nd,nd,nd,nd
ERS2211491,r,r,r,r,nd,nd,nd,nd,nd,nd,nd,nd,nd,nd,nd,nd
ERS2211492,r,r,r,r,nd,nd,nd,nd,nd,nd,nd,nd,nd,nd,nd,nd
ERS2211493,r,r,r,r,nd,nd,nd,nd,nd,nd,nd,nd,nd,nd,nd,nd
ERS2211494,r,r,r,r,nd,nd,nd,nd,nd,nd,nd,nd,nd,nd,nd,nd
ERS2211495,s,s,s,r,r,nd,s,s,nd,s,s,r,nd,nd,s,s
ERR144570,r,r,r,s,s,s,nd,s,nd,nd,s,nd,nd,s,nd,nd
ERR144571,r,r,r,r,r,s,nd,s,nd,nd,s,nd,nd,s,nd,nd
ERR144581,r,r,r,s,r,s,nd,s,nd,nd,s,nd,nd,s,nd,nd
ERS457471,r,r,r,s,r,s,nd,s,s,nd,s,b,r,s,s,nd
ERS2211496,r,r,r,r,r,nd,nd,nd,nd,nd,nd,nd,nd,nd,nd,nd
ERS2211497,r,r,r,r,nd,nd,nd,nd,nd,nd,nd,nd,nd,nd,nd,nd
ERS2211498,r,r,nd,nd,nd,nd,nd,nd,nd,nd,nd,nd,nd,nd,nd,nd
ERR144595,r,r,r,r,r,s,nd,s,nd,nd,r,nd,nd,r,nd,nd
ERS2211499,r,r,r,r,r,nd,nd,nd,nd,nd,nd,nd,nd,nd,nd,nd
ERS2211500,r,r,r,r,s,nd,nd,nd,nd,nd,nd,nd,nd,nd,nd,nd
ERS2211501,r,r,r,s,s,nd,nd,nd,nd,nd,nd,nd,nd,nd,nd,nd
ERR108453,r,r,r,r,r,s,nd,s,nd,nd,r,nd,nd,r,nd,nd
ERS2211502,r,r,r,r,r,s,nd,s,s,nd,s,s,r,nd,s,r
ERS2211503,r,r,r,r,r,nd,nd,nd,nd,nd,nd,nd,nd,nd,nd,nd
ERS2211504,r,r,r,s,nd,nd,nd,nd,nd,nd,nd,nd,nd,nd,nd,nd
ERS2211505,r,r,r,r,r,nd,nd,nd,nd,nd,nd,nd,nd,nd,nd,nd
ERR144607,r,r,r,r,r,s,nd,s,nd,nd,s,nd,nd,s,nd,nd
ERS2211506,r,r,r,r,s,nd,nd,nd,nd,nd,nd,nd,nd,nd,nd,nd
ERS2211507,r,r,r,r,nd,nd,nd,nd,nd,nd,nd,nd,nd,nd,nd,nd
ERR144623,r,r,r,s,s,s,nd,s,nd,nd,r,nd,nd,r,nd,nd
ERS2211508,r,r,r,r,r,s,nd,s,s,nd,s,s,nd,nd,s,r
ERR144635,r,r,r,r,r,s,nd,s,nd,nd,s,nd,nd,s,nd,nd
ERS2211509,r,r,r,r,r,nd,nd,nd,nd,nd,nd,nd,nd,nd,nd,nd
ERR158581,r,r,r,r,s,s,nd,s,nd,nd,s,nd,nd,s,nd,nd
ERS2211510,r,r,r,r,r,nd,nd,nd,nd,nd,nd,nd,nd,nd,nd,nd
ERS2211511,r,r,r,r,s,nd,nd,nd,nd,nd,nd,nd,nd,nd,nd,nd
ERR158587,r,r,r,r,r,s,nd,s,nd,nd,r,nd,nd,r,nd,nd
ERR158588,r,r,r,r,r,r,nd,r,nd,nd,r,nd,nd,r,nd,nd
ERS2211512,r,r,r,r,nd,nd,nd,nd,nd,nd,nd,nd,nd,nd,nd,nd
ERS2211513,r,r,r,r,r,nd,nd,nd,nd,nd,nd,nd,nd,nd,nd,nd
ERS2211514,r,r,r,nd,nd,nd,nd,nd,nd,nd,nd,nd,nd,nd,nd,nd
ERR228039,r,r,r,r,r,s,nd,s,nd,nd,s,nd,nd,s,nd,nd
ERS2211515,r,r,r,r,s,nd,nd,nd,nd,nd,nd,nd,nd,nd,nd,nd
ERS2211516,r,r,r,r,nd,nd,nd,nd,nd,nd,nd,nd,nd,nd,nd,nd
ERR227976,r,r,r,s,s,s,nd,s,nd,nd,s,nd,nd,s,nd,nd
ERR227977,r,r,r,r,s,s,nd,s,nd,nd,s,nd,nd,s,nd,nd
ERS2211517,r,r,r,r,nd,nd,nd,nd,nd,nd,nd,nd,nd,nd,nd,nd
ERS2211518,r,r,r,s,nd,nd,nd,nd,nd,nd,nd,nd,nd,nd,nd,nd
ERR228028,r,r,r,r,r,s,nd,s,nd,nd,s,nd,nd,s,nd,nd
ERS2211519,r,r,r,r,s,nd,nd,nd,nd,nd,nd,nd,nd,nd,nd,nd
ERR229955,r,r,r,r,s,s,nd,s,nd,nd,s,nd,nd,r,nd,nd
ERS2211520,r,r,r,r,s,nd,nd,nd,nd,nd,nd,nd,nd,nd,nd,nd
ERR229995,r,r,r,s,s,s,nd,s,nd,nd,s,nd,nd,s,nd,nd
ERS2211521,r,r,r,r,nd,nd,nd,nd,nd,nd,nd,nd,nd,nd,nd,nd
ERS2211522,r,r,r,r,nd,nd,nd,nd,nd,nd,nd,nd,nd,nd,nd,nd
ERR229949,r,r,r,r,r,s,nd,s,nd,nd,s,nd,nd,s,nd,nd
ERR229982,r,r,r,r,r,r,nd,r,nd,nd,r,nd,nd,r,nd,nd
ERS457735,r,r,r,r,s,r,nd,s,s,nd,s,s,nd,nd,nd,s
ERS2211523,r,r,r,r,s,nd,nd,nd,nd,nd,nd,nd,nd,nd,nd,nd
ERR230006,r,r,r,r,s,r,nd,s,nd,nd,s,nd,nd,s,nd,nd
ERS2211524,r,r,r,r,r,nd,nd,nd,nd,nd,nd,nd,nd,nd,nd,nd
ERR230007,r,r,r,r,s,s,nd,s,nd,nd,s,nd,nd,s,nd,nd
ERS458471,nd,nd,r,s,nd,nd,nd,nd,nd,nd,s,nd,nd,nd,nd,nd
ERR229936,r,r,r,r,r,s,nd,s,nd,nd,s,nd,nd,s,nd,nd
ERS457771,r,r,r,r,r,nd,nd,s,s,nd,s,nd,nd,nd,s,s
ERR229976,r,r,r,r,s,s,nd,s,nd,nd,r,nd,nd,r,nd,nd
ERS457384,r,r,r,s,r,nd,nd,nd,nd,nd,nd,nd,nd,nd,nd,nd
ERR229929,r,r,r,r,r,s,nd,r,nd,nd,r,nd,nd,r,nd,nd
ERR229969,r,r,r,s,r,s,nd,s,nd,nd,s,nd,nd,s,nd,nd
ERS2211525,nd,nd,nd,nd,nd,nd,nd,nd,nd,nd,nd,nd,nd,nd,nd,nd
ERR234668,r,r,r,r,r,s,nd,s,nd,nd,r,nd,nd,s,nd,nd
ERS2211526,r,r,r,r,r,nd,nd,nd,nd,nd,nd,nd,nd,nd,nd,nd
ERS2211527,r,r,r,r,r,nd,nd,nd,nd,nd,nd,nd,nd,nd,nd,nd
ERS2211528,r,r,r,r,r,nd,nd,nd,nd,nd,nd,nd,nd,nd,nd,nd
ERS457651,r,r,r,r,s,s,nd,s,s,nd,s,s,r,s,s,s
ERS2211529,r,r,r,r,r,nd,nd,nd,nd,nd,nd,nd,nd,nd,nd,nd
ERS2211530,r,r,r,r,r,nd,nd,nd,nd,nd,nd,nd,nd,nd,nd,nd
ERS457562,r,r,r,r,s,s,nd,s,s,nd,s,s,r,nd,s,s
ERS2211531,r,r,s,s,s,nd,nd,nd,nd,nd,nd,nd,nd,nd,nd,nd
ERS2211532,r,r,r,r,s,nd,nd,nd,nd,nd,nd,nd,nd,nd,nd,nd
ERS2211533,r,r,r,r,r,nd,nd,s,s,nd,r,r,nd,nd,s,s
ERS2211534,nd,r,nd,nd,nd,nd,nd,nd,nd,nd,nd,nd,nd,nd,nd,nd
ERS2211535,r,r,r,r,r,nd,nd,nd,nd,nd,nd,nd,nd,nd,nd,nd
ERS2211536,r,r,s,s,s,nd,nd,nd,nd,nd,nd,nd,nd,nd,nd,nd
ERS2211537,r,r,r,r,r,nd,nd,nd,nd,nd,nd,nd,nd,nd,nd,nd
ERS2211538,r,r,r,r,s,nd,nd,nd,nd,nd,nd,nd,nd,nd,nd,nd
ERS2211539,r,r,r,r,s,nd,nd,nd,nd,nd,nd,nd,nd,nd,nd,nd
ERS2211540,r,r,s,s,s,nd,nd,nd,nd,nd,nd,nd,nd,nd,nd,nd
ERS2211541,r,r,r,s,s,r,nd,r,s,nd,s,s,nd,s,s,s
ERS456910,r,r,r,r,s,nd,nd,nd,nd,nd,nd,nd,nd,nd,nd,nd
ERS2211542,r,r,r,r,r,s,nd,s,s,nd,s,nd,nd,nd,nd,s
ERS2211543,r,r,r,r,r,nd,nd,nd,nd,nd,nd,nd,nd,nd,nd,nd
ERS2211544,r,r,r,r,r,nd,nd,nd,nd,nd,nd,nd,nd,nd,nd,nd
ERS2211545,r,r,r,r,r,nd,nd,nd,nd,nd,nd,nd,nd,nd,nd,nd
ERS2211546,r,r,s,s,s,nd,nd,nd,nd,nd,nd,nd,nd,nd,nd,nd
ERS2211547,r,r,r,r,r,nd,nd,nd,nd,nd,nd,nd,nd,nd,nd,nd
ERS458596,r,r,r,r,s,r,nd,s,s,nd,s,s,nd,nd,nd,s
ERS2211548,r,r,r,r,s,nd,nd,nd,nd,nd,nd,nd,nd,nd,nd,nd
ERS2211549,r,r,r,r,s,r,nd,r,s,nd,s,s,nd,nd,nd,r
ERS2211550,r,r,r,r,nd,nd,nd,nd,nd,nd,nd,nd,nd,nd,nd,nd
ERS2211551,r,r,r,r,s,nd,nd,nd,nd,nd,nd,nd,nd,nd,nd,nd
ERS2211552,nd,nd,r,nd,nd,s,nd,s,s,nd,s,s,nd,s,s,s
ERS2211553,r,r,r,r,r,nd,nd,s,s,nd,s,nd,nd,nd,s,s
ERS457987,r,r,r,r,s,nd,nd,s,nd,nd,s,nd,nd,nd,s,s
ERS2211554,r,r,r,r,nd,nd,nd,nd,nd,nd,nd,nd,nd,nd,nd,nd
ERS2211555,nd,r,nd,nd,nd,nd,nd,nd,nd,nd,nd,nd,nd,nd,nd,nd
ERS457197,r,r,r,r,r,r,nd,r,s,nd,s,s,r,s,s,nd
ERS2211556,r,r,r,r,r,nd,nd,nd,nd,nd,nd,nd,nd,nd,nd,nd
ERS2211557,r,r,r,r,s,nd,nd,r,nd,nd,s,nd,nd,nd,nd,nd
ERS458017,r,r,r,s,s,nd,nd,s,s,nd,s,nd,nd,nd,nd,s
ERS2211558,r,r,r,r,r,nd,nd,r,nd,nd,r,nd,nd,nd,nd,nd
ERS2211559,nd,r,r,nd,r,nd,nd,s,nd,nd,s,nd,nd,nd,nd,nd
ERS457721,r,r,r,s,s,nd,nd,s,s,nd,s,nd,nd,nd,s,s
ERS2211560,r,r,s,r,s,nd,nd,nd,nd,nd,nd,nd,nd,nd,nd,nd
ERS457094,r,r,r,r,s,s,nd,s,s,nd,s,s,r,nd,s,s
ERS2211561,r,r,r,r,r,nd,nd,s,nd,nd,s,nd,nd,nd,nd,nd
ERS2211562,r,r,r,s,s,nd,nd,s,s,nd,s,nd,nd,nd,s,s
ERS2211563,r,r,r,r,r,nd,nd,nd,nd,nd,nd,nd,nd,nd,nd,nd
ERS2211564,r,r,s,s,nd,nd,nd,nd,nd,nd,nd,nd,nd,nd,nd,nd
ERS457320,r,r,r,b,s,s,nd,s,s,nd,s,s,nd,nd,s,s
ERS457378,r,r,r,r,s,nd,nd,s,nd,nd,s,nd,nd,nd,nd,nd
ERS2211565,r,r,r,r,r,nd,nd,nd,nd,nd,nd,nd,nd,nd,nd,nd
ERS2211566,r,r,r,r,r,nd,nd,nd,nd,nd,nd,nd,nd,nd,nd,nd
ERS2211567,r,r,r,r,r,nd,nd,nd,nd,nd,nd,nd,nd,nd,nd,nd
ERS2211422,nd,nd,nd,nd,nd,nd,nd,nd,nd,nd,nd,nd,nd,nd,nd,nd
ERS2211568,r,r,r,r,s,nd,nd,s,s,nd,s,nd,nd,nd,s,s
ERS2211569,r,r,nd,nd,nd,nd,nd,nd,nd,nd,nd,nd,nd,nd,nd,nd
ERS2211570,r,r,r,s,nd,nd,nd,nd,nd,nd,nd,nd,nd,nd,nd,nd
ERS2211571,r,r,r,r,r,nd,nd,nd,nd,nd,nd,nd,nd,nd,nd,nd
ERS2211572,r,r,r,r,s,nd,nd,nd,nd,nd,nd,nd,nd,nd,nd,nd
ERS457235,r,r,r,s,s,nd,nd,s,s,nd,s,nd,nd,nd,nd,s
ERS2211573,r,r,r,r,nd,nd,nd,nd,nd,nd,nd,nd,nd,nd,nd,nd
ERS2211423,r,r,r,s,nd,nd,nd,nd,nd,nd,nd,nd,nd,nd,nd,nd
ERS2211574,r,r,r,r,s,nd,nd,nd,nd,nd,nd,nd,nd,nd,nd,nd
ERS456827,r,r,r,r,r,s,nd,s,s,nd,s,s,nd,nd,nd,s
ERS2211575,r,r,r,r,r,nd,nd,nd,nd,nd,nd,nd,nd,nd,nd,nd
ERS2211576,r,r,r,r,r,nd,nd,nd,nd,nd,nd,nd,nd,nd,nd,nd
ERS457727,r,r,r,r,r,r,nd,r,s,nd,s,s,nd,nd,s,s
ERS2211577,r,r,r,r,r,nd,nd,nd,nd,nd,nd,nd,nd,nd,nd,nd
ERS456861,r,r,r,r,r,s,nd,s,s,nd,s,s,nd,nd,nd,s
ERS2211578,r,r,r,r,r,nd,nd,nd,nd,nd,nd,nd,nd,nd,nd,nd
ERS2211579,r,r,r,s,s,nd,nd,s,s,nd,s,nd,nd,nd,s,s
ERS458044,r,r,r,r,r,r,nd,r,s,nd,r,r,r,r,s,r
ERS2211580,r,r,r,r,s,nd,nd,nd,nd,nd,nd,nd,nd,nd,nd,nd
ERS2211581,r,r,r,r,s,nd,nd,nd,nd,nd,nd,nd,nd,nd,nd,nd
ERS2211582,r,r,r,r,r,nd,nd,nd,nd,nd,nd,nd,nd,nd,nd,nd
ERS2211583,r,r,r,r,s,nd,nd,nd,nd,nd,nd,nd,nd,nd,nd,nd
ERS2211584,r,r,r,r,r,nd,nd,s,s,nd,s,nd,nd,nd,s,s
ERS458519,r,r,r,r,r,nd,nd,s,s,nd,s,nd,nd,nd,s,s
ERS2211585,r,r,s,s,s,nd,nd,nd,nd,nd,nd,nd,nd,nd,nd,nd
ERS2211586,r,r,r,r,s,nd,nd,nd,nd,nd,nd,nd,nd,nd,nd,nd
ERS457354,s,r,r,r,r,nd,s,s,nd,s,s,r,nd,nd,s,s
ERS2211587,r,r,r,r,r,nd,nd,nd,nd,nd,s,nd,nd,nd,nd,r
ERS2211588,r,r,r,s,nd,nd,nd,nd,nd,nd,nd,nd,nd,nd,nd,nd
ERS2211589,r,r,r,s,s,s,nd,s,s,nd,s,s,r,nd,s,s
ERS456892,r,r,r,r,s,nd,nd,s,s,nd,s,nd,nd,s,s,s
ERS2211590,r,r,r,s,s,s,nd,s,s,nd,s,s,nd,nd,s,r
ERS2211591,r,r,r,r,r,nd,nd,nd,nd,nd,nd,nd,nd,nd,nd,nd
ERS458207,r,r,r,s,r,s,nd,s,s,nd,s,nd,nd,nd,nd,s
ERS2211592,r,r,r,r,s,nd,nd,s,s,nd,s,nd,nd,nd,nd,s
ERS2211593,r,r,r,r,r,nd,nd,nd,nd,nd,nd,nd,nd,nd,nd,nd
ERS2211594,r,r,r,r,nd,nd,nd,nd,nd,nd,nd,nd,nd,nd,nd,nd
ERS458060,r,r,r,r,r,r,nd,r,s,nd,s,s,r,nd,s,r
ERS458023,r,r,r,r,r,nd,nd,s,s,nd,s,nd,nd,s,s,s
ERS2211595,r,r,r,r,r,r,nd,r,s,nd,s,s,r,nd,s,r
ERS2211596,nd,nd,nd,nd,nd,nd,nd,nd,nd,nd,nd,nd,nd,nd,nd,nd
ERS2211597,r,r,r,r,r,s,nd,s,s,nd,s,s,r,nd,s,r
ERS2211598,r,r,r,s,r,nd,nd,nd,nd,nd,nd,nd,nd,nd,nd,nd
ERS2211599,r,r,s,s,s,nd,nd,nd,nd,nd,nd,nd,nd,nd,nd,nd
ERS2211600,r,r,s,r,s,nd,nd,nd,nd,nd,nd,nd,nd,nd,nd,nd
ERS2211601,r,r,r,r,r,nd,nd,nd,nd,nd,nd,nd,nd,nd,nd,nd
ERS2211602,r,r,s,s,r,nd,nd,nd,nd,nd,nd,nd,nd,nd,nd,nd
ERS2211603,r,r,s,s,nd,nd,nd,nd,nd,nd,nd,nd,nd,nd,nd,nd
ERS2211604,r,r,r,r,s,nd,nd,nd,nd,nd,nd,nd,nd,nd,nd,nd
ERS457464,r,r,r,r,r,s,nd,s,s,nd,s,s,r,s,s,nd
ERS458127,r,r,r,r,s,nd,nd,s,s,nd,s,nd,nd,nd,nd,r
ERS457072,r,r,r,r,s,s,nd,s,s,nd,s,s,nd,nd,nd,r
ERS456908,r,r,r,r,s,s,nd,s,s,nd,s,nd,nd,nd,nd,s
ERS457447,r,r,r,r,r,s,nd,s,s,nd,s,s,nd,nd,nd,s
ERS2211605,r,r,r,r,s,nd,nd,nd,nd,nd,nd,nd,nd,nd,nd,nd
ERS2211606,r,r,r,r,s,nd,nd,nd,nd,nd,nd,nd,nd,nd,nd,nd
ERS457052,r,r,r,r,s,nd,nd,s,s,nd,s,nd,nd,nd,s,s
ERS2211607,r,r,r,r,s,nd,nd,nd,nd,nd,nd,nd,nd,nd,nd,nd
ERS457352,s,r,s,r,r,nd,s,s,nd,r,s,r,nd,nd,s,r
ERS2211608,r,r,nd,nd,nd,nd,nd,nd,nd,nd,nd,nd,nd,nd,nd,nd
ERS2211609,r,r,r,r,r,s,nd,s,s,nd,s,s,r,nd,s,s
ERS458638,r,r,r,r,nd,nd,nd,nd,nd,nd,nd,nd,nd,nd,nd,nd
ERS457425,r,r,r,r,nd,nd,nd,nd,nd,nd,nd,nd,nd,nd,nd,nd
ERS2211610,r,r,r,r,s,nd,nd,nd,nd,nd,nd,nd,nd,nd,nd,nd
ERS2211611,r,r,r,r,nd,nd,nd,nd,nd,nd,nd,nd,nd,nd,nd,nd
ERS456953,r,r,r,s,s,s,nd,s,s,nd,s,r,nd,nd,nd,s
ERS2211612,r,r,r,r,nd,nd,nd,nd,nd,nd,nd,nd,nd,nd,nd,nd
ERS458625,r,r,r,r,r,nd,nd,s,s,nd,s,nd,nd,nd,s,r
ERS2211613,r,r,r,r,s,nd,nd,nd,nd,nd,nd,nd,nd,nd,nd,nd
ERS2211614,r,r,r,r,r,nd,nd,nd,nd,nd,nd,nd,nd,nd,nd,nd
ERS457897,nd,r,r,nd,nd,s,nd,s,s,nd,r,s,nd,r,s,s
ERS2211615,r,r,r,r,s,nd,nd,nd,nd,nd,nd,nd,nd,nd,nd,nd
ERS457887,r,r,r,s,s,s,nd,s,s,nd,s,s,nd,nd,s,r
ERS2211616,r,r,r,r,r,s,nd,s,s,nd,s,s,r,nd,s,s
ERS456810,r,r,r,r,r,nd,nd,s,s,nd,s,nd,nd,nd,s,r
ERS2211617,r,r,r,r,r,nd,nd,nd,nd,nd,nd,nd,nd,nd,nd,nd
ERS457746,nd,nd,nd,nd,nd,nd,nd,nd,nd,nd,nd,nd,nd,nd,nd,nd
ERS2211618,r,r,r,s,r,nd,nd,nd,nd,nd,nd,nd,nd,nd,nd,nd
ERS2211619,r,r,r,b,r,s,nd,s,s,nd,s,s,r,nd,s,b
ERS2211620,r,r,r,r,s,nd,nd,nd,nd,nd,nd,nd,nd,nd,nd,nd
ERS457655,nd,nd,nd,nd,nd,nd,nd,nd,nd,nd,nd,nd,nd,nd,nd,nd
ERS2211621,r,r,r,r,r,nd,nd,nd,nd,nd,nd,nd,nd,nd,nd,nd
ERS2211622,r,r,s,s,s,nd,nd,nd,nd,nd,nd,nd,nd,nd,nd,nd
ERS457233,r,r,r,r,r,nd,nd,s,s,nd,r,nd,nd,nd,s,s
ERS2211623,r,r,r,r,nd,nd,nd,nd,nd,nd,nd,nd,nd,nd,nd,nd
ERS458058,r,r,r,r,r,nd,nd,s,nd,nd,s,nd,nd,nd,nd,nd
ERS2211624,r,r,r,r,nd,nd,nd,nd,nd,nd,nd,nd,nd,nd,nd,nd
ERS457013,r,r,r,r,r,s,nd,s,s,nd,s,s,r,nd,s,s
ERS456822,r,r,r,r,r,r,nd,r,s,nd,s,nd,nd,nd,s,r
ERS2211625,r,r,r,r,r,nd,nd,nd,nd,nd,nd,nd,nd,nd,nd,nd
ERS2211626,r,r,r,r,r,nd,nd,nd,nd,nd,nd,nd,nd,nd,nd,nd
ERS456821,r,r,r,s,s,nd,nd,s,s,nd,s,nd,nd,nd,nd,s
ERS2211627,r,r,r,r,r,nd,nd,nd,nd,nd,nd,nd,nd,nd,nd,nd
ERS457347,r,r,r,s,s,s,nd,s,r,nd,s,r,nd,nd,nd,r
ERS2211628,r,r,r,s,s,s,nd,r,s,nd,s,r,r,nd,s,s
ERS2211629,r,r,r,r,s,r,nd,s,s,nd,s,nd,nd,nd,s,s
ERS457568,r,r,r,s,s,nd,nd,s,nd,nd,s,nd,nd,nd,nd,nd
ERS2211630,r,r,r,r,s,r,nd,r,s,nd,s,nd,nd,nd,s,s
ERS2211631,r,r,r,r,s,nd,nd,nd,nd,nd,nd,nd,nd,nd,nd,nd
ERS457985,r,r,r,r,s,nd,nd,s,s,nd,s,nd,nd,nd,s,s
ERS458305,r,r,r,r,r,b,nd,s,s,nd,r,s,r,r,s,r
ERS457252,r,r,r,s,s,nd,nd,nd,nd,nd,nd,nd,nd,nd,nd,nd
ERS2211632,r,r,r,r,nd,nd,nd,nd,nd,nd,nd,nd,nd,nd,nd,nd
ERS2211633,r,r,r,r,r,r,nd,r,s,nd,r,s,r,r,s,nd
ERS2211634,r,r,r,r,nd,nd,nd,r,r,nd,r,nd,nd,nd,nd,nd
ERS2211635,r,r,r,r,r,nd,nd,nd,nd,nd,nd,nd,nd,nd,nd,nd
ERS2211636,r,r,r,r,nd,nd,nd,nd,nd,nd,nd,nd,nd,nd,nd,nd
ERS456797,r,r,r,r,r,s,nd,s,s,nd,s,r,nd,nd,nd,s
ERS457333,r,r,r,r,s,nd,nd,s,s,nd,s,nd,nd,nd,nd,s
ERS2211637,r,r,r,r,s,nd,nd,nd,nd,nd,nd,nd,nd,nd,nd,nd
ERS2211424,r,r,r,r,s,nd,nd,nd,nd,nd,nd,nd,nd,nd,nd,nd
ERS457596,r,r,r,s,r,s,nd,s,s,nd,s,s,nd,nd,s,r
ERS2211638,r,r,nd,r,nd,nd,nd,nd,nd,nd,nd,nd,nd,nd,nd,nd
ERS458634,r,r,r,r,r,s,nd,s,s,nd,s,s,nd,nd,s,s
ERS457193,r,r,r,r,s,s,nd,s,s,nd,s,s,nd,nd,s,s
ERS2211639,r,r,r,r,nd,nd,nd,nd,nd,nd,nd,nd,nd,nd,nd,nd
ERS2211640,r,r,r,r,r,nd,nd,nd,nd,nd,nd,nd,nd,nd,nd,nd
ERS458028,r,r,r,r,s,nd,nd,s,s,nd,s,r,nd,nd,s,s
ERS2211641,r,r,r,r,s,nd,nd,nd,nd,nd,nd,nd,nd,nd,nd,nd
ERS458279,r,r,r,s,s,nd,nd,s,s,nd,s,nd,nd,nd,nd,r
ERS2211642,r,r,r,s,s,s,nd,s,s,nd,s,nd,nd,s,nd,s
ERS2211643,r,r,r,r,r,nd,nd,nd,nd,nd,nd,nd,nd,nd,nd,nd
ERS2211644,r,r,r,s,r,nd,nd,s,s,nd,s,nd,nd,nd,nd,s
ERS458003,r,r,r,s,s,r,nd,r,s,nd,s,s,nd,nd,s,r
ERS2211645,r,r,r,r,s,s,nd,s,s,nd,s,s,nd,nd,s,nd
ERS2211646,r,r,nd,nd,nd,nd,nd,nd,nd,nd,nd,nd,nd,nd,nd,nd
ERS456960,r,r,r,r,s,s,nd,s,s,nd,s,nd,nd,nd,s,s
ERS457429,r,r,r,s,s,s,nd,s,s,s,s,nd,nd,nd,nd,r
ERS2211647,r,r,r,r,r,nd,nd,s,s,nd,s,nd,nd,nd,s,r
ERS2211648,r,r,r,s,s,nd,nd,nd,nd,nd,nd,nd,nd,nd,nd,nd
ERS458648,r,r,r,r,r,nd,nd,s,s,nd,s,nd,nd,nd,s,s
ERS2211649,r,r,r,r,r,nd,nd,nd,nd,nd,nd,nd,nd,nd,nd,nd
ERS2211650,r,r,s,s,s,nd,nd,nd,nd,nd,nd,nd,nd,nd,nd,nd
ERS2211651,r,r,r,r,r,nd,nd,nd,nd,nd,nd,nd,nd,nd,nd,nd
ERS457212,r,r,r,r,s,nd,nd,s,s,nd,s,nd,nd,nd,s,s
ERS457481,r,r,r,r,s,r,nd,r,s,nd,s,r,nd,nd,nd,r
ERS2211652,r,r,r,r,s,nd,nd,nd,nd,nd,nd,nd,nd,nd,nd,nd
ERS458543,r,r,r,s,s,s,nd,s,s,nd,s,nd,nd,nd,s,s
ERS458515,r,r,r,r,r,s,nd,s,s,nd,s,F,nd,nd,nd,s
ERS2211653,r,r,nd,r,nd,nd,nd,nd,nd,nd,nd,nd,nd,nd,nd,nd
ERS457215,r,r,r,s,s,s,nd,s,s,nd,s,nd,nd,nd,s,s
ERS457688,r,r,r,s,s,nd,nd,nd,s,nd,s,nd,nd,nd,nd,s
ERS457711,r,r,r,r,s,s,nd,s,s,nd,s,s,nd,nd,nd,s
ERS457671,r,r,r,r,s,s,nd,s,s,nd,s,s,nd,nd,s,r
ERS2211654,r,r,r,r,s,nd,nd,nd,nd,nd,nd,nd,nd,nd,nd,nd
ERS2211655,r,r,r,r,s,nd,nd,nd,nd,nd,nd,nd,nd,nd,nd,s
ERS2211656,r,r,r,r,r,nd,nd,s,s,nd,s,nd,nd,nd,s,r
ERS458686,r,r,r,r,s,nd,nd,s,s,nd,s,nd,nd,nd,nd,s
ERS456954,r,r,r,s,s,nd,nd,s,s,nd,s,nd,nd,nd,nd,s
ERS2211657,r,r,nd,nd,nd,nd,nd,nd,r,nd,nd,nd,nd,nd,nd,nd
ERS2211658,s,r,s,s,s,nd,nd,nd,nd,nd,nd,nd,nd,nd,nd,nd
ERS2211659,r,r,r,r,s,nd,nd,nd,nd,nd,nd,nd,nd,nd,nd,nd
ERS2211660,r,r,r,s,s,nd,nd,nd,s,nd,s,nd,nd,nd,s,s
ERS458438,r,r,r,r,s,nd,nd,s,s,nd,s,nd,nd,nd,s,s
ERS2211661,r,r,r,r,r,s,nd,s,s,nd,s,nd,nd,nd,s,r
ERS2211662,r,r,r,r,nd,nd,nd,nd,nd,nd,nd,nd,nd,nd,nd,nd
ERS2211663,r,r,r,r,s,nd,nd,nd,nd,nd,nd,nd,nd,nd,nd,nd
ERS457591,r,r,r,r,r,s,nd,s,s,nd,s,s,r,s,s,s
ERS2211664,r,r,r,r,r,s,nd,s,s,nd,s,s,nd,s,s,s
ERS457421,r,r,r,s,s,nd,nd,s,s,nd,s,nd,nd,nd,s,s
ERS2211665,r,r,r,s,s,nd,nd,s,s,nd,s,nd,nd,nd,nd,s
ERS458319,r,r,r,s,r,s,nd,s,s,nd,s,nd,nd,nd,s,s
ERS2211666,r,r,r,r,r,nd,nd,nd,nd,nd,nd,nd,nd,nd,nd,nd
ERS2211667,r,r,r,s,s,nd,nd,nd,nd,nd,nd,nd,nd,nd,nd,nd
ERS458762,r,r,r,r,s,s,nd,s,s,nd,s,s,nd,s,s,r
ERS458492,r,r,r,r,s,s,nd,s,s,nd,s,nd,nd,nd,nd,r
ERS2211668,r,r,r,r,s,nd,nd,nd,nd,nd,nd,nd,nd,nd,nd,nd
ERS458683,r,r,r,r,s,nd,nd,s,s,nd,s,nd,nd,nd,s,r
ERS2211669,r,r,r,s,s,s,nd,s,s,nd,s,s,nd,s,s,b
ERS2211670,r,r,r,r,nd,nd,nd,nd,nd,nd,nd,nd,nd,nd,nd,nd
ERS2211671,r,r,s,s,s,nd,nd,nd,nd,nd,nd,nd,nd,nd,nd,nd
ERS2211672,r,r,r,s,s,nd,nd,s,s,nd,s,nd,nd,nd,s,s
ERS2211673,nd,nd,nd,nd,nd,nd,nd,nd,nd,nd,nd,nd,nd,nd,nd,nd
ERS2211674,r,r,r,r,s,nd,nd,s,s,nd,s,nd,nd,nd,s,r
ERS457983,r,r,r,r,r,r,nd,r,s,nd,s,nd,nd,nd,s,r
ERS2211675,r,r,r,r,s,nd,nd,nd,nd,nd,nd,nd,nd,nd,nd,nd
ERS457720,r,r,s,s,s,nd,nd,nd,nd,nd,nd,nd,nd,nd,nd,nd
ERS2211676,r,r,r,r,s,nd,nd,s,nd,nd,s,nd,nd,nd,nd,nd
ERS2211677,r,r,r,r,r,nd,nd,s,s,nd,s,nd,nd,nd,s,r
ERS2211678,r,r,r,r,r,s,nd,s,s,nd,s,b,r,s,s,r
ERS457626,r,r,r,r,r,s,nd,s,s,nd,s,s,r,nd,s,r
ERS2211679,r,r,nd,nd,nd,nd,nd,nd,r,nd,nd,nd,nd,nd,nd,nd
ERS458047,r,r,r,r,s,s,nd,s,s,nd,s,s,r,nd,s,s
ERS457157,r,r,r,s,s,nd,nd,r,s,nd,s,nd,nd,nd,s,s
ERS2211680,r,r,r,r,r,nd,nd,nd,nd,nd,nd,nd,nd,nd,nd,nd
ERS2211681,r,r,r,r,s,nd,nd,nd,nd,nd,nd,nd,nd,nd,nd,nd
ERS2211682,r,r,r,r,s,nd,nd,s,s,nd,s,nd,nd,nd,s,s
ERS458561,r,r,r,r,r,r,nd,r,s,nd,s,s,r,nd,s,s
ERS456881,r,r,r,r,r,s,nd,s,nd,nd,s,nd,nd,nd,nd,nd
ERS2211683,r,r,r,s,s,nd,nd,s,nd,nd,s,nd,nd,nd,nd,s
ERS2211684,r,r,r,r,s,s,nd,s,s,nd,s,s,r,nd,s,s
ERS2211685,r,r,nd,nd,nd,nd,nd,nd,nd,nd,nd,nd,nd,nd,nd,nd
ERS2211686,r,r,nd,nd,nd,nd,nd,nd,nd,nd,nd,nd,nd,nd,nd,nd
ERS457565,r,r,r,r,r,r,nd,r,s,nd,s,s,r,nd,s,r
ERS2211687,r,r,r,r,s,nd,nd,nd,nd,nd,nd,nd,nd,nd,nd,nd
ERS2211688,r,r,nd,nd,nd,nd,nd,nd,b,nd,nd,nd,nd,nd,nd,nd
ERS2211689,r,r,r,r,r,r,nd,r,s,nd,s,r,nd,b,s,b
ERS458496,r,r,r,r,s,nd,nd,s,r,nd,s,r,nd,nd,nd,s
ERS2211690,r,r,nd,b,nd,nd,nd,nd,nd,nd,nd,nd,nd,nd,nd,nd
ERS2211691,r,r,r,r,s,nd,nd,nd,nd,nd,nd,nd,nd,nd,nd,nd
ERS456902,r,r,r,r,s,s,nd,s,s,nd,s,s,nd,nd,s,r
ERS2211692,r,r,r,r,r,nd,nd,r,s,nd,r,nd,nd,r,s,r
ERS458122,r,r,r,s,r,s,nd,s,s,nd,s,s,r,nd,s,s
ERS456855,r,r,r,r,s,nd,nd,s,nd,nd,s,nd,nd,nd,nd,nd
ERS2211693,r,r,r,r,r,nd,nd,nd,nd,nd,nd,nd,nd,nd,nd,nd
ERS2211694,r,r,r,r,s,s,nd,r,s,nd,r,r,nd,nd,nd,r
ERS456966,r,r,r,s,s,nd,nd,s,nd,nd,s,nd,nd,nd,nd,s
ERS457981,r,r,r,s,s,s,nd,s,s,nd,s,s,r,nd,s,s
ERS2211695,r,r,r,r,s,nd,nd,nd,nd,nd,nd,nd,nd,nd,nd,nd
ERS2211696,nd,r,nd,nd,nd,nd,nd,nd,nd,nd,s,nd,nd,nd,nd,s
ERS2211697,r,r,r,r,nd,nd,nd,nd,nd,nd,nd,nd,nd,nd,nd,nd
ERS2211698,r,r,r,r,nd,nd,nd,nd,nd,nd,nd,nd,nd,nd,nd,nd
ERS2211699,r,r,r,r,nd,nd,nd,nd,nd,nd,nd,nd,nd,nd,nd,nd
ERS2211700,r,r,r,r,nd,nd,nd,nd,nd,nd,nd,nd,nd,nd,nd,nd
ERS2211701,r,r,r,r,nd,nd,nd,nd,nd,nd,nd,nd,nd,nd,nd,nd
ERS2211702,r,r,r,r,nd,nd,nd,nd,nd,nd,nd,nd,nd,nd,nd,nd
ERS2211703,r,r,r,r,nd,nd,nd,nd,nd,nd,nd,nd,nd,nd,nd,nd
ERS2211704,r,r,r,r,nd,nd,nd,nd,nd,nd,nd,nd,nd,nd,nd,nd
ERS2211705,r,r,s,r,nd,nd,nd,nd,nd,nd,nd,nd,nd,nd,nd,nd
ERS2211706,r,r,s,s,s,nd,nd,nd,nd,nd,nd,nd,nd,nd,nd,nd
ERS2211707,r,r,r,s,nd,nd,nd,nd,nd,nd,nd,nd,nd,nd,nd,nd
ERS1110442,r,r,r,r,s,nd,nd,s,s,nd,r,r,nd,nd,s,s
ERS2211708,nd,r,r,s,s,nd,nd,nd,nd,nd,nd,nd,nd,nd,nd,s
ERS458430,r,r,r,r,r,nd,nd,s,nd,nd,r,nd,nd,nd,nd,nd
ERS458415,r,r,r,r,s,s,nd,s,s,nd,s,s,r,nd,s,r
ERS2211709,r,r,r,r,r,nd,nd,s,s,nd,s,nd,nd,nd,s,r
ERS457843,nd,r,r,r,r,nd,nd,nd,nd,nd,nd,nd,nd,nd,nd,s
ERS458146,r,r,r,s,s,s,nd,s,s,nd,s,s,nd,nd,nd,s
ERS457148,r,r,r,r,r,r,nd,r,s,nd,s,nd,nd,nd,s,r
ERS457130,r,r,r,r,r,s,nd,s,s,nd,s,s,r,s,s,s
ERS2211710,r,r,r,s,s,s,nd,nd,nd,nd,s,nd,nd,nd,nd,s
ERS457463,r,r,r,r,r,nd,nd,s,nd,nd,s,nd,nd,nd,nd,nd
ERS458395,nd,nd,nd,nd,nd,nd,nd,nd,nd,nd,nd,nd,nd,nd,nd,nd
ERS457179,r,r,r,r,r,nd,nd,nd,nd,nd,nd,nd,nd,nd,nd,r
ERS2211711,r,r,nd,b,r,nd,nd,nd,nd,nd,nd,nd,nd,nd,nd,nd
ERS2211712,r,r,nd,nd,nd,nd,nd,nd,nd,nd,nd,nd,nd,nd,nd,nd
ERS2211713,r,r,r,r,r,nd,nd,nd,nd,nd,r,nd,nd,nd,nd,nd
ERS2211714,r,r,r,r,s,nd,nd,nd,nd,nd,nd,nd,nd,nd,nd,nd
ERS2211715,r,r,r,r,r,nd,nd,nd,nd,nd,nd,nd,nd,nd,nd,nd
ERS2211425,nd,nd,nd,nd,nd,nd,nd,nd,nd,nd,nd,nd,nd,nd,nd,nd
ERS2211716,r,r,r,r,s,nd,nd,nd,nd,nd,nd,nd,nd,nd,nd,nd
ERS2211717,r,s,r,r,r,nd,nd,nd,nd,nd,nd,nd,nd,nd,nd,nd
ERS2211718,r,r,r,r,r,nd,nd,nd,nd,nd,nd,nd,nd,nd,nd,nd
ERS2211719,r,r,r,s,r,nd,nd,nd,nd,nd,nd,nd,nd,nd,nd,nd
ERS2211720,r,r,r,s,s,nd,nd,nd,nd,nd,nd,nd,nd,nd,nd,nd
ERS2211426,nd,nd,nd,nd,nd,nd,nd,nd,nd,nd,nd,nd,nd,nd,nd,nd
ERS2211721,r,r,r,s,s,nd,nd,nd,nd,nd,nd,nd,nd,nd,nd,nd
ERS2211722,r,r,r,r,r,nd,nd,nd,nd,nd,nd,nd,nd,nd,nd,nd
ERS2211723,r,r,r,r,r,nd,nd,nd,nd,nd,nd,nd,nd,nd,nd,nd
ERS2211724,r,r,r,s,r,nd,nd,nd,nd,nd,nd,nd,nd,nd,nd,nd
ERS2211725,r,r,r,r,r,nd,nd,nd,nd,nd,nd,nd,nd,nd,nd,nd
ERS2211726,r,r,r,r,r,nd,nd,nd,nd,nd,nd,nd,nd,nd,nd,nd
ERS2211727,r,r,s,s,s,nd,nd,nd,nd,nd,nd,nd,nd,nd,nd,nd
ERS2211728,r,r,r,r,r,nd,nd,nd,nd,nd,nd,nd,nd,nd,nd,nd
ERS2211729,r,r,r,s,s,nd,nd,nd,nd,nd,nd,nd,nd,nd,nd,nd
ERS2211730,r,r,r,r,s,nd,nd,nd,nd,nd,nd,nd,nd,nd,nd,nd
ERS2211731,r,r,r,r,s,nd,nd,nd,nd,nd,nd,nd,nd,nd,nd,nd
ERS2211732,r,r,r,r,s,nd,nd,nd,nd,nd,nd,nd,nd,nd,nd,nd
ERS2211733,r,r,r,r,nd,nd,nd,nd,nd,nd,nd,nd,nd,nd,nd,nd
ERS2211734,r,r,r,r,s,nd,nd,nd,nd,nd,nd,nd,nd,nd,nd,nd
ERS2211735,r,r,r,r,s,nd,nd,nd,nd,nd,nd,nd,nd,nd,nd,nd
ERS2211736,r,r,r,r,r,nd,nd,nd,nd,nd,nd,nd,nd,nd,nd,nd
SRR1162695,nd,nd,nd,nd,nd,nd,nd,nd,nd,nd,nd,nd,nd,nd,nd,nd
SRR1144755,nd,nd,nd,nd,nd,nd,nd,nd,nd,nd,nd,nd,nd,nd,nd,nd
SRR1144775,nd,nd,nd,nd,nd,nd,nd,nd,nd,nd,nd,nd,nd,nd,nd,nd
SRR1144743,nd,nd,nd,nd,nd,nd,nd,nd,nd,nd,nd,nd,nd,nd,nd,nd
SRR1144778,nd,nd,nd,nd,nd,nd,nd,nd,nd,nd,nd,nd,nd,nd,nd,nd
SRR1162700,nd,nd,nd,nd,nd,nd,nd,nd,nd,nd,nd,nd,nd,nd,nd,nd
SRR1162778,nd,nd,nd,nd,nd,nd,nd,nd,nd,nd,nd,nd,nd,nd,nd,nd
ERS2211737,r,r,r,r,r,nd,nd,nd,nd,nd,nd,nd,nd,nd,nd,nd
ERS2211738,r,r,r,r,nd,nd,nd,nd,nd,nd,nd,nd,nd,nd,nd,nd
ERS2211739,r,r,r,r,s,nd,nd,nd,nd,nd,nd,nd,nd,nd,nd,nd
ERS2211740,r,r,r,r,r,nd,nd,nd,nd,nd,nd,nd,nd,nd,nd,nd
ERS2211741,r,r,r,r,r,nd,nd,nd,nd,nd,nd,nd,nd,nd,nd,nd
ERS2211742,s,s,s,s,s,nd,nd,nd,nd,nd,nd,nd,nd,nd,nd,nd
ERS2211743,r,r,r,r,r,nd,nd,nd,nd,nd,nd,nd,nd,nd,nd,nd
ERS2211744,r,r,r,r,r,nd,nd,nd,nd,nd,nd,nd,nd,nd,nd,nd
ERS2211745,r,r,r,r,s,nd,nd,nd,nd,nd,nd,nd,nd,nd,nd,nd
ERS2211746,r,r,r,r,s,nd,nd,nd,nd,nd,nd,nd,nd,nd,nd,nd
ERS2211747,r,r,r,r,s,nd,nd,nd,nd,nd,nd,nd,nd,nd,nd,nd
ERS2211748,r,r,r,r,s,nd,nd,nd,nd,nd,nd,nd,nd,nd,nd,nd
ERS2211749,r,r,r,r,s,nd,nd,nd,nd,nd,nd,nd,nd,nd,nd,nd
ERS2211750,r,r,r,r,r,nd,nd,nd,nd,nd,nd,nd,nd,nd,nd,nd
ERS2211751,r,r,r,r,r,nd,nd,nd,nd,nd,nd,nd,nd,nd,nd,nd
ERS2211752,r,r,r,s,r,nd,nd,nd,nd,nd,nd,nd,nd,nd,nd,nd
ERS2211753,r,r,r,r,s,nd,nd,nd,nd,nd,nd,nd,nd,nd,nd,nd
ERS2211754,r,r,r,r,s,nd,nd,nd,nd,nd,nd,nd,nd,nd,nd,nd
ERS2211755,r,r,r,r,r,nd,nd,nd,nd,nd,nd,nd,nd,nd,nd,nd
ERS2211756,r,r,r,r,r,nd,nd,nd,nd,nd,nd,nd,nd,nd,nd,nd
ERS2211757,r,r,r,r,r,nd,nd,nd,nd,nd,nd,nd,nd,nd,nd,nd
ERS2211758,r,r,r,r,r,nd,nd,nd,nd,nd,nd,nd,nd,nd,nd,nd
ERS2211759,r,r,r,r,s,nd,nd,nd,nd,nd,nd,nd,nd,nd,nd,nd
ERS2211760,r,r,r,r,r,nd,nd,nd,nd,nd,nd,nd,nd,nd,nd,nd
ERS2211761,r,r,r,r,r,nd,nd,nd,nd,nd,nd,nd,nd,nd,nd,nd
ERS2211427,nd,nd,nd,nd,nd,nd,nd,nd,nd,nd,nd,nd,nd,nd,nd,nd
ERS2211428,nd,nd,nd,nd,nd,nd,nd,nd,nd,nd,nd,nd,nd,nd,nd,nd
ERS2211429,nd,nd,nd,nd,nd,nd,nd,nd,nd,nd,nd,nd,nd,nd,nd,nd
ERS2211762,r,r,r,r,nd,nd,nd,nd,nd,nd,nd,nd,nd,nd,nd,nd
ERS2211763,r,r,r,r,s,nd,nd,nd,nd,nd,nd,nd,nd,nd,nd,nd
ERS2211764,r,r,r,r,nd,nd,nd,nd,nd,nd,nd,nd,nd,nd,nd,nd
ERS2211765,r,r,r,r,r,nd,nd,nd,nd,nd,nd,nd,nd,nd,nd,nd
ERS2211766,r,r,r,r,r,nd,nd,nd,nd,nd,nd,nd,nd,nd,nd,nd
ERS2211767,r,r,r,r,nd,nd,nd,nd,nd,nd,nd,nd,nd,nd,nd,nd
ERS2211768,r,r,r,r,r,nd,nd,nd,nd,nd,nd,nd,nd,nd,nd,nd
ERS2211769,r,r,r,r,r,nd,nd,nd,nd,nd,nd,nd,nd,nd,nd,nd
ERS2211770,r,r,r,r,r,nd,nd,nd,nd,nd,nd,nd,nd,nd,nd,nd
ERS2211771,r,r,r,r,r,nd,nd,nd,nd,nd,nd,nd,nd,nd,nd,nd
ERS2211772,r,r,r,r,s,nd,nd,nd,nd,nd,nd,nd,nd,nd,nd,nd
ERS2211773,r,r,r,r,r,nd,nd,nd,nd,nd,nd,nd,nd,nd,nd,nd
ERS2211774,r,r,r,r,r,nd,nd,nd,nd,nd,nd,nd,nd,nd,nd,nd
ERS2211775,r,r,r,r,s,nd,nd,nd,nd,nd,nd,nd,nd,nd,nd,nd
ERS2211776,r,r,r,r,r,nd,nd,nd,nd,nd,nd,nd,nd,nd,nd,nd
ERS2211430,nd,nd,nd,nd,nd,nd,nd,nd,nd,nd,nd,nd,nd,nd,nd,nd
ERS2211431,nd,nd,nd,nd,nd,nd,nd,nd,nd,nd,nd,nd,nd,nd,nd,nd
ERS2211777,r,r,r,r,r,nd,nd,nd,nd,nd,nd,nd,nd,nd,nd,nd
ERS2211778,r,r,r,r,r,nd,nd,nd,nd,nd,nd,nd,nd,nd,nd,nd
ERS2211779,r,r,r,r,s,nd,nd,nd,nd,nd,nd,nd,nd,nd,nd,nd
SRR1577830,nd,nd,nd,nd,nd,nd,nd,nd,nd,nd,nd,nd,nd,nd,nd,nd
SRR1166179,nd,nd,nd,nd,nd,nd,nd,nd,nd,nd,nd,nd,nd,nd,nd,nd
SRR1166118,nd,nd,nd,nd,nd,nd,nd,nd,nd,nd,nd,nd,nd,nd,nd,nd
SRR1166267,nd,nd,nd,nd,nd,nd,nd,nd,nd,nd,nd,nd,nd,nd,nd,nd
SRR1166120,nd,nd,nd,nd,nd,nd,nd,nd,nd,nd,nd,nd,nd,nd,nd,nd
SRR1166187,nd,nd,nd,nd,nd,nd,nd,nd,nd,nd,nd,nd,nd,nd,nd,nd
ERS2211780,r,r,r,r,r,nd,nd,nd,nd,nd,nd,nd,nd,nd,nd,nd
ERS2211781,r,r,r,r,r,nd,nd,nd,nd,nd,nd,nd,nd,nd,nd,nd
ERS2211782,r,r,r,r,s,nd,nd,nd,nd,nd,nd,nd,nd,nd,nd,nd
ERS2211783,r,r,r,r,s,nd,nd,nd,nd,nd,nd,nd,nd,nd,nd,nd
ERS2211784,r,r,r,r,s,nd,nd,nd,nd,nd,nd,nd,nd,nd,nd,nd
ERS2211785,r,r,r,r,r,nd,nd,nd,nd,nd,nd,nd,nd,nd,nd,nd
ERS2211786,r,r,r,r,s,nd,nd,nd,nd,nd,nd,nd,nd,nd,nd,nd
ERS2211787,r,r,r,r,r,nd,nd,nd,nd,nd,nd,nd,nd,nd,nd,nd
ERS2211788,r,r,r,s,r,nd,nd,nd,nd,nd,nd,nd,nd,nd,nd,nd
ERS2211789,r,r,r,r,r,nd,nd,nd,nd,nd,nd,nd,nd,nd,nd,nd
ERS2211790,r,r,r,r,nd,nd,nd,nd,nd,nd,nd,nd,nd,nd,nd,nd
ERS2211791,r,r,r,r,r,nd,nd,nd,nd,nd,nd,nd,nd,nd,nd,nd
SRR1173393,nd,nd,nd,nd,nd,nd,nd,nd,nd,nd,nd,nd,nd,nd,nd,nd
SRR1172711,nd,nd,nd,nd,nd,nd,nd,nd,nd,nd,nd,nd,nd,nd,nd,nd
SRR1173675,nd,nd,nd,nd,nd,nd,nd,nd,nd,nd,nd,nd,nd,nd,nd,nd
SRR1173446,nd,nd,nd,nd,nd,nd,nd,nd,nd,nd,nd,nd,nd,nd,nd,nd
SRR1173628,nd,nd,nd,nd,nd,nd,nd,nd,nd,nd,nd,nd,nd,nd,nd,nd
SRR1173192,nd,nd,nd,nd,nd,nd,nd,nd,nd,nd,nd,nd,nd,nd,nd,nd
SRR1173131,nd,nd,nd,nd,nd,nd,nd,nd,nd,nd,nd,nd,nd,nd,nd,nd
ERS2211432,nd,nd,nd,nd,nd,nd,nd,nd,nd,nd,nd,nd,nd,nd,nd,nd
ERS2211433,nd,nd,nd,nd,nd,nd,nd,nd,nd,nd,nd,nd,nd,nd,nd,nd
ERS2211792,r,r,r,s,s,nd,nd,nd,nd,nd,nd,nd,nd,nd,nd,nd
ERS2211793,r,r,r,r,r,nd,nd,nd,nd,nd,nd,nd,nd,nd,nd,nd
ERS2211794,r,r,r,r,s,nd,nd,nd,nd,nd,nd,nd,nd,nd,nd,nd
ERS2211434,nd,nd,nd,nd,nd,nd,nd,nd,nd,nd,nd,nd,nd,nd,nd,nd
ERS2211435,nd,nd,nd,nd,nd,nd,nd,nd,nd,nd,nd,nd,nd,nd,nd,nd
ERS457295,nd,nd,nd,nd,nd,nd,nd,nd,nd,nd,nd,nd,nd,nd,nd,nd
ERS458337,nd,nd,nd,nd,nd,nd,nd,nd,nd,nd,nd,nd,nd,nd,nd,nd
ERS456836,nd,nd,nd,nd,nd,nd,nd,nd,nd,nd,nd,nd,nd,nd,nd,nd
ERS2211795,r,r,r,r,r,nd,nd,nd,nd,nd,nd,nd,nd,nd,nd,nd
ERS2211796,r,r,r,s,r,nd,nd,nd,nd,nd,nd,nd,nd,nd,nd,nd
ERS2211797,r,r,s,s,s,nd,nd,nd,nd,nd,nd,nd,nd,nd,nd,nd
ERS2211798,r,r,r,s,r,nd,nd,nd,nd,nd,nd,nd,nd,nd,nd,nd
ERS2211799,r,r,r,r,r,nd,nd,nd,nd,nd,nd,nd,nd,nd,nd,nd
ERS2211800,r,r,r,r,s,nd,nd,nd,nd,nd,nd,nd,nd,nd,nd,nd
ERS2211436,nd,nd,nd,nd,nd,nd,nd,nd,nd,nd,nd,nd,nd,nd,nd,nd
ERS2211801,r,r,r,r,r,nd,nd,nd,nd,nd,nd,nd,nd,nd,nd,nd
ERS2211802,r,r,r,r,r,nd,nd,nd,nd,nd,nd,nd,nd,nd,nd,nd
ERS2211803,r,r,r,r,nd,nd,nd,nd,nd,nd,nd,nd,nd,nd,nd,nd
ERS2211437,nd,nd,nd,nd,nd,nd,nd,nd,nd,nd,nd,nd,nd,nd,nd,nd
ERS2211438,nd,nd,nd,nd,nd,nd,nd,nd,nd,nd,nd,nd,nd,nd,nd,nd
ERS2211804,s,s,s,s,s,nd,nd,nd,nd,nd,nd,nd,nd,nd,nd,nd
ERS2211805,r,r,r,r,r,nd,nd,nd,nd,nd,nd,nd,nd,nd,nd,nd
ERS2211806,r,r,r,r,s,nd,nd,nd,nd,nd,nd,nd,nd,nd,nd,nd
ERS2211807,r,r,r,r,r,nd,nd,nd,nd,nd,nd,nd,nd,nd,nd,nd
ERS2211808,r,r,r,r,s,nd,nd,nd,nd,nd,nd,nd,nd,nd,nd,nd
ERS2211809,r,r,r,r,s,nd,nd,nd,nd,nd,nd,nd,nd,nd,nd,nd
ERS2211810,r,r,r,r,r,nd,nd,nd,nd,nd,nd,nd,nd,nd,nd,nd
ERS2211439,nd,nd,nd,nd,nd,nd,nd,nd,nd,nd,nd,nd,nd,nd,nd,nd
ERS2211811,r,r,r,nd,nd,s,nd,s,s,nd,nd,s,nd,s,nd,nd
ERS2211812,r,r,r,nd,nd,s,nd,s,s,nd,nd,s,nd,s,nd,nd
ERS2211813,r,r,r,nd,nd,s,nd,s,s,nd,nd,r,nd,s,nd,nd
ERS2211814,r,r,s,nd,nd,s,nd,s,s,nd,nd,s,nd,s,nd,nd
ERS2211815,r,r,r,nd,nd,r,nd,r,s,nd,nd,s,nd,s,nd,nd
ERS2211816,r,r,r,nd,nd,r,nd,r,s,nd,nd,s,nd,s,nd,nd
ERS2211817,r,r,r,nd,nd,s,nd,s,s,nd,nd,s,nd,s,nd,nd
ERS2211818,r,r,r,nd,nd,r,nd,r,s,nd,nd,s,nd,s,nd,nd
ERS2211819,r,r,r,nd,nd,s,nd,s,s,nd,nd,s,nd,s,nd,nd
ERS2211820,r,r,s,nd,nd,s,nd,s,s,nd,nd,s,nd,s,nd,nd
ERS2211821,r,r,r,nd,nd,r,nd,r,s,nd,nd,r,nd,s,nd,nd
ERS2211822,r,r,r,nd,nd,r,nd,s,s,nd,nd,s,nd,s,nd,nd
ERS2211823,r,r,r,nd,nd,s,nd,s,r,nd,nd,s,nd,s,nd,nd
ERS2211824,r,r,r,nd,nd,s,nd,s,s,nd,nd,s,nd,s,nd,nd
ERS2211825,r,r,s,nd,nd,s,nd,s,s,nd,nd,s,nd,s,nd,nd
ERS2211826,r,r,r,nd,nd,s,nd,s,s,nd,nd,s,nd,s,nd,nd
ERS2211827,r,r,r,nd,nd,s,nd,s,s,nd,nd,s,nd,s,nd,nd
ERS2211828,r,r,r,nd,nd,s,nd,s,s,nd,nd,s,nd,s,nd,nd
ERS2211829,r,r,s,nd,nd,s,nd,s,s,nd,nd,s,nd,s,nd,nd
ERS2211830,r,r,r,nd,nd,s,nd,s,s,nd,nd,s,nd,s,nd,nd
ERS2211831,r,r,r,nd,nd,s,nd,s,s,nd,nd,r,nd,s,nd,nd
ERS2211832,r,r,r,r,r,nd,nd,nd,nd,nd,nd,nd,nd,nd,nd,nd
ERS2211833,r,r,r,r,r,nd,nd,nd,nd,nd,nd,nd,nd,nd,nd,nd
ERS2211834,r,r,r,r,r,nd,nd,nd,nd,nd,nd,nd,nd,nd,nd,nd
ERS2211835,r,r,r,r,r,nd,nd,nd,nd,nd,nd,nd,nd,nd,nd,nd
ERS2211836,r,r,r,r,s,nd,nd,nd,nd,nd,nd,nd,nd,nd,nd,nd
ERS2211837,r,r,r,r,r,nd,nd,nd,nd,nd,nd,nd,nd,nd,nd,nd
ERS2211838,r,r,s,s,s,nd,nd,nd,nd,nd,nd,nd,nd,nd,nd,nd
ERS2211839,r,r,r,r,r,nd,nd,nd,nd,nd,nd,nd,nd,nd,nd,nd
ERS2211840,r,r,r,r,nd,nd,nd,nd,nd,nd,nd,nd,nd,nd,nd,nd
ERS2211841,r,r,r,r,s,nd,nd,nd,nd,nd,nd,nd,nd,nd,nd,nd
ERS2211842,r,r,r,r,r,nd,nd,nd,nd,nd,nd,nd,nd,nd,nd,nd
ERS2211440,nd,nd,nd,nd,nd,nd,nd,nd,nd,nd,nd,nd,nd,nd,nd,nd
ERS2211843,r,r,r,r,r,nd,nd,nd,nd,nd,nd,nd,nd,nd,nd,nd
ERS2211844,r,r,r,r,r,nd,nd,nd,nd,nd,nd,nd,nd,nd,nd,nd
ERS2211845,r,r,r,r,r,nd,nd,nd,nd,nd,nd,nd,nd,nd,nd,nd
ERS2211846,r,r,s,s,s,nd,nd,nd,nd,nd,nd,nd,nd,nd,nd,nd
ERS2211847,r,r,r,r,r,nd,nd,nd,nd,nd,nd,nd,nd,nd,nd,nd
SRR1159349,nd,nd,nd,nd,nd,nd,nd,nd,nd,nd,nd,nd,nd,nd,nd,nd
SRR1159661,nd,nd,nd,nd,nd,nd,nd,nd,nd,nd,nd,nd,nd,nd,nd,nd
SRR1159721,nd,nd,nd,nd,nd,nd,nd,nd,nd,nd,nd,nd,nd,nd,nd,nd
SRR1159393,nd,nd,nd,nd,nd,nd,nd,nd,nd,nd,nd,nd,nd,nd,nd,nd
SRR1159083,nd,nd,nd,nd,nd,nd,nd,nd,nd,nd,nd,nd,nd,nd,nd,nd
SRR1159044,nd,nd,nd,nd,nd,nd,nd,nd,nd,nd,nd,nd,nd,nd,nd,nd
SRR1159760,nd,nd,nd,nd,nd,nd,nd,nd,nd,nd,nd,nd,nd,nd,nd,nd
SRR1181093,nd,nd,nd,nd,nd,nd,nd,nd,nd,nd,nd,nd,nd,nd,nd,nd
SRR1159521,nd,nd,nd,nd,nd,nd,nd,nd,nd,nd,nd,nd,nd,nd,nd,nd
SRR1159700,nd,nd,nd,nd,nd,nd,nd,nd,nd,nd,nd,nd,nd,nd,nd,nd
SRR1158874,nd,nd,nd,nd,nd,nd,nd,nd,nd,nd,nd,nd,nd,nd,nd,nd
SRR1159738,nd,nd,nd,nd,nd,nd,nd,nd,nd,nd,nd,nd,nd,nd,nd,nd
SRR1159108,nd,nd,nd,nd,nd,nd,nd,nd,nd,nd,nd,nd,nd,nd,nd,nd
SRR1158898,nd,nd,nd,nd,nd,nd,nd,nd,nd,nd,nd,nd,nd,nd,nd,nd
SRR1181155,nd,nd,nd,nd,nd,nd,nd,nd,nd,nd,nd,nd,nd,nd,nd,nd
SRR1159121,nd,nd,nd,nd,nd,nd,nd,nd,nd,nd,nd,nd,nd,nd,nd,nd
SRR1181074,nd,nd,nd,nd,nd,nd,nd,nd,nd,nd,nd,nd,nd,nd,nd,nd
SRR1159076,nd,nd,nd,nd,nd,nd,nd,nd,nd,nd,nd,nd,nd,nd,nd,nd
SRR1158923,nd,nd,nd,nd,nd,nd,nd,nd,nd,nd,nd,nd,nd,nd,nd,nd
SRR1158907,nd,nd,nd,nd,nd,nd,nd,nd,nd,nd,nd,nd,nd,nd,nd,nd
SRR1159293,nd,nd,nd,nd,nd,nd,nd,nd,nd,nd,nd,nd,nd,nd,nd,nd
SRR1158950,nd,nd,nd,nd,nd,nd,nd,nd,nd,nd,nd,nd,nd,nd,nd,nd
SRR1159262,nd,nd,nd,nd,nd,nd,nd,nd,nd,nd,nd,nd,nd,nd,nd,nd
SRR1159294,nd,nd,nd,nd,nd,nd,nd,nd,nd,nd,nd,nd,nd,nd,nd,nd
SRR1180924,nd,nd,nd,nd,nd,nd,nd,nd,nd,nd,nd,nd,nd,nd,nd,nd
SRR1158943,nd,nd,nd,nd,nd,nd,nd,nd,nd,nd,nd,nd,nd,nd,nd,nd
SRR1159034,nd,nd,nd,nd,nd,nd,nd,nd,nd,nd,nd,nd,nd,nd,nd,nd
SRR1158990,nd,nd,nd,nd,nd,nd,nd,nd,nd,nd,nd,nd,nd,nd,nd,nd
SRR1159003,nd,nd,nd,nd,nd,nd,nd,nd,nd,nd,nd,nd,nd,nd,nd,nd
SRR1159861,nd,nd,nd,nd,nd,nd,nd,nd,nd,nd,nd,nd,nd,nd,nd,nd
SRR1159122,nd,nd,nd,nd,nd,nd,nd,nd,nd,nd,nd,nd,nd,nd,nd,nd
SRR1163025,nd,nd,nd,nd,nd,nd,nd,nd,nd,nd,nd,nd,nd,nd,nd,nd
SRR1163050,nd,nd,nd,nd,nd,nd,nd,nd,nd,nd,nd,nd,nd,nd,nd,nd
SRR1163202,nd,nd,nd,nd,nd,nd,nd,nd,nd,nd,nd,nd,nd,nd,nd,nd
SRR1163121,nd,nd,nd,nd,nd,nd,nd,nd,nd,nd,nd,nd,nd,nd,nd,nd
SRR1162947,nd,nd,nd,nd,nd,nd,nd,nd,nd,nd,nd,nd,nd,nd,nd,nd
SRR1163126,nd,nd,nd,nd,nd,nd,nd,nd,nd,nd,nd,nd,nd,nd,nd,nd
SRR1163135,nd,nd,nd,nd,nd,nd,nd,nd,nd,nd,nd,nd,nd,nd,nd,nd
SRR1163101,nd,nd,nd,nd,nd,nd,nd,nd,nd,nd,nd,nd,nd,nd,nd,nd
SRR1162952,nd,nd,nd,nd,nd,nd,nd,nd,nd,nd,nd,nd,nd,nd,nd,nd
SRR1163198,nd,nd,nd,nd,nd,nd,nd,nd,nd,nd,nd,nd,nd,nd,nd,nd
SRR1163021,nd,nd,nd,nd,nd,nd,nd,nd,nd,nd,nd,nd,nd,nd,nd,nd
SRR1163079,nd,nd,nd,nd,nd,nd,nd,nd,nd,nd,nd,nd,nd,nd,nd,nd
SRR1163002,nd,nd,nd,nd,nd,nd,nd,nd,nd,nd,nd,nd,nd,nd,nd,nd
SRR1163114,nd,nd,nd,nd,nd,nd,nd,nd,nd,nd,nd,nd,nd,nd,nd,nd
SRR1163080,nd,nd,nd,nd,nd,nd,nd,nd,nd,nd,nd,nd,nd,nd,nd,nd
SRR1163139,nd,nd,nd,nd,nd,nd,nd,nd,nd,nd,nd,nd,nd,nd,nd,nd
SRR1162953,nd,nd,nd,nd,nd,nd,nd,nd,nd,nd,nd,nd,nd,nd,nd,nd
SRR1163211,nd,nd,nd,nd,nd,nd,nd,nd,nd,nd,nd,nd,nd,nd,nd,nd
SRR1163103,nd,nd,nd,nd,nd,nd,nd,nd,nd,nd,nd,nd,nd,nd,nd,nd
SRR1162966,nd,nd,nd,nd,nd,nd,nd,nd,nd,nd,nd,nd,nd,nd,nd,nd
SRR1163145,nd,nd,nd,nd,nd,nd,nd,nd,nd,nd,nd,nd,nd,nd,nd,nd
SRR1163023,nd,nd,nd,nd,nd,nd,nd,nd,nd,nd,nd,nd,nd,nd,nd,nd
SRR1163369,nd,nd,nd,nd,nd,nd,nd,nd,nd,nd,nd,nd,nd,nd,nd,nd
SRR1163104,nd,nd,nd,nd,nd,nd,nd,nd,nd,nd,nd,nd,nd,nd,nd,nd
SRR1163172,nd,nd,nd,nd,nd,nd,nd,nd,nd,nd,nd,nd,nd,nd,nd,nd
SRR1163177,nd,nd,nd,nd,nd,nd,nd,nd,nd,nd,nd,nd,nd,nd,nd,nd
SRR1163081,nd,nd,nd,nd,nd,nd,nd,nd,nd,nd,nd,nd,nd,nd,nd,nd
SRR1162980,nd,nd,nd,nd,nd,nd,nd,nd,nd,nd,nd,nd,nd,nd,nd,nd
SRR1163178,nd,nd,nd,nd,nd,nd,nd,nd,nd,nd,nd,nd,nd,nd,nd,nd
SRR1162977,nd,nd,nd,nd,nd,nd,nd,nd,nd,nd,nd,nd,nd,nd,nd,nd