drug	variant	Present_SOLO_R	Present_SOLO_SR	Present_S	Present_R	Absent_S	Absent_R	grading
AMI	rrs_a1401g	918.0	966.0	50.0	939.0	15640.0	349.0	1) Assoc w R
AMI	eis_c-14t	28.0	77.0	51.0	32.0	7325.0	632.0	1) Assoc w R
AMI	rrs_g1484t	5.0	7.0	2.0	6.0	15688.0	1282.0	2) Assoc w R - Interim
AMI	rrs_c1402t	4.0	13.0	10.0	5.0	15680.0	1283.0	2) Assoc w R - Interim
CAP	rrs_a1401g	575.0	734.0	160.0	583.0	10396.0	387.0	1) Assoc w R
CAP	tlyA_N236K	17.0	17.0	0.0	17.0	10556.0	953.0	1) Assoc w R
CAP	rrs_c1402t	10.0	12.0	2.0	10.0	10554.0	960.0	1) Assoc w R
CAP	rrs_g1484t	8.0	8.0	0.0	8.0	10556.0	962.0	1) Assoc w R
CAP	tlyA_L74P	6.0	6.0	0.0	6.0	10556.0	964.0	1) Assoc w R
CAP	tlyA_G232D	16.0	18.0	2.0	16.0	10554.0	954.0	2) Assoc w R - Interim
CAP	tlyA_590_ins_1_t_ta	5.0	5.0	0.0	5.0	10556.0	965.0	2) Assoc w R - Interim
CAP	tlyA_395_ins_1_a_ag	4.0	4.0	0.0	4.0	10556.0	966.0	2) Assoc w R - Interim
CAP	tlyA_397_del_1_cg_c	3.0	3.0	0.0	3.0	10556.0	967.0	2) Assoc w R - Interim
CAP	tlyA_266_ins_2_c_cgg	2.0	2.0	0.0	2.0	10556.0	968.0	2) Assoc w R - Interim
CAP	tlyA_309_ins_1_t_tg	2.0	3.0	1.0	2.0	10555.0	968.0	2) Assoc w R - Interim
CAP	tlyA_389_ins_1_tcctcgag_tcctcgagc	2.0	3.0	1.0	2.0	10555.0	968.0	2) Assoc w R - Interim
CAP	tlyA_135_ins_1_c_cg	1.0	1.0	0.0	1.0	10556.0	969.0	2) Assoc w R - Interim
CAP	tlyA_224_del_1_ag_a	1.0	1.0	0.0	1.0	10556.0	969.0	2) Assoc w R - Interim
CAP	tlyA_313_ins_1_g_gc	1.0	1.0	0.0	1.0	10556.0	969.0	2) Assoc w R - Interim
CAP	tlyA_389_ins_1_tcctcgag_tccctcgag	1.0	1.0	0.0	1.0	10556.0	969.0	2) Assoc w R - Interim
CAP	tlyA_389_ins_2_tcctcgag_tcctcgagag	1.0	1.0	0.0	1.0	10556.0	969.0	2) Assoc w R - Interim
CAP	tlyA_395_ins_2_a_agc	1.0	1.0	0.0	1.0	10556.0	969.0	2) Assoc w R - Interim
CAP	tlyA_429_ins_1_g_ga	1.0	1.0	0.0	1.0	10556.0	969.0	2) Assoc w R - Interim
CAP	tlyA_591_del_1_ggt_gg	1.0	1.0	0.0	1.0	10556.0	969.0	2) Assoc w R - Interim
CAP	tlyA_631_del_2_gtcg_gt	1.0	1.0	0.0	1.0	10556.0	969.0	2) Assoc w R - Interim
CAP	tlyA_695_del_1_gc_g	1.0	1.0	0.0	1.0	10556.0	969.0	2) Assoc w R - Interim
CAP	tlyA_95_del_173_tgcgcatcgacgggctgccggcggtcaagccggccaccgccgtgtccgac_t	1.0	1.0	0.0	1.0	10556.0	969.0	2) Assoc w R - Interim
CAP	tlyA_99_del_1_ca_c	1.0	1.0	0.0	1.0	10556.0	969.0	2) Assoc w R - Interim
CAP	tlyA_G66!	0.0	0.0	0.0	1.0	10556.0	969.0	2) Assoc w R - Interim
CAP	tlyA_Q22!	1.0	1.0	0.0	1.0	10556.0	969.0	2) Assoc w R - Interim
CAP	tlyA_R18!	1.0	1.0	0.0	1.0	10556.0	969.0	2) Assoc w R - Interim
CAP	tlyA_197_ins_2_ga_gagc	0.0	1.0	1.0	0.0	10555.0	970.0	2) Assoc w R - Interim
CAP	tlyA_272_del_2_cat_c	0.0	1.0	1.0	0.0	10555.0	970.0	2) Assoc w R - Interim
CAP	tlyA_326_del_1_tg_t	0.0	1.0	1.0	0.0	10555.0	970.0	2) Assoc w R - Interim
CAP	tlyA_389_ins_1_tcctcgag_tcctcgaag	0.0	1.0	1.0	0.0	10555.0	970.0	2) Assoc w R - Interim
CAP	tlyA_569_ins_1_g_gt	0.0	1.0	1.0	0.0	10555.0	970.0	2) Assoc w R - Interim
CAP	tlyA_585_ins_2_t_tgg	0.0	1.0	1.0	0.0	10555.0	970.0	2) Assoc w R - Interim
CAP	tlyA_640_ins_2_cgggcacag_cgggggcacag	0.0	1.0	1.0	0.0	10555.0	970.0	2) Assoc w R - Interim
CAP	tlyA_714_del_1_gta_gt	0.0	1.0	1.0	0.0	10555.0	970.0	2) Assoc w R - Interim
CAP	tlyA_Q117!	0.0	1.0	1.0	0.0	10555.0	970.0	2) Assoc w R - Interim
CAP	tlyA_S159!	0.0	1.0	1.0	0.0	10555.0	970.0	2) Assoc w R - Interim
CAP	tlyA_123_ins_1_g_gc	0.0	2.0	2.0	0.0	10554.0	970.0	2) Assoc w R - Interim
DLM	ddn_L49P	5.0	6.0	1.0	5.0	7695.0	77.0	2) Assoc w R - Interim
EMB	embB_M306V	1544.0	1891.0	367.0	1801.0	25441.0	3099.0	1) Assoc w R
EMB	embB_M306I	696.0	1282.0	625.0	984.0	25183.0	3916.0	1) Assoc w R
EMB	embB_Q497R	275.0	352.0	111.0	497.0	25697.0	4403.0	1) Assoc w R
EMB	embA_c-12t	84.0	162.0	99.0	238.0	25709.0	4662.0	1) Assoc w R
EMB	embB_D354A	189.0	329.0	153.0	236.0	25655.0	4664.0	1) Assoc w R
EMB	embB_G406A	122.0	232.0	120.0	176.0	25688.0	4724.0	1) Assoc w R
EMB	embB_Y319S	120.0	142.0	24.0	121.0	25784.0	4779.0	1) Assoc w R
EMB	embB_G406D	77.0	178.0	112.0	117.0	25696.0	4783.0	1) Assoc w R
EMB	embB_G406S	34.0	69.0	46.0	79.0	25762.0	4821.0	1) Assoc w R
EMB	embB_M306L	50.0	68.0	18.0	68.0	25790.0	4832.0	1) Assoc w R
EMB	embB_Q497K	34.0	56.0	25.0	68.0	25783.0	4832.0	1) Assoc w R
EMB	embB_D328Y	13.0	16.0	3.0	24.0	25805.0	4876.0	1) Assoc w R
EMB	embB_G406C	15.0	35.0	20.0	24.0	25788.0	4876.0	1) Assoc w R
EMB	embB_Y319C	10.0	18.0	9.0	14.0	20082.0	3601.0	1) Assoc w R
EMB	embB_L74R	18.0	25.0	7.0	18.0	25801.0	4882.0	2) Assoc w R - Interim
ETH	inhA_c-777t (fabG1_c-15t)	739.0	1045.0	409.0	1297.0	10544.0	1668.0	1) Assoc w R
ETH	ethA_111_del_1_ct_c	40.0	61.0	23.0	44.0	10930.0	2921.0	1) Assoc w R
ETH	ethA_R207G	30.0	42.0	12.0	30.0	10941.0	2935.0	1) Assoc w R
ETH	ethA_M1R	27.0	44.0	17.0	27.0	10936.0	2938.0	1) Assoc w R
ETH	inhA_g-154a (fabG1_L203L)	61.0	101.0	47.0	175.0	10906.0	2790.0	2) Assoc w R - Interim
ETH	inhA_t-770c (fabG1_t-8c)	9.0	22.0	36.0	66.0	10917.0	2899.0	2) Assoc w R - Interim
ETH	inhA_S94A	13.0	23.0	10.0	62.0	10943.0	2903.0	2) Assoc w R - Interim
ETH	inhA_t-770a (fabG1_t-8a)	5.0	11.0	18.0	42.0	10935.0	2923.0	2) Assoc w R - Interim
ETH	ethA_t-7c	32.0	67.0	39.0	35.0	10914.0	2930.0	2) Assoc w R - Interim
ETH	ethA_482_del_33_atcggcccgacgaaatcctccgagccggcgaatc_a	0.0	0.0	3.0	31.0	10950.0	2934.0	2) Assoc w R - Interim
ETH	ethA_1243_del_1_ca_c	23.0	27.0	4.0	27.0	10949.0	2938.0	2) Assoc w R - Interim
ETH	ethA_S399!	0.0	0.0	0.0	26.0	10953.0	2939.0	2) Assoc w R - Interim
ETH	ethA_769_del_1_gc_g	0.0	0.0	3.0	25.0	10950.0	2940.0	2) Assoc w R - Interim
ETH	ethA_P378L	23.0	52.0	31.0	25.0	10922.0	2940.0	2) Assoc w R - Interim
ETH	ethA_M1T	22.0	28.0	6.0	24.0	10947.0	2941.0	2) Assoc w R - Interim
ETH	ethA_S390F	19.0	23.0	4.0	19.0	10949.0	2946.0	2) Assoc w R - Interim
ETH	ethA_753_ins_1_g_gc	11.0	16.0	6.0	19.0	10947.0	2946.0	2) Assoc w R - Interim
ETH	ethA_342_del_1_gt_g	14.0	23.0	11.0	19.0	10942.0	2946.0	2) Assoc w R - Interim
ETH	ethA_A341V	17.0	19.0	2.0	18.0	10951.0	2947.0	2) Assoc w R - Interim
ETH	ethA_113_del_1_cgcttttccaggatggcgtagc_cgctttccaggatggcgtagc	6.0	17.0	11.0	13.0	10942.0	2952.0	2) Assoc w R - Interim
ETH	ethA_1055_del_1_gc_g	4.0	6.0	2.0	12.0	10951.0	2953.0	2) Assoc w R - Interim
ETH	ethA_Y147!	12.0	18.0	6.0	12.0	10947.0	2953.0	2) Assoc w R - Interim
ETH	ethA_1392_ins_1_gt_gtt	0.0	0.0	0.0	11.0	10953.0	2954.0	2) Assoc w R - Interim
ETH	ethA_S57Y	10.0	11.0	1.0	11.0	10952.0	2954.0	2) Assoc w R - Interim
ETH	ethA_771_del_1_tggc_tgg	0.0	0.0	1.0	11.0	10952.0	2954.0	2) Assoc w R - Interim
ETH	ethA_704_del_1_ta_t	11.0	16.0	5.0	11.0	10948.0	2954.0	2) Assoc w R - Interim
ETH	ethA_Y32D	10.0	16.0	6.0	10.0	10947.0	2955.0	2) Assoc w R - Interim
ETH	ethA_W391!	8.0	14.0	9.0	10.0	10944.0	2955.0	2) Assoc w R - Interim
ETH	ethA_367_ins_1_ggctttggatgtgaac_ggcttttggatgtgaac	8.0	8.0	0.0	9.0	10953.0	2956.0	2) Assoc w R - Interim
ETH	ethA_885_del_1_ca_c	4.0	5.0	1.0	9.0	10952.0	2956.0	2) Assoc w R - Interim
ETH	ethA_W256!	8.0	17.0	9.0	9.0	10944.0	2956.0	2) Assoc w R - Interim
ETH	ethA_T88I	8.0	9.0	1.0	8.0	10952.0	2957.0	2) Assoc w R - Interim
ETH	ethA_Q359!	8.0	10.0	2.0	8.0	10951.0	2957.0	2) Assoc w R - Interim
ETH	ethA_G11V	6.0	6.0	0.0	7.0	10953.0	2958.0	2) Assoc w R - Interim
ETH	ethA_770_del_1_ggc_gg	0.0	0.0	0.0	7.0	10953.0	2958.0	2) Assoc w R - Interim
ETH	ethA_441_ins_1_g_ga	5.0	5.0	0.0	6.0	10953.0	2959.0	2) Assoc w R - Interim
ETH	ethA_1392_ins_2_gt_gtct	6.0	7.0	1.0	6.0	10952.0	2959.0	2) Assoc w R - Interim
ETH	ethA_1195_ins_3_a_acac	0.0	0.0	1.0	6.0	10952.0	2959.0	2) Assoc w R - Interim
ETH	ethA_575_del_1655_ggcacgagcgtgaccgccgttgcgccactgccgatcacgacgatgttctt_gt	5.0	6.0	1.0	6.0	10952.0	2959.0	2) Assoc w R - Interim
ETH	ethA_870_ins_1_g_gt	0.0	0.0	1.0	6.0	10952.0	2959.0	2) Assoc w R - Interim
ETH	ethA_861_del_1_gt_g	3.0	4.0	2.0	6.0	10951.0	2959.0	2) Assoc w R - Interim
ETH	ethA_756_ins_2_ggc_ggcgc	5.0	14.0	9.0	6.0	10944.0	2959.0	2) Assoc w R - Interim
ETH	ethA_1344_del_1_ct_c	2.0	3.0	1.0	5.0	10952.0	2960.0	2) Assoc w R - Interim
ETH	ethA_W289!	3.0	4.0	2.0	5.0	10951.0	2960.0	2) Assoc w R - Interim
ETH	ethA_1392_ins_1_gt_gtc	0.0	0.0	0.0	4.0	10953.0	2961.0	2) Assoc w R - Interim
ETH	ethA_66_del_1_gt_g	0.0	0.0	0.0	4.0	10953.0	2961.0	2) Assoc w R - Interim
ETH	ethA_969_del_2027_ggtcgcggtgaaccgttcaatggtgtcggtcaccacctcgaccttcccgt_g	4.0	4.0	0.0	4.0	10953.0	2961.0	2) Assoc w R - Interim
ETH	ethA_E132!	0.0	0.0	0.0	4.0	10953.0	2961.0	2) Assoc w R - Interim
ETH	ethA_Q121!	0.0	0.0	0.0	4.0	10953.0	2961.0	2) Assoc w R - Interim
ETH	ethA_85_del_1_tcg_tc	0.0	1.0	1.0	4.0	10952.0	2961.0	2) Assoc w R - Interim
ETH	ethA_1048_ins_1_ca_caa	4.0	6.0	2.0	4.0	10951.0	2961.0	2) Assoc w R - Interim
ETH	ethA_827_del_1_tac_ta	3.0	5.0	2.0	4.0	10951.0	2961.0	2) Assoc w R - Interim
ETH	ethA_1048_del_1_ca_c	2.0	7.0	6.0	4.0	10947.0	2961.0	2) Assoc w R - Interim
ETH	ethA_598_del_1_tg_t	4.0	12.0	8.0	4.0	10945.0	2961.0	2) Assoc w R - Interim
ETH	ethA_1243_ins_1_c_ca	1.0	1.0	0.0	3.0	10953.0	2962.0	2) Assoc w R - Interim
ETH	ethA_1395_ins_1_g_ga	3.0	3.0	0.0	3.0	10953.0	2962.0	2) Assoc w R - Interim
ETH	ethA_196_del_22_atcggaaacctagcgtgtacatg_a	3.0	3.0	0.0	3.0	10953.0	2962.0	2) Assoc w R - Interim
ETH	ethA_552_del_3_gcca_g	1.0	1.0	0.0	3.0	10953.0	2962.0	2) Assoc w R - Interim
ETH	ethA_705_del_1_gta_gt	3.0	3.0	0.0	3.0	10953.0	2962.0	2) Assoc w R - Interim
ETH	ethA_840_ins_1_ct_ctt	0.0	0.0	0.0	3.0	10953.0	2962.0	2) Assoc w R - Interim
ETH	ethA_Q246!	3.0	3.0	0.0	3.0	10953.0	2962.0	2) Assoc w R - Interim
ETH	ethA_Q269!	0.0	0.0	0.0	3.0	10953.0	2962.0	2) Assoc w R - Interim
ETH	ethA_W109!	3.0	3.0	0.0	3.0	10953.0	2962.0	2) Assoc w R - Interim
ETH	ethA_1432_del_1_ga_g	0.0	0.0	1.0	3.0	10952.0	2962.0	2) Assoc w R - Interim
ETH	ethA_Q165!	3.0	4.0	1.0	3.0	10952.0	2962.0	2) Assoc w R - Interim
ETH	ethA_758_del_1_ca_c	3.0	6.0	3.0	3.0	10950.0	2962.0	2) Assoc w R - Interim
ETH	ethA_C253!	2.0	5.0	3.0	3.0	10950.0	2962.0	2) Assoc w R - Interim
ETH	ethA_1011_del_1_ga_g	3.0	6.0	4.0	3.0	10949.0	2962.0	2) Assoc w R - Interim
ETH	ethA_641_del_2_gac_g	3.0	7.0	4.0	3.0	10949.0	2962.0	2) Assoc w R - Interim
ETH	ethA_1387_del_1_gt_g	2.0	2.0	5.0	3.0	10948.0	2962.0	2) Assoc w R - Interim
ETH	ethA_943_del_1_cg_c	3.0	9.0	6.0	3.0	10947.0	2962.0	2) Assoc w R - Interim
ETH	ethA_Y140!	3.0	12.0	10.0	3.0	10943.0	2962.0	2) Assoc w R - Interim
ETH	ethA_1113_ins_1_gc_gcc	2.0	2.0	0.0	2.0	10953.0	2963.0	2) Assoc w R - Interim
ETH	ethA_1153_ins_1_c_ca	1.0	1.0	0.0	2.0	10953.0	2963.0	2) Assoc w R - Interim
ETH	ethA_1306_del_1_gggtgaactccatgaagggccgctcttcgacatctgagcccggtcgctcg_gggtgaactccatgagggccgctcttcgacatctgagcccggtcgctcga	2.0	2.0	0.0	2.0	10953.0	2963.0	2) Assoc w R - Interim
ETH	ethA_1306_ins_22_gggtgaactccatgaagggccgctcttcgacatctgagcccggtcgctcg_gggtgaactccatgaagggccgctcttcgacatctgagcccccgctcttc	2.0	2.0	0.0	2.0	10953.0	2963.0	2) Assoc w R - Interim
ETH	ethA_1408_del_1_gc_g	2.0	2.0	0.0	2.0	10953.0	2963.0	2) Assoc w R - Interim
ETH	ethA_1460_del_3961_accggggcaggccttttggcgaaccgcagaccctcgtcgtcgatcttgcc_a	0.0	0.0	0.0	2.0	10953.0	2963.0	2) Assoc w R - Interim
ETH	ethA_196_ins_1_atcggaaacctagcgtgtacatg_atcggcaaacctagcgtgtacatg	0.0	0.0	0.0	2.0	10953.0	2963.0	2) Assoc w R - Interim
ETH	ethA_269_del_1_gccgcggtgctcttgacgtact_gcgcggtgctcttgacgtact	2.0	2.0	0.0	2.0	10953.0	2963.0	2) Assoc w R - Interim
ETH	ethA_49_ins_7_caccggagattccagcgcccacgatg_caccggagattccagcgcccacgatgacaacgg	0.0	0.0	0.0	2.0	10953.0	2963.0	2) Assoc w R - Interim
ETH	ethA_568_ins_1_g_gc	1.0	1.0	0.0	2.0	10953.0	2963.0	2) Assoc w R - Interim
ETH	ethA_569_ins_2_a_agc	1.0	1.0	0.0	2.0	10953.0	2963.0	2) Assoc w R - Interim
ETH	ethA_659_del_2_ccg_c	2.0	2.0	0.0	2.0	10953.0	2963.0	2) Assoc w R - Interim
ETH	ethA_674_ins_2_a_agc	2.0	2.0	0.0	2.0	10953.0	2963.0	2) Assoc w R - Interim
ETH	ethA_723_del_1_ct_c	2.0	2.0	0.0	2.0	10953.0	2963.0	2) Assoc w R - Interim
ETH	ethA_744_ins_3_g_ggcc	0.0	0.0	0.0	2.0	10953.0	2963.0	2) Assoc w R - Interim
ETH	ethA_745_ins_8_c_cggccgcct	2.0	2.0	0.0	2.0	10953.0	2963.0	2) Assoc w R - Interim
ETH	ethA_813_del_1_ctg_ct	2.0	2.0	0.0	2.0	10953.0	2963.0	2) Assoc w R - Interim
ETH	ethA_E332!	1.0	1.0	0.0	2.0	10953.0	2963.0	2) Assoc w R - Interim
ETH	ethA_W21!	1.0	1.0	0.0	2.0	10953.0	2963.0	2) Assoc w R - Interim
ETH	ethA_W45!	2.0	2.0	0.0	2.0	10953.0	2963.0	2) Assoc w R - Interim
ETH	ethA_Y386!	2.0	2.0	0.0	2.0	10953.0	2963.0	2) Assoc w R - Interim
ETH	ethA_1030_ins_1_a_ac	2.0	3.0	1.0	2.0	10952.0	2963.0	2) Assoc w R - Interim
ETH	ethA_1048_ins_1_c_ca	2.0	3.0	1.0	2.0	10952.0	2963.0	2) Assoc w R - Interim
ETH	ethA_712_ins_2_c_ccg	2.0	3.0	1.0	2.0	10952.0	2963.0	2) Assoc w R - Interim
ETH	ethA_Q271!	2.0	2.0	1.0	2.0	10952.0	2963.0	2) Assoc w R - Interim
ETH	ethA_1306_del_1_gggtgaactccatgaagggccgctcttcgacatctgagcccggtcgctcg_gggtgaactccatgaaggccgctcttcgacatctgagcccggtcgctcga	2.0	4.0	2.0	2.0	10951.0	2963.0	2) Assoc w R - Interim
ETH	ethA_1308_ins_1_t_tg	2.0	4.0	2.0	2.0	10951.0	2963.0	2) Assoc w R - Interim
ETH	ethA_865_del_1_ag_a	1.0	3.0	2.0	2.0	10951.0	2963.0	2) Assoc w R - Interim
ETH	ethA_1035_del_1_gt_g	2.0	5.0	3.0	2.0	10950.0	2963.0	2) Assoc w R - Interim
ETH	ethA_153_del_1_gggataacggaacaaatccca_gggataacggaacaatccca	2.0	4.0	3.0	2.0	10950.0	2963.0	2) Assoc w R - Interim
ETH	ethA_849_del_1_gc_g	2.0	5.0	3.0	2.0	10950.0	2963.0	2) Assoc w R - Interim
ETH	ethA_Y250!	1.0	5.0	4.0	2.0	10949.0	2963.0	2) Assoc w R - Interim
ETH	ethA_1019_del_3_gtaa_g	0.0	0.0	0.0	1.0	10953.0	2964.0	2) Assoc w R - Interim
ETH	ethA_1019_ins_3_g_gtaa	1.0	1.0	0.0	1.0	10953.0	2964.0	2) Assoc w R - Interim
ETH	ethA_1056_ins_1_c_cg	1.0	1.0	0.0	1.0	10953.0	2964.0	2) Assoc w R - Interim
ETH	ethA_1061_del_1_gc_g	1.0	1.0	0.0	1.0	10953.0	2964.0	2) Assoc w R - Interim
ETH	ethA_1062_ins_1_c_cg	0.0	0.0	0.0	1.0	10953.0	2964.0	2) Assoc w R - Interim
ETH	ethA_1073_del_3_ccgt_c	1.0	1.0	0.0	1.0	10953.0	2964.0	2) Assoc w R - Interim
ETH	ethA_108_del_1_tt_t	1.0	1.0	0.0	1.0	10953.0	2964.0	2) Assoc w R - Interim
ETH	ethA_1106_del_1_ta_t	1.0	1.0	0.0	1.0	10953.0	2964.0	2) Assoc w R - Interim
ETH	ethA_113_del_19_cgcttttccaggatggcgtagc_cgc	1.0	1.0	0.0	1.0	10953.0	2964.0	2) Assoc w R - Interim
ETH	ethA_113_ins_3_cgcttttccaggatggcgtagc_cgcttttccaggatggcgtagtagc	1.0	1.0	0.0	1.0	10953.0	2964.0	2) Assoc w R - Interim
ETH	ethA_1150_ins_13_c_ccgtgtaggccatg	1.0	1.0	0.0	1.0	10953.0	2964.0	2) Assoc w R - Interim
ETH	ethA_1160_ins_1_g_gt	1.0	1.0	0.0	1.0	10953.0	2964.0	2) Assoc w R - Interim
ETH	ethA_1169_del_1_ga_g	1.0	1.0	0.0	1.0	10953.0	2964.0	2) Assoc w R - Interim
ETH	ethA_1176_ins_2_c_cgt	1.0	1.0	0.0	1.0	10953.0	2964.0	2) Assoc w R - Interim
ETH	ethA_118_del_1_at_a	1.0	1.0	0.0	1.0	10953.0	2964.0	2) Assoc w R - Interim
ETH	ethA_1186_del_1_cg_c	1.0	1.0	0.0	1.0	10953.0	2964.0	2) Assoc w R - Interim
ETH	ethA_1225_del_1_tgtaattcaaca_tgtaattcaac	0.0	0.0	0.0	1.0	10953.0	2964.0	2) Assoc w R - Interim
ETH	ethA_1231_del_1_cg_c	1.0	1.0	0.0	1.0	10953.0	2964.0	2) Assoc w R - Interim
ETH	ethA_124_del_120_ccatggattcccgcttttccaggatggcgtagctcttggtcgggcaacgg_c	1.0	1.0	0.0	1.0	10953.0	2964.0	2) Assoc w R - Interim
ETH	ethA_126_del_1_gc_g	1.0	1.0	0.0	1.0	10953.0	2964.0	2) Assoc w R - Interim
ETH	ethA_1266_del_1_cg_c	0.0	0.0	0.0	1.0	10953.0	2964.0	2) Assoc w R - Interim
ETH	ethA_129_del_1_gccgc_gccg	1.0	1.0	0.0	1.0	10953.0	2964.0	2) Assoc w R - Interim
ETH	ethA_129_del_4_gccgc_g	1.0	1.0	0.0	1.0	10953.0	2964.0	2) Assoc w R - Interim
ETH	ethA_129_ins_1_gccgc_gccgcc	1.0	1.0	0.0	1.0	10953.0	2964.0	2) Assoc w R - Interim
ETH	ethA_1306_del_1_gggtgaactccatgaagggccgctcttcgacatctgagcccggtcgctcg_gggtgaactccatgaagggccgctcttcgacatctgagcccgtcgctcga	1.0	1.0	0.0	1.0	10953.0	2964.0	2) Assoc w R - Interim
ETH	ethA_1306_del_1_gggtgaactccatgaagggccgctcttcgacatctgagcccggtcgctcg_gggtgaactccatgaagggccgctcttcgacatctgagccggtcgctcga	1.0	1.0	0.0	1.0	10953.0	2964.0	2) Assoc w R - Interim
ETH	ethA_1306_ins_1_gggtgaactccatgaagggccgctcttcgacatctgagcccggtcgctcg_gggtgaacctccatgaagggccgctcttcgacatctgagcccggtcgctc	0.0	0.0	0.0	1.0	10953.0	2964.0	2) Assoc w R - Interim
ETH	ethA_1306_ins_2_gggtgaactccatgaagggccgctcttcgacatctgagcccggtcgctcg_gggtgaacactccatgaagggccgctcttcgacatctgagcccggtcgct	0.0	0.0	0.0	1.0	10953.0	2964.0	2) Assoc w R - Interim
ETH	ethA_131_ins_1_g_gt	1.0	1.0	0.0	1.0	10953.0	2964.0	2) Assoc w R - Interim
ETH	ethA_1320_del_1_ca_c	0.0	0.0	0.0	1.0	10953.0	2964.0	2) Assoc w R - Interim
ETH	ethA_1342_del_1_tg_t	1.0	1.0	0.0	1.0	10953.0	2964.0	2) Assoc w R - Interim
ETH	ethA_1345_del_1_gct_gc	0.0	0.0	0.0	1.0	10953.0	2964.0	2) Assoc w R - Interim
ETH	ethA_1350_ins_1_a_ac	1.0	1.0	0.0	1.0	10953.0	2964.0	2) Assoc w R - Interim
ETH	ethA_1352_ins_1_g_ga	1.0	1.0	0.0	1.0	10953.0	2964.0	2) Assoc w R - Interim
ETH	ethA_1382_del_11_tagttctgattc_t	0.0	0.0	0.0	1.0	10953.0	2964.0	2) Assoc w R - Interim
ETH	ethA_1392_del_1_gtc_gt	1.0	1.0	0.0	1.0	10953.0	2964.0	2) Assoc w R - Interim
ETH	ethA_1392_ins_1_g_gt	0.0	0.0	0.0	1.0	10953.0	2964.0	2) Assoc w R - Interim
ETH	ethA_1392_ins_2_g_gtc	0.0	0.0	0.0	1.0	10953.0	2964.0	2) Assoc w R - Interim
ETH	ethA_140_del_2_aaat_aa	0.0	0.0	0.0	1.0	10953.0	2964.0	2) Assoc w R - Interim
ETH	ethA_1436_ins_1_c_cg	1.0	1.0	0.0	1.0	10953.0	2964.0	2) Assoc w R - Interim
ETH	ethA_196_del_1_atcggaaacctagcgtgtacatg_atcggaaacctagcggtacatg	0.0	0.0	0.0	1.0	10953.0	2964.0	2) Assoc w R - Interim
ETH	ethA_218_ins_1_t_tg	0.0	0.0	0.0	1.0	10953.0	2964.0	2) Assoc w R - Interim
ETH	ethA_227_ins_4_g_gcgat	1.0	1.0	0.0	1.0	10953.0	2964.0	2) Assoc w R - Interim
ETH	ethA_243_ins_1_g_gt	0.0	0.0	0.0	1.0	10953.0	2964.0	2) Assoc w R - Interim
ETH	ethA_256_del_3_tgac_t	1.0	1.0	0.0	1.0	10953.0	2964.0	2) Assoc w R - Interim
ETH	ethA_269_del_20_gccgcggtgctcttgacgtact_gc	1.0	1.0	0.0	1.0	10953.0	2964.0	2) Assoc w R - Interim
ETH	ethA_281_del_1_at_a	1.0	1.0	0.0	1.0	10953.0	2964.0	2) Assoc w R - Interim
ETH	ethA_282_ins_5_gattcc_gattccattcc	1.0	1.0	0.0	1.0	10953.0	2964.0	2) Assoc w R - Interim
ETH	ethA_316_ins_1_tgatcaccttgtggtggaaccggata_tggatcaccttgtggtggaaccggata	1.0	1.0	0.0	1.0	10953.0	2964.0	2) Assoc w R - Interim
ETH	ethA_33_del_1_gc_g	1.0	1.0	0.0	1.0	10953.0	2964.0	2) Assoc w R - Interim
ETH	ethA_367_del_1_ggctttggatgtgaac_ggctttgatgtgaac	0.0	0.0	0.0	1.0	10953.0	2964.0	2) Assoc w R - Interim
ETH	ethA_367_ins_1_ggctttggatgtgaac_ggctttggatgtgaaac	1.0	1.0	0.0	1.0	10953.0	2964.0	2) Assoc w R - Interim
ETH	ethA_376_ins_5_g_gcgtgc	0.0	0.0	0.0	1.0	10953.0	2964.0	2) Assoc w R - Interim
ETH	ethA_386_ins_1_agggc_aggggc	1.0	1.0	0.0	1.0	10953.0	2964.0	2) Assoc w R - Interim
ETH	ethA_389_del_1_gt_g	1.0	1.0	0.0	1.0	10953.0	2964.0	2) Assoc w R - Interim
ETH	ethA_393_del_1_gca_ga	0.0	0.0	0.0	1.0	10953.0	2964.0	2) Assoc w R - Interim
ETH	ethA_393_ins_1_gca_gcaa	1.0	1.0	0.0	1.0	10953.0	2964.0	2) Assoc w R - Interim
ETH	ethA_438_ins_2_g_gcc	1.0	1.0	0.0	1.0	10953.0	2964.0	2) Assoc w R - Interim
ETH	ethA_449_ins_25_c_ctcggcgagtagccctcgtcgtagtt	0.0	0.0	0.0	1.0	10953.0	2964.0	2) Assoc w R - Interim
ETH	ethA_478_del_1_gc_g	1.0	1.0	0.0	1.0	10953.0	2964.0	2) Assoc w R - Interim
ETH	ethA_480_del_1_cg_c	1.0	1.0	0.0	1.0	10953.0	2964.0	2) Assoc w R - Interim
ETH	ethA_482_del_1_atcggcccgacgaaatcctccgagccggcgaatc_atcgtccgacgaaatcctccgagccggcgaatc	1.0	1.0	0.0	1.0	10953.0	2964.0	2) Assoc w R - Interim
ETH	ethA_482_del_3_atcggcccgacgaaatcctccgagccggcgaatc_atcccgacgaaatcctccgagccggcgaatc	0.0	0.0	0.0	1.0	10953.0	2964.0	2) Assoc w R - Interim
ETH	ethA_49_del_25_caccggagattccagcgcccacgatg_c	1.0	1.0	0.0	1.0	10953.0	2964.0	2) Assoc w R - Interim
ETH	ethA_502_del_1_gc_g	1.0	1.0	0.0	1.0	10953.0	2964.0	2) Assoc w R - Interim
ETH	ethA_541_ins_1_t_tc	0.0	0.0	0.0	1.0	10953.0	2964.0	2) Assoc w R - Interim
ETH	ethA_555_ins_2_t_tgc	0.0	0.0	0.0	1.0	10953.0	2964.0	2) Assoc w R - Interim
ETH	ethA_571_ins_2_c_cga	1.0	1.0	0.0	1.0	10953.0	2964.0	2) Assoc w R - Interim
ETH	ethA_58_ins_1_ccgcgct_ccgcgctt	1.0	1.0	0.0	1.0	10953.0	2964.0	2) Assoc w R - Interim
ETH	ethA_584_ins_1_gcca_gccag	1.0	1.0	0.0	1.0	10953.0	2964.0	2) Assoc w R - Interim
ETH	ethA_585_ins_1_c_cg	1.0	1.0	0.0	1.0	10953.0	2964.0	2) Assoc w R - Interim
ETH	ethA_631_del_1_aggtgggtga_aggtgggga	1.0	1.0	0.0	1.0	10953.0	2964.0	2) Assoc w R - Interim
ETH	ethA_631_ins_1_aggtgggtga_aggtggggtga	1.0	1.0	0.0	1.0	10953.0	2964.0	2) Assoc w R - Interim
ETH	ethA_654_del_173_ccggtctggctgcgacacgatgtaggtgggtgagcgctgcagcatcgtga_c	0.0	0.0	0.0	1.0	10953.0	2964.0	2) Assoc w R - Interim
ETH	ethA_659_del_1_ccg_cc	1.0	1.0	0.0	1.0	10953.0	2964.0	2) Assoc w R - Interim
ETH	ethA_672_del_4_cttct_c	0.0	0.0	0.0	1.0	10953.0	2964.0	2) Assoc w R - Interim
ETH	ethA_673_ins_1_gcttctcg_gctttctcg	1.0	1.0	0.0	1.0	10953.0	2964.0	2) Assoc w R - Interim
ETH	ethA_683_del_1_ca_c	0.0	0.0	0.0	1.0	10953.0	2964.0	2) Assoc w R - Interim
ETH	ethA_687_ins_1_c_ca	1.0	1.0	0.0	1.0	10953.0	2964.0	2) Assoc w R - Interim
ETH	ethA_704_del_1_tag_ta	1.0	1.0	0.0	1.0	10953.0	2964.0	2) Assoc w R - Interim
ETH	ethA_708_del_9_ggtgtaggcc_g	0.0	0.0	0.0	1.0	10953.0	2964.0	2) Assoc w R - Interim
ETH	ethA_711_ins_3_c_cgcg	0.0	0.0	0.0	1.0	10953.0	2964.0	2) Assoc w R - Interim
ETH	ethA_721_ins_1_t_tc	0.0	0.0	0.0	1.0	10953.0	2964.0	2) Assoc w R - Interim
ETH	ethA_740_del_1_gcct_gcc	0.0	0.0	0.0	1.0	10953.0	2964.0	2) Assoc w R - Interim
ETH	ethA_740_ins_1_g_gc	0.0	0.0	0.0	1.0	10953.0	2964.0	2) Assoc w R - Interim
ETH	ethA_756_del_2_ggc_g	1.0	1.0	0.0	1.0	10953.0	2964.0	2) Assoc w R - Interim
ETH	ethA_758_ins_20_ca_caggcgctgtacacggccgcct	1.0	1.0	0.0	1.0	10953.0	2964.0	2) Assoc w R - Interim
ETH	ethA_771_del_1_tggc_tgc	1.0	1.0	0.0	1.0	10953.0	2964.0	2) Assoc w R - Interim
ETH	ethA_771_ins_1_tggc_tgggc	0.0	0.0	0.0	1.0	10953.0	2964.0	2) Assoc w R - Interim
ETH	ethA_771_ins_2_tggc_tggccc	1.0	1.0	0.0	1.0	10953.0	2964.0	2) Assoc w R - Interim
ETH	ethA_775_del_1_gc_g	1.0	1.0	0.0	1.0	10953.0	2964.0	2) Assoc w R - Interim
ETH	ethA_807_ins_1_ct_ctg	1.0	1.0	0.0	1.0	10953.0	2964.0	2) Assoc w R - Interim
ETH	ethA_826_del_1_ac_a	0.0	0.0	0.0	1.0	10953.0	2964.0	2) Assoc w R - Interim
ETH	ethA_840_del_1_ct_c	0.0	0.0	0.0	1.0	10953.0	2964.0	2) Assoc w R - Interim
ETH	ethA_842_ins_1_t_tg	1.0	1.0	0.0	1.0	10953.0	2964.0	2) Assoc w R - Interim
ETH	ethA_846_ins_4_g_gaagt	0.0	0.0	0.0	1.0	10953.0	2964.0	2) Assoc w R - Interim
ETH	ethA_850_del_1_ggc_gg	1.0	1.0	0.0	1.0	10953.0	2964.0	2) Assoc w R - Interim
ETH	ethA_859_ins_1_t_tc	1.0	1.0	0.0	1.0	10953.0	2964.0	2) Assoc w R - Interim
ETH	ethA_865_ins_1_ag_agg	0.0	0.0	0.0	1.0	10953.0	2964.0	2) Assoc w R - Interim
ETH	ethA_867_ins_5_c_ccaggg	1.0	1.0	0.0	1.0	10953.0	2964.0	2) Assoc w R - Interim
ETH	ethA_882_ins_4_g_gcaca	1.0	1.0	0.0	1.0	10953.0	2964.0	2) Assoc w R - Interim
ETH	ethA_886_del_1_cca_cc	0.0	0.0	0.0	1.0	10953.0	2964.0	2) Assoc w R - Interim
ETH	ethA_927_del_1_ct_c	1.0	1.0	0.0	1.0	10953.0	2964.0	2) Assoc w R - Interim
ETH	ethA_938_del_1_ac_a	0.0	0.0	0.0	1.0	10953.0	2964.0	2) Assoc w R - Interim
ETH	ethA_940_del_1_tc_t	1.0	1.0	0.0	1.0	10953.0	2964.0	2) Assoc w R - Interim
ETH	ethA_959_del_29_aaccgttcaatggtgtcggtcaccacctcgacct_aacct	1.0	1.0	0.0	1.0	10953.0	2964.0	2) Assoc w R - Interim
ETH	ethA_974_ins_1_a_at	1.0	1.0	0.0	1.0	10953.0	2964.0	2) Assoc w R - Interim
ETH	ethA_K394!	1.0	1.0	0.0	1.0	10953.0	2964.0	2) Assoc w R - Interim
ETH	ethA_K86!	1.0	1.0	0.0	1.0	10953.0	2964.0	2) Assoc w R - Interim
ETH	ethA_Q206!	0.0	0.0	0.0	1.0	10953.0	2964.0	2) Assoc w R - Interim
ETH	ethA_Q215!	1.0	1.0	0.0	1.0	10953.0	2964.0	2) Assoc w R - Interim
ETH	ethA_Q24!	0.0	0.0	0.0	1.0	10953.0	2964.0	2) Assoc w R - Interim
ETH	ethA_Q254!	0.0	0.0	0.0	1.0	10953.0	2964.0	2) Assoc w R - Interim
ETH	ethA_Q73!	1.0	1.0	0.0	1.0	10953.0	2964.0	2) Assoc w R - Interim
ETH	ethA_R279!	0.0	0.0	0.0	1.0	10953.0	2964.0	2) Assoc w R - Interim
ETH	ethA_W228!	0.0	0.0	0.0	1.0	10953.0	2964.0	2) Assoc w R - Interim
ETH	ethA_Y211!	0.0	0.0	0.0	1.0	10953.0	2964.0	2) Assoc w R - Interim
ETH	ethA_Y276!	1.0	1.0	0.0	1.0	10953.0	2964.0	2) Assoc w R - Interim
ETH	ethA_Y60!	0.0	0.0	0.0	1.0	10953.0	2964.0	2) Assoc w R - Interim
ETH	ethA_113_del_1_cgcttttccaggatggcgtagc_cgcttttccaggatggctagc	1.0	2.0	1.0	1.0	10952.0	2964.0	2) Assoc w R - Interim
ETH	ethA_113_del_10_cgcttttccaggatggcgtagc_cgcttttccagg	1.0	2.0	1.0	1.0	10952.0	2964.0	2) Assoc w R - Interim
ETH	ethA_1243_ins_1_ca_caa	1.0	2.0	1.0	1.0	10952.0	2964.0	2) Assoc w R - Interim
ETH	ethA_1308_del_1_tg_t	1.0	2.0	1.0	1.0	10952.0	2964.0	2) Assoc w R - Interim
ETH	ethA_1466_del_1_ac_a	0.0	0.0	1.0	1.0	10952.0	2964.0	2) Assoc w R - Interim
ETH	ethA_205_ins_1_a_ag	1.0	2.0	1.0	1.0	10952.0	2964.0	2) Assoc w R - Interim
ETH	ethA_316_del_1_tgatcaccttgtggtggaaccggata_tgatcaccttgtggtggaccggata	0.0	0.0	1.0	1.0	10952.0	2964.0	2) Assoc w R - Interim
ETH	ethA_386_del_2_agggc_agg	1.0	2.0	1.0	1.0	10952.0	2964.0	2) Assoc w R - Interim
ETH	ethA_482_del_1_atcggcccgacgaaatcctccgagccggcgaatc_atcgcccgacgaaatcctccgagccggcgaatc	1.0	2.0	1.0	1.0	10952.0	2964.0	2) Assoc w R - Interim
ETH	ethA_695_ins_2_g_gtc	1.0	2.0	1.0	1.0	10952.0	2964.0	2) Assoc w R - Interim
ETH	ethA_740_ins_1_gcct_gccct	0.0	0.0	1.0	1.0	10952.0	2964.0	2) Assoc w R - Interim
ETH	ethA_743_ins_1_g_gc	1.0	2.0	1.0	1.0	10952.0	2964.0	2) Assoc w R - Interim
ETH	ethA_90_del_1_ct_c	0.0	1.0	1.0	1.0	10952.0	2964.0	2) Assoc w R - Interim
ETH	ethA_C131!	1.0	2.0	1.0	1.0	10952.0	2964.0	2) Assoc w R - Interim
ETH	ethA_C294!	1.0	2.0	1.0	1.0	10952.0	2964.0	2) Assoc w R - Interim
ETH	ethA_Q347!	0.0	1.0	1.0	1.0	10952.0	2964.0	2) Assoc w R - Interim
ETH	ethA_R421!	0.0	1.0	1.0	1.0	10952.0	2964.0	2) Assoc w R - Interim
ETH	ethA_Y408!	0.0	1.0	1.0	1.0	10952.0	2964.0	2) Assoc w R - Interim
ETH	ethA_Y438!	1.0	2.0	1.0	1.0	10952.0	2964.0	2) Assoc w R - Interim
ETH	ethA_Y461!	1.0	2.0	1.0	1.0	10952.0	2964.0	2) Assoc w R - Interim
ETH	ethA_Y84!	0.0	1.0	1.0	1.0	10952.0	2964.0	2) Assoc w R - Interim
ETH	ethA_510_del_1_gt_g	1.0	3.0	2.0	1.0	10951.0	2964.0	2) Assoc w R - Interim
ETH	ethA_673_ins_1_gcttctcg_gccttctcg	0.0	2.0	2.0	1.0	10951.0	2964.0	2) Assoc w R - Interim
ETH	ethA_W240!	1.0	3.0	2.0	1.0	10951.0	2964.0	2) Assoc w R - Interim
ETH	ethA_887_del_1_accaagcacaatcgctg_accagcacaatcgctg	0.0	4.0	4.0	1.0	10949.0	2964.0	2) Assoc w R - Interim
ETH	ethA_10_del_1_gct_gc	0.0	0.0	1.0	0.0	10952.0	2965.0	2) Assoc w R - Interim
ETH	ethA_1000_del_141_gcagttcgcgacctgagttcagccggattccggtcgcggtgaaccgttca_g	0.0	1.0	1.0	0.0	10952.0	2965.0	2) Assoc w R - Interim
ETH	ethA_1030_ins_2_a_acc	0.0	1.0	1.0	0.0	10952.0	2965.0	2) Assoc w R - Interim
ETH	ethA_1033_del_3_tcaa_t	0.0	0.0	1.0	0.0	10952.0	2965.0	2) Assoc w R - Interim
ETH	ethA_1062_del_4_cgccg_c	0.0	1.0	1.0	0.0	10952.0	2965.0	2) Assoc w R - Interim
ETH	ethA_1122_del_1_aa_a	0.0	1.0	1.0	0.0	10952.0	2965.0	2) Assoc w R - Interim
ETH	ethA_1124_del_1_ga_g	0.0	1.0	1.0	0.0	10952.0	2965.0	2) Assoc w R - Interim
ETH	ethA_113_ins_2_cgcttttccaggatggcgtagc_cgcttttccaggatggcgtagcgc	0.0	1.0	1.0	0.0	10952.0	2965.0	2) Assoc w R - Interim
ETH	ethA_1135_del_1_tg_t	0.0	1.0	1.0	0.0	10952.0	2965.0	2) Assoc w R - Interim
ETH	ethA_1153_del_1_ca_c	0.0	1.0	1.0	0.0	10952.0	2965.0	2) Assoc w R - Interim
ETH	ethA_1157_del_1_tag_tg	0.0	1.0	1.0	0.0	10952.0	2965.0	2) Assoc w R - Interim
ETH	ethA_125_del_157_cccatggattcccgcttttccaggatggcgtagctcttggtcgggcaacg_c	0.0	0.0	1.0	0.0	10952.0	2965.0	2) Assoc w R - Interim
ETH	ethA_1306_del_1_gggtgaactccatgaagggccgctcttcgacatctgagcccggtcgctcg_gggtgaactccatgaagggcgctcttcgacatctgagcccggtcgctcga	0.0	1.0	1.0	0.0	10952.0	2965.0	2) Assoc w R - Interim
ETH	ethA_1306_del_15_gggtgaactccatgaagggccgctcttcgacatctgagcccggtcgctcg_ggggccgctcttcgacatctgagcccggtcgctcgacgaccacggt	0.0	1.0	1.0	0.0	10952.0	2965.0	2) Assoc w R - Interim
ETH	ethA_1330_del_7_ccagcgag_c	0.0	1.0	1.0	0.0	10952.0	2965.0	2) Assoc w R - Interim
ETH	ethA_141_del_1_ca_c	0.0	1.0	1.0	0.0	10952.0	2965.0	2) Assoc w R - Interim
ETH	ethA_1432_ins_1_ga_gaa	0.0	1.0	1.0	0.0	10952.0	2965.0	2) Assoc w R - Interim
ETH	ethA_1466_ins_1_ac_acc	0.0	0.0	1.0	0.0	10952.0	2965.0	2) Assoc w R - Interim
ETH	ethA_153_del_20_gggataacggaacaaatccca_g	0.0	0.0	1.0	0.0	10952.0	2965.0	2) Assoc w R - Interim
ETH	ethA_166_del_673_cggagcgaattccgggataacggaacaaatcccaggtgccgcccatggat_c	0.0	1.0	1.0	0.0	10952.0	2965.0	2) Assoc w R - Interim
ETH	ethA_167_del_1409_tcggagcgaattccgggataacggaacaaatcccaggtgccgcccatgga_t	0.0	1.0	1.0	0.0	10952.0	2965.0	2) Assoc w R - Interim
ETH	ethA_202_ins_1_g_ga	0.0	1.0	1.0	0.0	10952.0	2965.0	2) Assoc w R - Interim
ETH	ethA_231_del_1_gt_g	0.0	1.0	1.0	0.0	10952.0	2965.0	2) Assoc w R - Interim
ETH	ethA_282_del_1_gattcc_gatcc	0.0	1.0	1.0	0.0	10952.0	2965.0	2) Assoc w R - Interim
ETH	ethA_316_del_8_tgatcaccttgtggtggaaccggata_tggtggtggaaccggata	0.0	0.0	1.0	0.0	10952.0	2965.0	2) Assoc w R - Interim
ETH	ethA_332_del_15_gtcgaccaatcggcac_g	0.0	0.0	1.0	0.0	10952.0	2965.0	2) Assoc w R - Interim
ETH	ethA_342_ins_1_gt_gtt	0.0	1.0	1.0	0.0	10952.0	2965.0	2) Assoc w R - Interim
ETH	ethA_367_del_1_ggctttggatgtgaac_ggcttggatgtgaac	0.0	0.0	1.0	0.0	10952.0	2965.0	2) Assoc w R - Interim
ETH	ethA_367_del_14_ggctttggatgtgaac_ga	0.0	1.0	1.0	0.0	10952.0	2965.0	2) Assoc w R - Interim
ETH	ethA_386_ins_1_agggc_agggcc	0.0	1.0	1.0	0.0	10952.0	2965.0	2) Assoc w R - Interim
ETH	ethA_442_ins_2_a_agt	0.0	0.0	1.0	0.0	10952.0	2965.0	2) Assoc w R - Interim
ETH	ethA_532_ins_1_t_tg	0.0	0.0	1.0	0.0	10952.0	2965.0	2) Assoc w R - Interim
ETH	ethA_536_del_1_ac_a	0.0	1.0	1.0	0.0	10952.0	2965.0	2) Assoc w R - Interim
ETH	ethA_584_del_3_gcca_g	0.0	0.0	1.0	0.0	10952.0	2965.0	2) Assoc w R - Interim
ETH	ethA_620_del_1_cg_c	0.0	0.0	1.0	0.0	10952.0	2965.0	2) Assoc w R - Interim
ETH	ethA_631_del_1_aggtgggtga_aggtgggta	0.0	1.0	1.0	0.0	10952.0	2965.0	2) Assoc w R - Interim
ETH	ethA_631_del_2_aggtgggtga_aggtgggt	0.0	1.0	1.0	0.0	10952.0	2965.0	2) Assoc w R - Interim
ETH	ethA_634_ins_12_t_tgtaggtgggtga	0.0	1.0	1.0	0.0	10952.0	2965.0	2) Assoc w R - Interim
ETH	ethA_634_ins_9_t_tgtaggtggg	0.0	1.0	1.0	0.0	10952.0	2965.0	2) Assoc w R - Interim
ETH	ethA_687_ins_5_c_cagcca	0.0	0.0	1.0	0.0	10952.0	2965.0	2) Assoc w R - Interim
ETH	ethA_694_ins_1_t_tc	0.0	1.0	1.0	0.0	10952.0	2965.0	2) Assoc w R - Interim
ETH	ethA_704_del_1_tag_tg	0.0	1.0	1.0	0.0	10952.0	2965.0	2) Assoc w R - Interim
ETH	ethA_709_del_1_cg_c	0.0	1.0	1.0	0.0	10952.0	2965.0	2) Assoc w R - Interim
ETH	ethA_733_ins_1_g_gc	0.0	1.0	1.0	0.0	10952.0	2965.0	2) Assoc w R - Interim
ETH	ethA_775_ins_1_gc_gcc	0.0	1.0	1.0	0.0	10952.0	2965.0	2) Assoc w R - Interim
ETH	ethA_827_ins_1_tac_tacc	0.0	0.0	1.0	0.0	10952.0	2965.0	2) Assoc w R - Interim
ETH	ethA_85_del_2_tcg_t	0.0	1.0	1.0	0.0	10952.0	2965.0	2) Assoc w R - Interim
ETH	ethA_852_del_1_cg_c	0.0	0.0	1.0	0.0	10952.0	2965.0	2) Assoc w R - Interim
ETH	ethA_868_del_1561_cccaggggttgtagtgcgggccgaagtgctttcgcacgtcgtacccctcg_c	0.0	1.0	1.0	0.0	10952.0	2965.0	2) Assoc w R - Interim
ETH	ethA_88_del_1_tg_t	0.0	0.0	1.0	0.0	10952.0	2965.0	2) Assoc w R - Interim
ETH	ethA_883_del_2_agca_ag	0.0	1.0	1.0	0.0	10952.0	2965.0	2) Assoc w R - Interim
ETH	ethA_887_del_1_accaagcacaatcgctg_acaagcacaatcgctg	0.0	1.0	1.0	0.0	10952.0	2965.0	2) Assoc w R - Interim
ETH	ethA_897_del_1_gc_g	0.0	1.0	1.0	0.0	10952.0	2965.0	2) Assoc w R - Interim
ETH	ethA_91_del_1_tcttg_tctg	0.0	1.0	1.0	0.0	10952.0	2965.0	2) Assoc w R - Interim
ETH	ethA_940_ins_1_tc_tca	0.0	0.0	1.0	0.0	10952.0	2965.0	2) Assoc w R - Interim
ETH	ethA_945_ins_38_g_gcccaacctggtagcggcggcgttggcgcgcgggctggc	0.0	1.0	1.0	0.0	10952.0	2965.0	2) Assoc w R - Interim
ETH	ethA_E476!	0.0	1.0	1.0	0.0	10952.0	2965.0	2) Assoc w R - Interim
ETH	ethA_L293!	0.0	1.0	1.0	0.0	10952.0	2965.0	2) Assoc w R - Interim
ETH	ethA_Q360!	0.0	1.0	1.0	0.0	10952.0	2965.0	2) Assoc w R - Interim
ETH	ethA_S197!	0.0	1.0	1.0	0.0	10952.0	2965.0	2) Assoc w R - Interim
ETH	ethA_W116!	0.0	1.0	1.0	0.0	10952.0	2965.0	2) Assoc w R - Interim
ETH	ethA_W455!	0.0	1.0	1.0	0.0	10952.0	2965.0	2) Assoc w R - Interim
ETH	ethA_Y143!	0.0	1.0	1.0	0.0	10952.0	2965.0	2) Assoc w R - Interim
ETH	ethA_Y92!	0.0	1.0	1.0	0.0	10952.0	2965.0	2) Assoc w R - Interim
ETH	inhA_a-778g (fabG1_a-16g)	0.0	0.0	1.0	0.0	10952.0	2965.0	2) Assoc w R - Interim
ETH	ethA_1030_del_1_ac_a	0.0	2.0	2.0	0.0	10951.0	2965.0	2) Assoc w R - Interim
ETH	ethA_1113_del_1_gc_g	0.0	1.0	2.0	0.0	10951.0	2965.0	2) Assoc w R - Interim
ETH	ethA_1306_del_2_gggtgaactccatgaagggccgctcttcgacatctgagcccggtcgctcg_gggtgaactccatagggccgctcttcgacatctgagcccggtcgctcgac	0.0	2.0	2.0	0.0	10951.0	2965.0	2) Assoc w R - Interim
ETH	ethA_1334_ins_1_t_tc	0.0	2.0	2.0	0.0	10951.0	2965.0	2) Assoc w R - Interim
ETH	ethA_1397_ins_1_c_ca	0.0	2.0	2.0	0.0	10951.0	2965.0	2) Assoc w R - Interim
ETH	ethA_1429_ins_2_c_cct	0.0	2.0	2.0	0.0	10951.0	2965.0	2) Assoc w R - Interim
ETH	ethA_269_ins_1_gccgcggtgctcttgacgtact_gccgcggtggctcttgacgtact	0.0	0.0	2.0	0.0	10951.0	2965.0	2) Assoc w R - Interim
ETH	ethA_492_ins_1_c_cg	0.0	2.0	2.0	0.0	10951.0	2965.0	2) Assoc w R - Interim
ETH	ethA_619_ins_1_g_gc	0.0	2.0	2.0	0.0	10951.0	2965.0	2) Assoc w R - Interim
ETH	ethA_673_del_6_gcttctcg_gc	0.0	2.0	2.0	0.0	10951.0	2965.0	2) Assoc w R - Interim
ETH	ethA_827_del_1_tac_tc	0.0	2.0	2.0	0.0	10951.0	2965.0	2) Assoc w R - Interim
ETH	ethA_854_ins_2_tgc_tgcgg	0.0	2.0	2.0	0.0	10951.0	2965.0	2) Assoc w R - Interim
ETH	ethA_W69!	0.0	1.0	2.0	0.0	10951.0	2965.0	2) Assoc w R - Interim
ETH	ethA_579_ins_1_c_cg	0.0	3.0	3.0	0.0	10950.0	2965.0	2) Assoc w R - Interim
ETH	ethA_707_del_1_gt_g	0.0	3.0	3.0	0.0	10950.0	2965.0	2) Assoc w R - Interim
ETH	ethA_1308_ins_1_tg_tgg	0.0	3.0	4.0	0.0	10949.0	2965.0	2) Assoc w R - Interim
ETH	ethA_440_del_1_ta_t	0.0	5.0	5.0	0.0	10948.0	2965.0	2) Assoc w R - Interim
ETH	ethA_969_ins_3_g_ggtc	0.0	5.0	5.0	0.0	10948.0	2965.0	2) Assoc w R - Interim
INH	katG_S315T	7140.0	7221.0	101.0	9483.0	22144.0	2717.0	1) Assoc w R
INH	inhA_c-777t (fabG1_c-15t)	755.0	912.0	172.0	2290.0	21965.0	9882.0	1) Assoc w R
INH	inhA_g-154a (fabG1_L203L)	101.0	149.0	50.0	387.0	22087.0	11785.0	1) Assoc w R
INH	katG_S315N	85.0	87.0	2.0	117.0	22135.0	12055.0	1) Assoc w R
INH	katG_W328L	15.0	15.0	0.0	15.0	22137.0	12157.0	1) Assoc w R
INH	inhA_t-770c (fabG1_t-8c)	7.0	20.0	14.0	127.0	22123.0	12045.0	2) Assoc w R - Interim
INH	inhA_t-770a (fabG1_t-8a)	5.0	9.0	5.0	86.0	22132.0	12086.0	2) Assoc w R - Interim
INH	katG_372_del_1_gc_g	4.0	4.0	0.0	5.0	22137.0	12167.0	2) Assoc w R - Interim
INH	katG_W149!	0.0	0.0	0.0	4.0	22137.0	12168.0	2) Assoc w R - Interim
INH	katG_2006_ins_1_t_tc	1.0	1.0	0.0	3.0	22137.0	12169.0	2) Assoc w R - Interim
INH	katG_372_del_1_gcccccggcgc_gccccggcgc	2.0	2.0	0.0	3.0	22137.0	12169.0	2) Assoc w R - Interim
INH	katG_1025_ins_1_t_tc	0.0	0.0	0.0	2.0	22137.0	12170.0	2) Assoc w R - Interim
INH	katG_1145_ins_1_a_ag	1.0	1.0	0.0	2.0	22137.0	12170.0	2) Assoc w R - Interim
INH	katG_1285_del_1_gc_g	2.0	2.0	0.0	2.0	22137.0	12170.0	2) Assoc w R - Interim
INH	katG_1289_del_3_agcg_a	2.0	2.0	0.0	2.0	22137.0	12170.0	2) Assoc w R - Interim
INH	katG_1433_del_1_gc_g	0.0	0.0	0.0	2.0	22137.0	12170.0	2) Assoc w R - Interim
INH	katG_W351!	1.0	1.0	0.0	2.0	22137.0	12170.0	2) Assoc w R - Interim
INH	katG_W412!	2.0	2.0	0.0	2.0	22137.0	12170.0	2) Assoc w R - Interim
INH	katG_W438!	0.0	0.0	0.0	2.0	22137.0	12170.0	2) Assoc w R - Interim
INH	katG_W477!	1.0	1.0	0.0	2.0	22137.0	12170.0	2) Assoc w R - Interim
INH	katG_W505!	1.0	1.0	0.0	2.0	22137.0	12170.0	2) Assoc w R - Interim
INH	katG_W668!	1.0	1.0	0.0	2.0	22137.0	12170.0	2) Assoc w R - Interim
INH	katG_1441_del_3_acgc_a	0.0	1.0	1.0	2.0	22136.0	12170.0	2) Assoc w R - Interim
INH	katG_1003_ins_1_t_tc	0.0	0.0	0.0	1.0	22137.0	12171.0	2) Assoc w R - Interim
INH	katG_1018_del_1_cgt_cg	1.0	1.0	0.0	1.0	22137.0	12171.0	2) Assoc w R - Interim
INH	katG_1061_ins_3_g_gtgt	0.0	0.0	0.0	1.0	22137.0	12171.0	2) Assoc w R - Interim
INH	katG_1157_ins_2_a_acc	0.0	0.0	0.0	1.0	22137.0	12171.0	2) Assoc w R - Interim
INH	katG_1177_ins_1_t_tc	1.0	1.0	0.0	1.0	22137.0	12171.0	2) Assoc w R - Interim
INH	katG_1178_ins_2_a_atc	0.0	0.0	0.0	1.0	22137.0	12171.0	2) Assoc w R - Interim
INH	katG_1197_ins_2_t_ttc	1.0	1.0	0.0	1.0	22137.0	12171.0	2) Assoc w R - Interim
INH	katG_1293_ins_1_g_ga	0.0	0.0	0.0	1.0	22137.0	12171.0	2) Assoc w R - Interim
INH	katG_1329_ins_1_a_at	0.0	0.0	0.0	1.0	22137.0	12171.0	2) Assoc w R - Interim
INH	katG_1334_ins_1_a_ac	0.0	0.0	0.0	1.0	22137.0	12171.0	2) Assoc w R - Interim
INH	katG_1340_del_1_tg_t	0.0	0.0	0.0	1.0	22137.0	12171.0	2) Assoc w R - Interim
INH	katG_1351_del_12_cgacgaggtcgtg_c	1.0	1.0	0.0	1.0	22137.0	12171.0	2) Assoc w R - Interim
INH	katG_136_ins_1_t_ta	0.0	0.0	0.0	1.0	22137.0	12171.0	2) Assoc w R - Interim
INH	katG_1366_del_1_ca_c	0.0	0.0	0.0	1.0	22137.0	12171.0	2) Assoc w R - Interim
INH	katG_1441_ins_27_a_acgccgccgcccatgcggtcgaaactag	0.0	0.0	0.0	1.0	22137.0	12171.0	2) Assoc w R - Interim
INH	katG_1442_del_3_gacgc_ga	0.0	0.0	0.0	1.0	22137.0	12171.0	2) Assoc w R - Interim
INH	katG_1482_del_1_ac_a	1.0	1.0	0.0	1.0	22137.0	12171.0	2) Assoc w R - Interim
INH	katG_1487_ins_1_c_cg	1.0	1.0	0.0	1.0	22137.0	12171.0	2) Assoc w R - Interim
INH	katG_152_ins_3_t_tttg	0.0	0.0	0.0	1.0	22137.0	12171.0	2) Assoc w R - Interim
INH	katG_1538_del_1_tc_t	0.0	0.0	0.0	1.0	22137.0	12171.0	2) Assoc w R - Interim
INH	katG_1553_del_4_atgac_a	0.0	0.0	0.0	1.0	22137.0	12171.0	2) Assoc w R - Interim
INH	katG_1575_ins_1_c_ca	0.0	0.0	0.0	1.0	22137.0	12171.0	2) Assoc w R - Interim
INH	katG_1576_del_14_cctggatctcttcca_c	1.0	1.0	0.0	1.0	22137.0	12171.0	2) Assoc w R - Interim
INH	katG_1652_del_1_gc_g	0.0	0.0	0.0	1.0	22137.0	12171.0	2) Assoc w R - Interim
INH	katG_1671_del_1_ct_c	0.0	0.0	0.0	1.0	22137.0	12171.0	2) Assoc w R - Interim
INH	katG_1677_del_1_agccgcc_accgcc	0.0	0.0	0.0	1.0	22137.0	12171.0	2) Assoc w R - Interim
INH	katG_1689_del_1_ga_g	0.0	0.0	0.0	1.0	22137.0	12171.0	2) Assoc w R - Interim
INH	katG_1700_ins_1_a_at	0.0	0.0	0.0	1.0	22137.0	12171.0	2) Assoc w R - Interim
INH	katG_1707_del_1_cg_c	0.0	0.0	0.0	1.0	22137.0	12171.0	2) Assoc w R - Interim
INH	katG_1753_ins_1_c_ca	1.0	1.0	0.0	1.0	22137.0	12171.0	2) Assoc w R - Interim
INH	katG_1770_del_1_ct_c	0.0	0.0	0.0	1.0	22137.0	12171.0	2) Assoc w R - Interim
INH	katG_1866_del_1_ag_a	0.0	0.0	0.0	1.0	22137.0	12171.0	2) Assoc w R - Interim
INH	katG_19_del_1_gtg_gg	1.0	1.0	0.0	1.0	22137.0	12171.0	2) Assoc w R - Interim
INH	katG_19_del_1_gtg_gt	1.0	1.0	0.0	1.0	22137.0	12171.0	2) Assoc w R - Interim
INH	katG_1901_ins_1_a_ag	1.0	1.0	0.0	1.0	22137.0	12171.0	2) Assoc w R - Interim
INH	katG_1920_ins_1_g_gc	0.0	0.0	0.0	1.0	22137.0	12171.0	2) Assoc w R - Interim
INH	katG_1949_ins_5_g_gaggcc	0.0	0.0	0.0	1.0	22137.0	12171.0	2) Assoc w R - Interim
INH	katG_1955_ins_1_g_gc	0.0	0.0	0.0	1.0	22137.0	12171.0	2) Assoc w R - Interim
INH	katG_2003_ins_1_c_ca	0.0	0.0	0.0	1.0	22137.0	12171.0	2) Assoc w R - Interim
INH	katG_204_del_3_gacct_ga	1.0	1.0	0.0	1.0	22137.0	12171.0	2) Assoc w R - Interim
INH	katG_2084_ins_5_t_tccacg	1.0	1.0	0.0	1.0	22137.0	12171.0	2) Assoc w R - Interim
INH	katG_2087_del_1_ag_a	0.0	0.0	0.0	1.0	22137.0	12171.0	2) Assoc w R - Interim
INH	katG_2152_del_407_gctgcgcgtcatcggcgccatagacctcgacaagcgcccgcaactccgag_g	0.0	0.0	0.0	1.0	22137.0	12171.0	2) Assoc w R - Interim
INH	katG_2186_del_1_tc_t	1.0	1.0	0.0	1.0	22137.0	12171.0	2) Assoc w R - Interim
INH	katG_22_ins_1_t_ta	1.0	1.0	0.0	1.0	22137.0	12171.0	2) Assoc w R - Interim
INH	katG_23_ins_1_a_at	0.0	0.0	0.0	1.0	22137.0	12171.0	2) Assoc w R - Interim
INH	katG_261_del_23_cgaggtggtcatcacttcctcgat_c	1.0	1.0	0.0	1.0	22137.0	12171.0	2) Assoc w R - Interim
INH	katG_293_del_8_tagtggccg_t	0.0	0.0	0.0	1.0	22137.0	12171.0	2) Assoc w R - Interim
INH	katG_33_del_6_ggtttctgtaatgggt_gtaatgggtt	1.0	1.0	0.0	1.0	22137.0	12171.0	2) Assoc w R - Interim
INH	katG_372_del_3_gcccccggcgc_gcccccgg	0.0	0.0	0.0	1.0	22137.0	12171.0	2) Assoc w R - Interim
INH	katG_372_del_3_gcccccggcgc_gccggcgc	1.0	1.0	0.0	1.0	22137.0	12171.0	2) Assoc w R - Interim
INH	katG_392_del_2_ggc_g	1.0	1.0	0.0	1.0	22137.0	12171.0	2) Assoc w R - Interim
INH	katG_448_ins_2_g_gcc	1.0	1.0	0.0	1.0	22137.0	12171.0	2) Assoc w R - Interim
INH	katG_486_ins_1_c_cg	1.0	1.0	0.0	1.0	22137.0	12171.0	2) Assoc w R - Interim
INH	katG_530_del_13_cccatcgattccag_c	0.0	0.0	0.0	1.0	22137.0	12171.0	2) Assoc w R - Interim
INH	katG_537_del_1_ct_c	0.0	0.0	0.0	1.0	22137.0	12171.0	2) Assoc w R - Interim
INH	katG_54_del_1_gt_g	0.0	0.0	0.0	1.0	22137.0	12171.0	2) Assoc w R - Interim
INH	katG_59_del_1_ca_c	0.0	0.0	0.0	1.0	22137.0	12171.0	2) Assoc w R - Interim
INH	katG_59_ins_2_ca_caga	0.0	0.0	0.0	1.0	22137.0	12171.0	2) Assoc w R - Interim
INH	katG_597_del_1_gc_g	1.0	1.0	0.0	1.0	22137.0	12171.0	2) Assoc w R - Interim
INH	katG_603_ins_2_t_ttc	0.0	0.0	0.0	1.0	22137.0	12171.0	2) Assoc w R - Interim
INH	katG_634_ins_1_c_ca	1.0	1.0	0.0	1.0	22137.0	12171.0	2) Assoc w R - Interim
INH	katG_72_ins_2_a_acc	0.0	0.0	0.0	1.0	22137.0	12171.0	2) Assoc w R - Interim
INH	katG_836_ins_5_c_ccggcg	0.0	0.0	0.0	1.0	22137.0	12171.0	2) Assoc w R - Interim
INH	katG_867_del_6_ctcgggt_c	1.0	1.0	0.0	1.0	22137.0	12171.0	2) Assoc w R - Interim
INH	katG_88_del_1_cg_c	0.0	0.0	0.0	1.0	22137.0	12171.0	2) Assoc w R - Interim
INH	katG_89_del_3_acgg_a	0.0	0.0	0.0	1.0	22137.0	12171.0	2) Assoc w R - Interim
INH	katG_925_del_1184_cggttccggtgccatacgagctcttccagcccaagcccatctgctccagc_c	1.0	1.0	0.0	1.0	22137.0	12171.0	2) Assoc w R - Interim
INH	katG_957_del_1_ga_g	0.0	0.0	0.0	1.0	22137.0	12171.0	2) Assoc w R - Interim
INH	katG_975_del_1_cg_c	0.0	0.0	0.0	1.0	22137.0	12171.0	2) Assoc w R - Interim
INH	katG_986_del_1_tc_t	0.0	0.0	0.0	1.0	22137.0	12171.0	2) Assoc w R - Interim
INH	katG_99_ins_10_g_gccgccctcga	0.0	0.0	0.0	1.0	22137.0	12171.0	2) Assoc w R - Interim
INH	katG_E588!	0.0	0.0	0.0	1.0	22137.0	12171.0	2) Assoc w R - Interim
INH	katG_Q127!	1.0	1.0	0.0	1.0	22137.0	12171.0	2) Assoc w R - Interim
INH	katG_Q352!	0.0	0.0	0.0	1.0	22137.0	12171.0	2) Assoc w R - Interim
INH	katG_Q36!	0.0	0.0	0.0	1.0	22137.0	12171.0	2) Assoc w R - Interim
INH	katG_Q471!	1.0	1.0	0.0	1.0	22137.0	12171.0	2) Assoc w R - Interim
INH	katG_Q88!	0.0	0.0	0.0	1.0	22137.0	12171.0	2) Assoc w R - Interim
INH	katG_R418!	0.0	0.0	0.0	1.0	22137.0	12171.0	2) Assoc w R - Interim
INH	katG_S175!	1.0	1.0	0.0	1.0	22137.0	12171.0	2) Assoc w R - Interim
INH	katG_S671!	1.0	1.0	0.0	1.0	22137.0	12171.0	2) Assoc w R - Interim
INH	katG_W161!	0.0	0.0	0.0	1.0	22137.0	12171.0	2) Assoc w R - Interim
INH	katG_W198!	0.0	0.0	0.0	1.0	22137.0	12171.0	2) Assoc w R - Interim
INH	katG_W204!	1.0	1.0	0.0	1.0	22137.0	12171.0	2) Assoc w R - Interim
INH	katG_W321!	0.0	0.0	0.0	1.0	22137.0	12171.0	2) Assoc w R - Interim
INH	katG_W689!	1.0	1.0	0.0	1.0	22137.0	12171.0	2) Assoc w R - Interim
INH	katG_Y155!	1.0	1.0	0.0	1.0	22137.0	12171.0	2) Assoc w R - Interim
INH	katG_Y28!	0.0	0.0	0.0	1.0	22137.0	12171.0	2) Assoc w R - Interim
INH	katG_46_ins_1_c_ct	1.0	2.0	1.0	1.0	22136.0	12171.0	2) Assoc w R - Interim
INH	katG_150_del_3_ttgg_t	0.0	0.0	1.0	0.0	22136.0	12172.0	2) Assoc w R - Interim
INH	katG_1541_ins_3_a_agat	0.0	1.0	1.0	0.0	22136.0	12172.0	2) Assoc w R - Interim
INH	katG_157_del_6_ccgggtt_c	0.0	0.0	1.0	0.0	22136.0	12172.0	2) Assoc w R - Interim
INH	katG_1603_del_1_tc_t	0.0	0.0	1.0	0.0	22136.0	12172.0	2) Assoc w R - Interim
INH	katG_1612_ins_1_c_ct	0.0	0.0	1.0	0.0	22136.0	12172.0	2) Assoc w R - Interim
INH	katG_1677_del_6_agccgcc_t	0.0	1.0	1.0	0.0	22136.0	12172.0	2) Assoc w R - Interim
INH	katG_1933_del_12_cgcccagcggtaa_c	0.0	1.0	1.0	0.0	22136.0	12172.0	2) Assoc w R - Interim
INH	katG_1977_del_10_cacgaagaagt_c	0.0	0.0	1.0	0.0	22136.0	12172.0	2) Assoc w R - Interim
INH	katG_2006_ins_3_t_tccc	0.0	1.0	1.0	0.0	22136.0	12172.0	2) Assoc w R - Interim
INH	katG_607_del_1_tg_t	0.0	1.0	1.0	0.0	22136.0	12172.0	2) Assoc w R - Interim
INH	inhA_a-778g (fabG1_a-16g)	0.0	0.0	1.0	0.0	22136.0	12172.0	2) Assoc w R - Interim
KAN	rrs_a1401g	755.0	782.0	28.0	783.0	14645.0	698.0	1) Assoc w R
KAN	eis_c-12t	75.0	205.0	133.0	90.0	14540.0	1391.0	1) Assoc w R
KAN	eis_g-10a	84.0	124.0	40.0	85.0	14633.0	1396.0	1) Assoc w R
KAN	eis_c-14t	63.0	81.0	20.0	70.0	14653.0	1411.0	1) Assoc w R
KAN	eis_g-37t	41.0	49.0	8.0	46.0	14665.0	1435.0	1) Assoc w R
KAN	rrs_g1484t	8.0	8.0	0.0	8.0	14673.0	1473.0	1) Assoc w R
KAN	eis_-7_del_1_cg_c	7.0	8.0	1.0	7.0	14672.0	1474.0	1) Assoc w R
KAN	rrs_c1402t	3.0	5.0	2.0	4.0	14671.0	1477.0	2) Assoc w R - Interim
LEV	gyrA_D94G	1133.0	1181.0	51.0	1190.0	15118.0	1918.0	1) Assoc w R
LEV	gyrA_A90V	590.0	658.0	72.0	679.0	15097.0	2429.0	1) Assoc w R
LEV	gyrA_D94A	181.0	207.0	29.0	228.0	15140.0	2880.0	1) Assoc w R
LEV	gyrA_D94N	204.0	215.0	11.0	216.0	15158.0	2892.0	1) Assoc w R
LEV	gyrA_S91P	112.0	132.0	20.0	127.0	15149.0	2981.0	1) Assoc w R
LEV	gyrA_D94Y	102.0	112.0	10.0	106.0	15159.0	3002.0	1) Assoc w R
LEV	gyrA_D94H	47.0	49.0	3.0	48.0	15166.0	3060.0	1) Assoc w R
LEV	gyrA_G88C	27.0	27.0	0.0	28.0	15169.0	3080.0	1) Assoc w R
LEV	gyrB_E501D	15.0	37.0	24.0	28.0	15145.0	3080.0	2) Assoc w R - Interim
LEV	gyrB_D461N	14.0	30.0	17.0	24.0	15152.0	3084.0	2) Assoc w R - Interim
LEV	gyrA_G88A	2.0	10.0	8.0	8.0	15161.0	3100.0	2) Assoc w R - Interim
LEV	gyrB_A504V	0.0	10.0	11.0	8.0	15158.0	3100.0	2) Assoc w R - Interim
LEV	gyrB_N499D	4.0	4.0	0.0	6.0	15169.0	3102.0	2) Assoc w R - Interim
LEV	gyrB_E501V	0.0	1.0	1.0	0.0	15168.0	3108.0	2) Assoc w R - Interim
LZD	rplC_C154R	42.0	58.0	17.0	47.0	10878.0	76.0	1) Assoc w R
MXF	gyrA_D94G	767.0	1089.0	327.0	815.0	11155.0	1054.0	1) Assoc w R
MXF	gyrA_A90V	253.0	598.0	353.0	323.0	11129.0	1546.0	1) Assoc w R
MXF	gyrA_D94N	147.0	187.0	41.0	162.0	11441.0	1707.0	1) Assoc w R
MXF	gyrA_D94A	89.0	187.0	105.0	125.0	11377.0	1744.0	1) Assoc w R
MXF	gyrA_S91P	80.0	135.0	56.0	90.0	11426.0	1779.0	1) Assoc w R
MXF	gyrA_D94Y	73.0	107.0	34.0	77.0	11448.0	1792.0	1) Assoc w R
MXF	gyrB_E501D	22.0	30.0	8.0	33.0	11474.0	1836.0	1) Assoc w R
MXF	gyrA_G88C	28.0	30.0	2.0	29.0	11480.0	1840.0	1) Assoc w R
MXF	gyrA_D94H	25.0	40.0	15.0	26.0	11467.0	1843.0	1) Assoc w R
MXF	gyrB_D461N	3.0	23.0	21.0	9.0	11461.0	1860.0	2) Assoc w R - Interim
MXF	gyrB_A504V	0.0	2.0	4.0	8.0	11478.0	1861.0	2) Assoc w R - Interim
MXF	gyrA_G88A	1.0	9.0	9.0	4.0	11473.0	1865.0	2) Assoc w R - Interim
MXF	gyrB_N499D	2.0	3.0	1.0	3.0	11481.0	1866.0	2) Assoc w R - Interim
MXF	gyrB_E501V	0.0	1.0	1.0	0.0	11481.0	1869.0	2) Assoc w R - Interim
PZA	pncA_H57D	153.0	156.0	3.0	157.0	13570.0	2172.0	1) Assoc w R
PZA	pncA_a-11g	85.0	88.0	3.0	85.0	13570.0	2244.0	1) Assoc w R
PZA	pncA_Q10P	58.0	59.0	1.0	58.0	13572.0	2271.0	1) Assoc w R
PZA	pncA_H51D	33.0	33.0	0.0	33.0	13573.0	2296.0	1) Assoc w R
PZA	pncA_T76P	30.0	33.0	3.0	30.0	13570.0	2299.0	1) Assoc w R
PZA	pncA_G97D	11.0	11.0	4.0	28.0	13569.0	2301.0	1) Assoc w R
PZA	pncA_V7G	27.0	28.0	1.0	27.0	13572.0	2302.0	1) Assoc w R
PZA	pncA_C14R	24.0	25.0	1.0	24.0	13572.0	2305.0	1) Assoc w R
PZA	pncA_D49G	24.0	25.0	1.0	24.0	13572.0	2305.0	1) Assoc w R
PZA	pncA_H57R	24.0	25.0	1.0	24.0	13572.0	2305.0	1) Assoc w R
PZA	pncA_Q141P	24.0	25.0	1.0	24.0	13572.0	2305.0	1) Assoc w R
PZA	pncA_L4S	24.0	27.0	3.0	24.0	13570.0	2305.0	1) Assoc w R
PZA	pncA_I133T	20.0	33.0	13.0	20.0	13560.0	2309.0	1) Assoc w R
PZA	pncA_H71Y	19.0	20.0	1.0	19.0	13572.0	2310.0	1) Assoc w R
PZA	pncA_T135P	19.0	20.0	1.0	19.0	13572.0	2310.0	1) Assoc w R
PZA	pncA_H51R	17.0	18.0	1.0	17.0	13572.0	2312.0	1) Assoc w R
PZA	pncA_I31S	17.0	19.0	2.0	17.0	13571.0	2312.0	1) Assoc w R
PZA	pncA_V139A	15.0	18.0	3.0	17.0	13570.0	2312.0	1) Assoc w R
PZA	pncA_D8G	16.0	18.0	2.0	16.0	13571.0	2313.0	1) Assoc w R
PZA	pncA_A146V	15.0	15.0	0.0	15.0	13573.0	2314.0	1) Assoc w R
PZA	pncA_W68C	14.0	14.0	0.0	14.0	13573.0	2315.0	1) Assoc w R
PZA	pncA_H71R	12.0	13.0	1.0	14.0	13572.0	2315.0	1) Assoc w R
PZA	pncA_K96T	13.0	13.0	0.0	13.0	13573.0	2316.0	1) Assoc w R
PZA	pncA_Q10R	11.0	11.0	0.0	13.0	13573.0	2316.0	1) Assoc w R
PZA	pncA_Y103!	13.0	14.0	1.0	13.0	13572.0	2316.0	1) Assoc w R
PZA	pncA_T47A	13.0	17.0	4.0	13.0	13569.0	2316.0	1) Assoc w R
PZA	pncA_533_ins_1_gcggtgcgcatctcctccagcgcggcgacggtgg_gcggtgcgcatctcctcccagcgcggcgacggtgg	12.0	12.0	0.0	12.0	13573.0	2317.0	1) Assoc w R
PZA	pncA_A134V	12.0	13.0	1.0	12.0	13572.0	2317.0	1) Assoc w R
PZA	pncA_P54L	12.0	14.0	2.0	12.0	13571.0	2317.0	1) Assoc w R
PZA	pncA_I6T	11.0	11.0	0.0	11.0	13573.0	2318.0	1) Assoc w R
PZA	pncA_S59P	11.0	11.0	0.0	11.0	13573.0	2318.0	1) Assoc w R
PZA	pncA_S67P	11.0	11.0	0.0	11.0	13573.0	2318.0	1) Assoc w R
PZA	pncA_G97C	11.0	12.0	1.0	11.0	13572.0	2318.0	1) Assoc w R
PZA	pncA_L151S	11.0	15.0	4.0	11.0	13569.0	2318.0	1) Assoc w R
PZA	pncA_a-11c	9.0	9.0	0.0	10.0	13573.0	2319.0	1) Assoc w R
PZA	pncA_V7L	10.0	10.0	0.0	10.0	13573.0	2319.0	1) Assoc w R
PZA	pncA_W68G	10.0	10.0	0.0	10.0	13573.0	2319.0	1) Assoc w R
PZA	pncA_W68R	10.0	10.0	0.0	10.0	13573.0	2319.0	1) Assoc w R
PZA	pncA_G97S	10.0	11.0	1.0	10.0	13572.0	2319.0	1) Assoc w R
PZA	pncA_R154G	10.0	14.0	4.0	10.0	13569.0	2319.0	1) Assoc w R
PZA	pncA_D12A	10.0	15.0	5.0	10.0	13568.0	2319.0	1) Assoc w R
PZA	pncA_F94C	9.0	9.0	0.0	9.0	13573.0	2320.0	1) Assoc w R
PZA	pncA_G132S	9.0	9.0	0.0	9.0	13573.0	2320.0	1) Assoc w R
PZA	pncA_L172P	9.0	9.0	0.0	9.0	13573.0	2320.0	1) Assoc w R
PZA	pncA_L85P	9.0	9.0	0.0	9.0	13573.0	2320.0	1) Assoc w R
PZA	pncA_T160P	9.0	9.0	0.0	9.0	13573.0	2320.0	1) Assoc w R
PZA	pncA_Y34D	9.0	9.0	0.0	9.0	13573.0	2320.0	1) Assoc w R
PZA	pncA_-4_del_1_tc_t	9.0	10.0	1.0	9.0	13572.0	2320.0	1) Assoc w R
PZA	pncA_F58L	9.0	12.0	3.0	9.0	13570.0	2320.0	1) Assoc w R
PZA	pncA_L182S	9.0	13.0	4.0	9.0	13569.0	2320.0	1) Assoc w R
PZA	pncA_390_del_4_cacat_c	8.0	8.0	0.0	8.0	13573.0	2321.0	1) Assoc w R
PZA	pncA_G97R	7.0	7.0	0.0	8.0	13573.0	2321.0	1) Assoc w R
PZA	pncA_H57Y	8.0	8.0	0.0	8.0	13573.0	2321.0	1) Assoc w R
PZA	pncA_L120P	8.0	8.0	0.0	8.0	13573.0	2321.0	1) Assoc w R
PZA	pncA_L27P	8.0	9.0	1.0	8.0	13572.0	2321.0	1) Assoc w R
PZA	pncA_318_del_1_ga_g	8.0	10.0	2.0	8.0	13571.0	2321.0	1) Assoc w R
PZA	pncA_D49A	7.0	7.0	0.0	7.0	13573.0	2322.0	1) Assoc w R
PZA	pncA_L85R	7.0	7.0	0.0	7.0	13573.0	2322.0	1) Assoc w R
PZA	pncA_Q122!	7.0	7.0	0.0	7.0	13573.0	2322.0	1) Assoc w R
PZA	pncA_V180F	7.0	7.0	0.0	7.0	13573.0	2322.0	1) Assoc w R
PZA	pncA_D8N	7.0	8.0	1.0	7.0	13572.0	2322.0	1) Assoc w R
PZA	pncA_P69L	7.0	8.0	1.0	7.0	13572.0	2322.0	1) Assoc w R
PZA	pncA_T142M	7.0	8.0	1.0	7.0	13572.0	2322.0	1) Assoc w R
PZA	pncA_A146T	7.0	9.0	2.0	7.0	13571.0	2322.0	1) Assoc w R
PZA	pncA_I90S	7.0	10.0	3.0	7.0	13570.0	2322.0	1) Assoc w R
PZA	pncA_M175V	6.0	9.0	3.0	7.0	13570.0	2322.0	1) Assoc w R
PZA	pncA_Y103C	7.0	10.0	3.0	7.0	13570.0	2322.0	1) Assoc w R
PZA	pncA_518_ins_1_t_tc	6.0	6.0	0.0	6.0	13573.0	2323.0	1) Assoc w R
PZA	pncA_L159R	6.0	6.0	0.0	6.0	13573.0	2323.0	1) Assoc w R
PZA	pncA_P62L	6.0	6.0	0.0	6.0	13573.0	2323.0	1) Assoc w R
PZA	pncA_V180G	6.0	6.0	0.0	6.0	13573.0	2323.0	1) Assoc w R
PZA	pncA_A102P	5.0	6.0	1.0	6.0	13572.0	2323.0	1) Assoc w R
PZA	pncA_D12G	6.0	7.0	1.0	6.0	13572.0	2323.0	1) Assoc w R
PZA	pncA_G132A	6.0	7.0	1.0	6.0	13572.0	2323.0	1) Assoc w R
PZA	pncA_H51Q	6.0	7.0	1.0	6.0	13572.0	2323.0	1) Assoc w R
PZA	pncA_V155G	6.0	7.0	1.0	6.0	13572.0	2323.0	1) Assoc w R
PZA	pncA_D63A	5.0	7.0	2.0	6.0	13571.0	2323.0	1) Assoc w R
PZA	pncA_F94L	6.0	8.0	2.0	6.0	13571.0	2323.0	1) Assoc w R
PZA	pncA_V125F	6.0	9.0	3.0	6.0	13570.0	2323.0	1) Assoc w R
PZA	pncA_389_del_9_acatcgacct_a	5.0	5.0	0.0	5.0	13573.0	2324.0	1) Assoc w R
PZA	pncA_392_ins_1_a_ac	5.0	5.0	0.0	5.0	13573.0	2324.0	1) Assoc w R
PZA	pncA_392_ins_2_a_acc	5.0	5.0	0.0	5.0	13573.0	2324.0	1) Assoc w R
PZA	pncA_395_del_9_ccgaccacat_c	5.0	5.0	0.0	5.0	13573.0	2324.0	1) Assoc w R
PZA	pncA_A143G	5.0	5.0	0.0	5.0	13573.0	2324.0	1) Assoc w R
PZA	pncA_C138R	5.0	5.0	0.0	5.0	13573.0	2324.0	1) Assoc w R
PZA	pncA_D12E	5.0	5.0	0.0	5.0	13573.0	2324.0	1) Assoc w R
PZA	pncA_G105V	5.0	5.0	0.0	5.0	13573.0	2324.0	1) Assoc w R
PZA	pncA_H71P	5.0	5.0	0.0	5.0	13573.0	2324.0	1) Assoc w R
PZA	pncA_L4W	5.0	5.0	0.0	5.0	13573.0	2324.0	1) Assoc w R
PZA	pncA_M1T	5.0	5.0	0.0	5.0	13573.0	2324.0	1) Assoc w R
PZA	pncA_Q141!	5.0	5.0	0.0	5.0	13573.0	2324.0	1) Assoc w R
PZA	pncA_V128G	5.0	5.0	0.0	5.0	13573.0	2324.0	1) Assoc w R
PZA	pncA_V130G	5.0	5.0	0.0	5.0	13573.0	2324.0	1) Assoc w R
PZA	pncA_V139G	5.0	5.0	0.0	5.0	13573.0	2324.0	1) Assoc w R
PZA	pncA_Y103H	5.0	5.0	0.0	5.0	13573.0	2324.0	1) Assoc w R
PZA	pncA_467_ins_1_agcaccctggtggccaa_agcaccctggtgggccaa	5.0	6.0	1.0	5.0	13572.0	2324.0	1) Assoc w R
PZA	pncA_G24D	5.0	6.0	1.0	5.0	13572.0	2324.0	1) Assoc w R
PZA	pncA_K96E	5.0	6.0	1.0	5.0	13572.0	2324.0	1) Assoc w R
PZA	pncA_S164P	5.0	6.0	1.0	5.0	13572.0	2324.0	1) Assoc w R
PZA	pncA_T142A	5.0	6.0	1.0	5.0	13572.0	2324.0	1) Assoc w R
PZA	pncA_T177P	5.0	6.0	1.0	5.0	13572.0	2324.0	1) Assoc w R
PZA	pncA_465_ins_1_c_ca	4.0	5.0	1.0	4.0	13572.0	2325.0	1) Assoc w R
PZA	pncA_K96R	4.0	5.0	1.0	4.0	13572.0	2325.0	1) Assoc w R
PZA	pncA_V7A	4.0	5.0	1.0	4.0	13572.0	2325.0	1) Assoc w R
PZA	pncA_W119C	4.0	5.0	1.0	4.0	13572.0	2325.0	1) Assoc w R
PZA	pncA_K48T	6.0	13.0	7.0	6.0	13566.0	2323.0	2) Assoc w R - Interim
PZA	pncA_390_del_15_cacatcgacctcatcg_c	0.0	0.0	0.0	5.0	13573.0	2324.0	2) Assoc w R - Interim
PZA	pncA_F13L	3.0	4.0	1.0	5.0	13572.0	2324.0	2) Assoc w R - Interim
PZA	pncA_458_del_1_gt_g	4.0	4.0	0.0	4.0	13573.0	2325.0	2) Assoc w R - Interim
PZA	pncA_a-11t	4.0	4.0	0.0	4.0	13573.0	2325.0	2) Assoc w R - Interim
PZA	pncA_C72R	4.0	4.0	0.0	4.0	13573.0	2325.0	2) Assoc w R - Interim
PZA	pncA_G105D	4.0	4.0	0.0	4.0	13573.0	2325.0	2) Assoc w R - Interim
PZA	pncA_G162D	4.0	4.0	0.0	4.0	13573.0	2325.0	2) Assoc w R - Interim
PZA	pncA_H51P	4.0	4.0	0.0	4.0	13573.0	2325.0	2) Assoc w R - Interim
PZA	pncA_I5S	4.0	4.0	0.0	4.0	13573.0	2325.0	2) Assoc w R - Interim
PZA	pncA_L120Q	4.0	4.0	0.0	4.0	13573.0	2325.0	2) Assoc w R - Interim
PZA	pncA_L120R	4.0	4.0	0.0	4.0	13573.0	2325.0	2) Assoc w R - Interim
PZA	pncA_L182W	4.0	4.0	0.0	4.0	13573.0	2325.0	2) Assoc w R - Interim
PZA	pncA_Q10!	4.0	4.0	0.0	4.0	13573.0	2325.0	2) Assoc w R - Interim
PZA	pncA_t-12c	4.0	4.0	0.0	4.0	13573.0	2325.0	2) Assoc w R - Interim
PZA	pncA_V131F	4.0	4.0	0.0	4.0	13573.0	2325.0	2) Assoc w R - Interim
PZA	pncA_V21G	4.0	4.0	0.0	4.0	13573.0	2325.0	2) Assoc w R - Interim
PZA	pncA_V9G	4.0	4.0	0.0	4.0	13573.0	2325.0	2) Assoc w R - Interim
PZA	pncA_W119!	4.0	4.0	0.0	4.0	13573.0	2325.0	2) Assoc w R - Interim
PZA	pncA_W68!	4.0	4.0	0.0	4.0	13573.0	2325.0	2) Assoc w R - Interim
PZA	pncA_35_ins_1_t_tc	3.0	3.0	0.0	3.0	13573.0	2326.0	2) Assoc w R - Interim
PZA	pncA_398_ins_2_ataccgaccacatcgacctcatcgacgccgcgttgccgca_ataccgaccccacatcgacctcatcgacgccgcgttgccgca	3.0	3.0	0.0	3.0	13573.0	2326.0	2) Assoc w R - Interim
PZA	pncA_457_ins_1_t_tg	3.0	3.0	0.0	3.0	13573.0	2326.0	2) Assoc w R - Interim
PZA	pncA_A3E	3.0	3.0	0.0	3.0	13573.0	2326.0	2) Assoc w R - Interim
PZA	pncA_F13I	3.0	3.0	0.0	3.0	13573.0	2326.0	2) Assoc w R - Interim
PZA	pncA_G97V	3.0	3.0	0.0	3.0	13573.0	2326.0	2) Assoc w R - Interim
PZA	pncA_H82R	3.0	3.0	0.0	3.0	13573.0	2326.0	2) Assoc w R - Interim
PZA	pncA_M175T	3.0	3.0	0.0	3.0	13573.0	2326.0	2) Assoc w R - Interim
PZA	pncA_P62T	3.0	3.0	0.0	3.0	13573.0	2326.0	2) Assoc w R - Interim
PZA	pncA_Q10H	2.0	2.0	0.0	3.0	13573.0	2326.0	2) Assoc w R - Interim
PZA	pncA_S164!	3.0	3.0	0.0	3.0	13573.0	2326.0	2) Assoc w R - Interim
PZA	pncA_T47P	3.0	3.0	0.0	3.0	13573.0	2326.0	2) Assoc w R - Interim
PZA	pncA_W119R	3.0	3.0	0.0	3.0	13573.0	2326.0	2) Assoc w R - Interim
PZA	pncA_A46V	3.0	4.0	1.0	3.0	13572.0	2326.0	2) Assoc w R - Interim
PZA	pncA_G17D	3.0	4.0	1.0	3.0	13572.0	2326.0	2) Assoc w R - Interim
PZA	pncA_L19P	3.0	4.0	1.0	3.0	13572.0	2326.0	2) Assoc w R - Interim
PZA	pncA_S104R	3.0	4.0	1.0	3.0	13572.0	2326.0	2) Assoc w R - Interim
PZA	pncA_V155M	3.0	4.0	1.0	3.0	13572.0	2326.0	2) Assoc w R - Interim
PZA	pncA_L116P	3.0	5.0	2.0	3.0	13571.0	2326.0	2) Assoc w R - Interim
PZA	pncA_S18!	3.0	6.0	3.0	3.0	13570.0	2326.0	2) Assoc w R - Interim
PZA	pncA_162_ins_1_c_cg	2.0	2.0	0.0	2.0	13573.0	2327.0	2) Assoc w R - Interim
PZA	pncA_193_del_10_aatagtccggtg_aa	2.0	2.0	0.0	2.0	13573.0	2327.0	2) Assoc w R - Interim
PZA	pncA_288_ins_33_c_caccccgtccacgatgacattcgagatcgccagg	2.0	2.0	0.0	2.0	13573.0	2327.0	2) Assoc w R - Interim
PZA	pncA_294_del_1_ggcaccct_ggcccct	2.0	2.0	0.0	2.0	13573.0	2327.0	2) Assoc w R - Interim
PZA	pncA_-3_del_1_gtc_gt	2.0	2.0	0.0	2.0	13573.0	2327.0	2) Assoc w R - Interim
PZA	pncA_319_del_1_cga_cg	2.0	2.0	0.0	2.0	13573.0	2327.0	2) Assoc w R - Interim
PZA	pncA_356_ins_1_c_ca	2.0	2.0	0.0	2.0	13573.0	2327.0	2) Assoc w R - Interim
PZA	pncA_390_del_1_ca_c	2.0	2.0	0.0	2.0	13573.0	2327.0	2) Assoc w R - Interim
PZA	pncA_398_del_9_ataccgaccacatcgacctcatcgacgccgcgttgccgca_ataccgacctcatcgacgccgcgttgccgca	2.0	2.0	0.0	2.0	13573.0	2327.0	2) Assoc w R - Interim
PZA	pncA_408_ins_1_a_at	2.0	2.0	0.0	2.0	13573.0	2327.0	2) Assoc w R - Interim
PZA	pncA_418_ins_1_g_gc	2.0	2.0	0.0	2.0	13573.0	2327.0	2) Assoc w R - Interim
PZA	pncA_450_ins_1_g_gc	2.0	2.0	0.0	2.0	13573.0	2327.0	2) Assoc w R - Interim
PZA	pncA_60_ins_1_c_cg	2.0	2.0	0.0	2.0	13573.0	2327.0	2) Assoc w R - Interim
PZA	pncA_65_del_1_gt_g	2.0	2.0	0.0	2.0	13573.0	2327.0	2) Assoc w R - Interim
PZA	pncA_8_del_1_gc_g	2.0	2.0	0.0	2.0	13573.0	2327.0	2) Assoc w R - Interim
PZA	pncA_A171E	2.0	2.0	0.0	2.0	13573.0	2327.0	2) Assoc w R - Interim
PZA	pncA_A46E	2.0	2.0	0.0	2.0	13573.0	2327.0	2) Assoc w R - Interim
PZA	pncA_C72Y	2.0	2.0	0.0	2.0	13573.0	2327.0	2) Assoc w R - Interim
PZA	pncA_D49E	2.0	2.0	0.0	2.0	13573.0	2327.0	2) Assoc w R - Interim
PZA	pncA_D49N	2.0	2.0	0.0	2.0	13573.0	2327.0	2) Assoc w R - Interim
PZA	pncA_D8A	2.0	2.0	0.0	2.0	13573.0	2327.0	2) Assoc w R - Interim
PZA	pncA_E91!	2.0	2.0	0.0	2.0	13573.0	2327.0	2) Assoc w R - Interim
PZA	pncA_F106S	2.0	2.0	0.0	2.0	13573.0	2327.0	2) Assoc w R - Interim
PZA	pncA_F94S	2.0	2.0	0.0	2.0	13573.0	2327.0	2) Assoc w R - Interim
PZA	pncA_G132D	2.0	2.0	0.0	2.0	13573.0	2327.0	2) Assoc w R - Interim
PZA	pncA_H51Y	2.0	2.0	0.0	2.0	13573.0	2327.0	2) Assoc w R - Interim
PZA	pncA_I90T	2.0	2.0	0.0	2.0	13573.0	2327.0	2) Assoc w R - Interim
PZA	pncA_L172R	2.0	2.0	0.0	2.0	13573.0	2327.0	2) Assoc w R - Interim
PZA	pncA_P54Q	2.0	2.0	0.0	2.0	13573.0	2327.0	2) Assoc w R - Interim
PZA	pncA_S104I	2.0	2.0	0.0	2.0	13573.0	2327.0	2) Assoc w R - Interim
PZA	pncA_T142K	2.0	2.0	0.0	2.0	13573.0	2327.0	2) Assoc w R - Interim
PZA	pncA_T168P	2.0	2.0	0.0	2.0	13573.0	2327.0	2) Assoc w R - Interim
PZA	pncA_T76I	2.0	2.0	0.0	2.0	13573.0	2327.0	2) Assoc w R - Interim
PZA	pncA_t-7c	2.0	2.0	0.0	2.0	13573.0	2327.0	2) Assoc w R - Interim
PZA	pncA_V131G	2.0	2.0	0.0	2.0	13573.0	2327.0	2) Assoc w R - Interim
PZA	pncA_V180A	2.0	2.0	0.0	2.0	13573.0	2327.0	2) Assoc w R - Interim
PZA	pncA_V44G	2.0	2.0	0.0	2.0	13573.0	2327.0	2) Assoc w R - Interim
PZA	pncA_W119G	2.0	2.0	0.0	2.0	13573.0	2327.0	2) Assoc w R - Interim
PZA	pncA_Y103D	2.0	2.0	0.0	2.0	13573.0	2327.0	2) Assoc w R - Interim
PZA	pncA_Y103S	2.0	2.0	0.0	2.0	13573.0	2327.0	2) Assoc w R - Interim
PZA	pncA_Y34!	2.0	2.0	0.0	2.0	13573.0	2327.0	2) Assoc w R - Interim
PZA	pncA_Y99!	2.0	2.0	0.0	2.0	13573.0	2327.0	2) Assoc w R - Interim
PZA	pncA_398_del_15_ataccgaccacatcgacctcatcgacgccgcgttgccgca_ataccgaccacgccgcgttgccgca	1.0	2.0	1.0	2.0	13572.0	2327.0	2) Assoc w R - Interim
PZA	pncA_D8E	2.0	3.0	1.0	2.0	13572.0	2327.0	2) Assoc w R - Interim
PZA	pncA_G108R	2.0	3.0	1.0	2.0	13572.0	2327.0	2) Assoc w R - Interim
PZA	pncA_K48E	2.0	3.0	1.0	2.0	13572.0	2327.0	2) Assoc w R - Interim
PZA	pncA_K96Q	2.0	3.0	1.0	2.0	13572.0	2327.0	2) Assoc w R - Interim
PZA	pncA_P62S	2.0	3.0	1.0	2.0	13572.0	2327.0	2) Assoc w R - Interim
PZA	pncA_D63G	2.0	4.0	2.0	2.0	13571.0	2327.0	2) Assoc w R - Interim
PZA	pncA_F81V	2.0	4.0	2.0	2.0	13571.0	2327.0	2) Assoc w R - Interim
PZA	pncA_Y64D	2.0	4.0	2.0	2.0	13571.0	2327.0	2) Assoc w R - Interim
PZA	pncA_108_ins_8_g_ggccaggta	1.0	1.0	0.0	1.0	13573.0	2328.0	2) Assoc w R - Interim
PZA	pncA_116_ins_1_g_gc	1.0	1.0	0.0	1.0	13573.0	2328.0	2) Assoc w R - Interim
PZA	pncA_117_ins_1_c_cg	1.0	1.0	0.0	1.0	13573.0	2328.0	2) Assoc w R - Interim
PZA	pncA_128_del_2_tga_t	1.0	1.0	0.0	1.0	13573.0	2328.0	2) Assoc w R - Interim
PZA	pncA_133_del_17_cgacgtgatggtagtccg_c	1.0	1.0	0.0	1.0	13573.0	2328.0	2) Assoc w R - Interim
PZA	pncA_135_del_1_ca_c	1.0	1.0	0.0	1.0	13573.0	2328.0	2) Assoc w R - Interim
PZA	pncA_153_ins_1_g_gt	1.0	1.0	0.0	1.0	13573.0	2328.0	2) Assoc w R - Interim
PZA	pncA_166_del_1_cac_ca	1.0	1.0	0.0	1.0	13573.0	2328.0	2) Assoc w R - Interim
PZA	pncA_166_del_3_caccc_ca	1.0	1.0	0.0	1.0	13573.0	2328.0	2) Assoc w R - Interim
PZA	pncA_169_del_1_ggt_gg	1.0	1.0	0.0	1.0	13573.0	2328.0	2) Assoc w R - Interim
PZA	pncA_17_del_9_atgatcaacgc_at	1.0	1.0	0.0	1.0	13573.0	2328.0	2) Assoc w R - Interim
PZA	pncA_170_del_1_tg_t	1.0	1.0	0.0	1.0	13573.0	2328.0	2) Assoc w R - Interim
PZA	pncA_170_del_4_tggtc_t	1.0	1.0	0.0	1.0	13573.0	2328.0	2) Assoc w R - Interim
PZA	pncA_170_del_9_tggtcacccg_t	1.0	1.0	0.0	1.0	13573.0	2328.0	2) Assoc w R - Interim
PZA	pncA_18_ins_1_g_ga	1.0	1.0	0.0	1.0	13573.0	2328.0	2) Assoc w R - Interim
PZA	pncA_185_ins_9_g_gaatagtccg	1.0	1.0	0.0	1.0	13573.0	2328.0	2) Assoc w R - Interim
PZA	pncA_186_ins_1_c_ct	1.0	1.0	0.0	1.0	13573.0	2328.0	2) Assoc w R - Interim
PZA	pncA_190_del_845_agtccggtgtgccggagaagtggtcacccgggtcgatgtggaagtccttg_a	1.0	1.0	0.0	1.0	13573.0	2328.0	2) Assoc w R - Interim
PZA	pncA_192_del_11_atagtccggtgt_a	1.0	1.0	0.0	1.0	13573.0	2328.0	2) Assoc w R - Interim
PZA	pncA_193_del_11_aatagtccggtgt_aa	1.0	1.0	0.0	1.0	13573.0	2328.0	2) Assoc w R - Interim
PZA	pncA_193_ins_1_a_at	1.0	1.0	0.0	1.0	13573.0	2328.0	2) Assoc w R - Interim
PZA	pncA_198_del_3_cgag_c	1.0	1.0	0.0	1.0	13573.0	2328.0	2) Assoc w R - Interim
PZA	pncA_201_del_6_cgacgaggaatagtccggtgtgccg_cgacgaggaatagtccggt	1.0	1.0	0.0	1.0	13573.0	2328.0	2) Assoc w R - Interim
PZA	pncA_21_del_1_ga_g	1.0	1.0	0.0	1.0	13573.0	2328.0	2) Assoc w R - Interim
PZA	pncA_218_ins_35_acgc_acgccactcgggggcggcgcccccgagggtgggggtagc	1.0	1.0	0.0	1.0	13573.0	2328.0	2) Assoc w R - Interim
PZA	pncA_220_ins_1_t_tg	1.0	1.0	0.0	1.0	13573.0	2328.0	2) Assoc w R - Interim
PZA	pncA_23_ins_1_t_tc	1.0	1.0	0.0	1.0	13573.0	2328.0	2) Assoc w R - Interim
PZA	pncA_234_del_1_gc_g	1.0	1.0	0.0	1.0	13573.0	2328.0	2) Assoc w R - Interim
PZA	pncA_234_ins_1_g_gc	1.0	1.0	0.0	1.0	13573.0	2328.0	2) Assoc w R - Interim
PZA	pncA_247_ins_5_g_gatgga	1.0	1.0	0.0	1.0	13573.0	2328.0	2) Assoc w R - Interim
PZA	pncA_250_del_1_tg_t	1.0	1.0	0.0	1.0	13573.0	2328.0	2) Assoc w R - Interim
PZA	pncA_250_ins_1_t_tg	1.0	1.0	0.0	1.0	13573.0	2328.0	2) Assoc w R - Interim
PZA	pncA_252_del_1_ac_a	1.0	1.0	0.0	1.0	13573.0	2328.0	2) Assoc w R - Interim
PZA	pncA_253_del_2_gactgggatggaa_gagggatggaa	1.0	1.0	0.0	1.0	13573.0	2328.0	2) Assoc w R - Interim
PZA	pncA_260_ins_14_g_gtgtccagactggga	1.0	1.0	0.0	1.0	13573.0	2328.0	2) Assoc w R - Interim
PZA	pncA_261_del_1_cgt_cg	1.0	1.0	0.0	1.0	13573.0	2328.0	2) Assoc w R - Interim
PZA	pncA_278_ins_12_a_accgcctcgattg	1.0	1.0	0.0	1.0	13573.0	2328.0	2) Assoc w R - Interim
PZA	pncA_287_ins_1_t_ta	1.0	1.0	0.0	1.0	13573.0	2328.0	2) Assoc w R - Interim
PZA	pncA_288_del_1_ct_c	1.0	1.0	0.0	1.0	13573.0	2328.0	2) Assoc w R - Interim
PZA	pncA_291_del_1_ac_a	1.0	1.0	0.0	1.0	13573.0	2328.0	2) Assoc w R - Interim
PZA	pncA_294_ins_1_ggcaccct_ggcacccta	1.0	1.0	0.0	1.0	13573.0	2328.0	2) Assoc w R - Interim
PZA	pncA_306_del_1_cg_c	1.0	1.0	0.0	1.0	13573.0	2328.0	2) Assoc w R - Interim
PZA	pncA_310_del_4_tgtac_t	1.0	1.0	0.0	1.0	13573.0	2328.0	2) Assoc w R - Interim
PZA	pncA_315_ins_1_g_gc	1.0	1.0	0.0	1.0	13573.0	2328.0	2) Assoc w R - Interim
PZA	pncA_324_del_12_tccttcgaagccg_t	1.0	1.0	0.0	1.0	13573.0	2328.0	2) Assoc w R - Interim
PZA	pncA_327_del_12_gactccttcgaagccg_gact	1.0	1.0	0.0	1.0	13573.0	2328.0	2) Assoc w R - Interim
PZA	pncA_336_del_1_gt_g	1.0	1.0	0.0	1.0	13573.0	2328.0	2) Assoc w R - Interim
PZA	pncA_344_del_1_ggc_gg	1.0	1.0	0.0	1.0	13573.0	2328.0	2) Assoc w R - Interim
PZA	pncA_350_del_1232_agcagtggcgtgccgttctcgtcgactccttcgaagccgctgtacgctcc_a	1.0	1.0	0.0	1.0	13573.0	2328.0	2) Assoc w R - Interim
PZA	pncA_350_ins_1_a_ag	1.0	1.0	0.0	1.0	13573.0	2328.0	2) Assoc w R - Interim
PZA	pncA_37_ins_27_a_acgacttctgcgagggtggctcgctggc	1.0	1.0	0.0	1.0	13573.0	2328.0	2) Assoc w R - Interim
PZA	pncA_38_ins_4_a_aagtc	1.0	1.0	0.0	1.0	13573.0	2328.0	2) Assoc w R - Interim
PZA	pncA_382_ins_2_c_cct	1.0	1.0	0.0	1.0	13573.0	2328.0	2) Assoc w R - Interim
PZA	pncA_390_del_16_cacatcgacctcatcga_c	1.0	1.0	0.0	1.0	13573.0	2328.0	2) Assoc w R - Interim
PZA	pncA_390_ins_1_c_ct	1.0	1.0	0.0	1.0	13573.0	2328.0	2) Assoc w R - Interim
PZA	pncA_390_ins_2_c_ccc	1.0	1.0	0.0	1.0	13573.0	2328.0	2) Assoc w R - Interim
PZA	pncA_391_del_1_cca_cc	1.0	1.0	0.0	1.0	13573.0	2328.0	2) Assoc w R - Interim
PZA	pncA_391_del_14_ccacatcgacctcat_c	1.0	1.0	0.0	1.0	13573.0	2328.0	2) Assoc w R - Interim
PZA	pncA_391_del_4_ccacat_cc	1.0	1.0	0.0	1.0	13573.0	2328.0	2) Assoc w R - Interim
PZA	pncA_391_del_7_ccacatcgacc_cccc	1.0	1.0	0.0	1.0	13573.0	2328.0	2) Assoc w R - Interim
PZA	pncA_394_ins_1_c_ca	1.0	1.0	0.0	1.0	13573.0	2328.0	2) Assoc w R - Interim
PZA	pncA_394_ins_1_c_cg	1.0	1.0	0.0	1.0	13573.0	2328.0	2) Assoc w R - Interim
PZA	pncA_398_del_1_ataccgaccacatcgacctcatcgacgccgcgttgccgca_ataccgacccatcgacctcatcgacgccgcgttgccgca	1.0	1.0	0.0	1.0	13573.0	2328.0	2) Assoc w R - Interim
PZA	pncA_400_del_1_ca_c	1.0	1.0	0.0	1.0	13573.0	2328.0	2) Assoc w R - Interim
PZA	pncA_400_del_119_caataccgaccacatcgacctcatcgacgccgcgttgccgcagccaattc_c	1.0	1.0	0.0	1.0	13573.0	2328.0	2) Assoc w R - Interim
PZA	pncA_406_del_1_cg_c	1.0	1.0	0.0	1.0	13573.0	2328.0	2) Assoc w R - Interim
PZA	pncA_407_del_1_tcg_tg	1.0	1.0	0.0	1.0	13573.0	2328.0	2) Assoc w R - Interim
PZA	pncA_407_del_12_tcggtggcaatac_t	1.0	1.0	0.0	1.0	13573.0	2328.0	2) Assoc w R - Interim
PZA	pncA_409_ins_1_g_ga	1.0	1.0	0.0	1.0	13573.0	2328.0	2) Assoc w R - Interim
PZA	pncA_418_ins_1_gcacacaatgat_gcacacaatgatt	1.0	1.0	0.0	1.0	13573.0	2328.0	2) Assoc w R - Interim
PZA	pncA_429_ins_10_g_ggccgtctggc	1.0	1.0	0.0	1.0	13573.0	2328.0	2) Assoc w R - Interim
PZA	pncA_43_ins_1_c_cg	1.0	1.0	0.0	1.0	13573.0	2328.0	2) Assoc w R - Interim
PZA	pncA_448_ins_1_c_ca	0.0	0.0	0.0	1.0	13573.0	2328.0	2) Assoc w R - Interim
PZA	pncA_45_del_10_ctcgcagaagt_c	1.0	1.0	0.0	1.0	13573.0	2328.0	2) Assoc w R - Interim
PZA	pncA_454_del_8_ccaagccattgcgtaccgcgtcctcggccgtctggcg_ctgcgtaccgcgtcctcggccgtctggct	1.0	1.0	0.0	1.0	13573.0	2328.0	2) Assoc w R - Interim
PZA	pncA_457_ins_2_t_tgg	1.0	1.0	0.0	1.0	13573.0	2328.0	2) Assoc w R - Interim
PZA	pncA_458_del_1_gtg_gt	1.0	1.0	0.0	1.0	13573.0	2328.0	2) Assoc w R - Interim
PZA	pncA_459_del_1_ggt_gg	1.0	1.0	0.0	1.0	13573.0	2328.0	2) Assoc w R - Interim
PZA	pncA_461_ins_1_c_ct	1.0	1.0	0.0	1.0	13573.0	2328.0	2) Assoc w R - Interim
PZA	pncA_464_del_1_ac_a	1.0	1.0	0.0	1.0	13573.0	2328.0	2) Assoc w R - Interim
PZA	pncA_464_del_321_accctggtggccaagccattgcgtaccgcgtcctcggccgtctggcgcac_a	1.0	1.0	0.0	1.0	13573.0	2328.0	2) Assoc w R - Interim
PZA	pncA_464_ins_1_a_ac	1.0	1.0	0.0	1.0	13573.0	2328.0	2) Assoc w R - Interim
PZA	pncA_464_ins_2_a_acc	1.0	1.0	0.0	1.0	13573.0	2328.0	2) Assoc w R - Interim
PZA	pncA_465_del_1_ca_c	1.0	1.0	0.0	1.0	13573.0	2328.0	2) Assoc w R - Interim
PZA	pncA_465_del_13_caccctggtggcca_c	1.0	1.0	0.0	1.0	13573.0	2328.0	2) Assoc w R - Interim
PZA	pncA_466_ins_3_g_gcac	1.0	1.0	0.0	1.0	13573.0	2328.0	2) Assoc w R - Interim
PZA	pncA_467_del_8_agcaccctggtggccaa_agtggccaa	1.0	1.0	0.0	1.0	13573.0	2328.0	2) Assoc w R - Interim
PZA	pncA_471_ins_1_c_ca	1.0	1.0	0.0	1.0	13573.0	2328.0	2) Assoc w R - Interim
PZA	pncA_471_ins_1_c_ct	1.0	1.0	0.0	1.0	13573.0	2328.0	2) Assoc w R - Interim
PZA	pncA_473_ins_1_t_tc	1.0	1.0	0.0	1.0	13573.0	2328.0	2) Assoc w R - Interim
PZA	pncA_476_ins_1_a_ag	1.0	1.0	0.0	1.0	13573.0	2328.0	2) Assoc w R - Interim
PZA	pncA_481_del_1_ct_c	1.0	1.0	0.0	1.0	13573.0	2328.0	2) Assoc w R - Interim
PZA	pncA_484_del_2_ccg_c	1.0	1.0	0.0	1.0	13573.0	2328.0	2) Assoc w R - Interim
PZA	pncA_487_ins_1_c_ca	1.0	1.0	0.0	1.0	13573.0	2328.0	2) Assoc w R - Interim
PZA	pncA_491_del_1_ga_g	1.0	1.0	0.0	1.0	13573.0	2328.0	2) Assoc w R - Interim
PZA	pncA_493_del_1237_ccgacacacccgctgtcaggtccaccagcaccctggtggccaagccattg_c	1.0	1.0	0.0	1.0	13573.0	2328.0	2) Assoc w R - Interim
PZA	pncA_495_del_3_ggcc_g	1.0	1.0	0.0	1.0	13573.0	2328.0	2) Assoc w R - Interim
PZA	pncA_516_del_1_ca_c	1.0	1.0	0.0	1.0	13573.0	2328.0	2) Assoc w R - Interim
PZA	pncA_524_ins_1_a_at	0.0	0.0	0.0	1.0	13573.0	2328.0	2) Assoc w R - Interim
PZA	pncA_529_ins_2_t_tgc	1.0	1.0	0.0	1.0	13573.0	2328.0	2) Assoc w R - Interim
PZA	pncA_533_del_1_gc_g	1.0	1.0	0.0	1.0	13573.0	2328.0	2) Assoc w R - Interim
PZA	pncA_533_ins_2_gcggtgcgcatctcctccagcgcggcgacggtgg_gcggtgcgcatctcctccagcgcgcggcgacggtgg	1.0	1.0	0.0	1.0	13573.0	2328.0	2) Assoc w R - Interim
PZA	pncA_533_ins_2_gcggtgcgcatctcctccagcgcggcgacggtgg_gcggtgcgcgcatctcctccagcgcggcgacggtgg	1.0	1.0	0.0	1.0	13573.0	2328.0	2) Assoc w R - Interim
PZA	pncA_539_del_6_acgctgg_a	1.0	1.0	0.0	1.0	13573.0	2328.0	2) Assoc w R - Interim
PZA	pncA_560_del_163_caggagctgcaaaccaactcgacgctggcggtgcgcatctcctccagcgc_c	1.0	1.0	0.0	1.0	13573.0	2328.0	2) Assoc w R - Interim
PZA	pncA_59_del_11_gccagcgagccac_gc	1.0	1.0	0.0	1.0	13573.0	2328.0	2) Assoc w R - Interim
PZA	pncA_59_ins_1_g_gc	1.0	1.0	0.0	1.0	13573.0	2328.0	2) Assoc w R - Interim
PZA	pncA_72_del_1_gc_g	1.0	1.0	0.0	1.0	13573.0	2328.0	2) Assoc w R - Interim
PZA	pncA_75_del_27_ggcgccaccggttaccgccagcgagcca_g	1.0	1.0	0.0	1.0	13573.0	2328.0	2) Assoc w R - Interim
PZA	pncA_76_ins_1_c_cg	1.0	1.0	0.0	1.0	13573.0	2328.0	2) Assoc w R - Interim
PZA	pncA_86_del_1_cg_c	0.0	0.0	0.0	1.0	13573.0	2328.0	2) Assoc w R - Interim
PZA	pncA_93_del_2_gat_g	1.0	1.0	0.0	1.0	13573.0	2328.0	2) Assoc w R - Interim
PZA	pncA_C14!	1.0	1.0	0.0	1.0	13573.0	2328.0	2) Assoc w R - Interim
PZA	pncA_E15!	1.0	1.0	0.0	1.0	13573.0	2328.0	2) Assoc w R - Interim
PZA	pncA_E181!	1.0	1.0	0.0	1.0	13573.0	2328.0	2) Assoc w R - Interim
PZA	pncA_Y64!	1.0	1.0	0.0	1.0	13573.0	2328.0	2) Assoc w R - Interim
PZA	pncA_D12N	1.0	1.0	0.0	1.0	13573.0	2328.0	2) Assoc w R - Interim
PZA	pncA_V125G	1.0	1.0	0.0	1.0	13573.0	2328.0	2) Assoc w R - Interim
PZA	pncA_156_del_11_gatgtggaagtc_g	0.0	1.0	1.0	0.0	13572.0	2329.0	2) Assoc w R - Interim
PZA	pncA_186_ins_2_c_ccc	0.0	1.0	1.0	0.0	13572.0	2329.0	2) Assoc w R - Interim
PZA	pncA_196_ins_1_agga_aagat	0.0	1.0	1.0	0.0	13572.0	2329.0	2) Assoc w R - Interim
PZA	pncA_20_del_3_acgatgatc_atgatg	0.0	1.0	1.0	0.0	13572.0	2329.0	2) Assoc w R - Interim
PZA	pncA_201_del_12_cgacgaggaatagt_ct	0.0	1.0	1.0	0.0	13572.0	2329.0	2) Assoc w R - Interim
PZA	pncA_232_del_1_cg_c	0.0	1.0	1.0	0.0	13572.0	2329.0	2) Assoc w R - Interim
PZA	pncA_232_del_12_cgggagtaccgct_c	0.0	1.0	1.0	0.0	13572.0	2329.0	2) Assoc w R - Interim
PZA	pncA_315_del_12_gccgctgtacgct_g	0.0	1.0	1.0	0.0	13572.0	2329.0	2) Assoc w R - Interim
PZA	pncA_423_del_1_ct_c	0.0	1.0	1.0	0.0	13572.0	2329.0	2) Assoc w R - Interim
PZA	pncA_449_ins_2_c_cca	0.0	1.0	1.0	0.0	13572.0	2329.0	2) Assoc w R - Interim
PZA	pncA_477_del_1_ca_c	0.0	0.0	1.0	0.0	13572.0	2329.0	2) Assoc w R - Interim
PZA	pncA_48_ins_1_a_ac	0.0	1.0	1.0	0.0	13572.0	2329.0	2) Assoc w R - Interim
PZA	pncA_51_ins_1_g_gc	0.0	1.0	1.0	0.0	13572.0	2329.0	2) Assoc w R - Interim
PZA	pncA_514_del_36_gcgcggcgacggtggtatcggccgacacacccgctgt_g	0.0	1.0	1.0	0.0	13572.0	2329.0	2) Assoc w R - Interim
PZA	pncA_63_del_1_ta_t	0.0	1.0	1.0	0.0	13572.0	2329.0	2) Assoc w R - Interim
PZA	pncA_67_ins_1_c_cg	0.0	1.0	1.0	0.0	13572.0	2329.0	2) Assoc w R - Interim
PZA	pncA_81_ins_1_c_ca	0.0	1.0	1.0	0.0	13572.0	2329.0	2) Assoc w R - Interim
PZA	pncA_Y41!	0.0	1.0	1.0	0.0	13572.0	2329.0	2) Assoc w R - Interim
PZA	pncA_V139L	0.0	1.0	1.0	0.0	13572.0	2329.0	2) Assoc w R - Interim
PZA	pncA_I31T							2) Assoc w R - Interim
PZA	pncA_442_ins_12_cgc_cgcgacgcggtacgc							2) Assoc w R - Interim
PZA	pncA_H71D							2) Assoc w R - Interim
PZA	pncA_L116R							2) Assoc w R - Interim
PZA	pncA_T135N							2) Assoc w R - Interim
RIF	rpoB_S450L	5332.0	5399.0	74.0	6536.0	24473.0	3333.0	1) Assoc w R
RIF	rpoB_D435V	706.0	714.0	9.0	732.0	24424.0	9117.0	1) Assoc w R
RIF	rpoB_H445Y	305.0	307.0	4.0	347.0	24429.0	9502.0	1) Assoc w R
RIF	rpoB_H445D	275.0	278.0	3.0	288.0	24430.0	9561.0	1) Assoc w R
RIF	rpoB_D435Y	63.0	100.0	44.0	162.0	24389.0	9687.0	1) Assoc w R
RIF	rpoB_S450W	127.0	132.0	5.0	151.0	24428.0	9698.0	1) Assoc w R
RIF	rpoB_L452P	78.0	128.0	53.0	121.0	24380.0	9728.0	1) Assoc w R
RIF	rpoB_H445L	105.0	113.0	8.0	115.0	24425.0	9734.0	1) Assoc w R
RIF	rpoB_S450F	103.0	103.0	0.0	112.0	24433.0	9737.0	1) Assoc w R
RIF	rpoB_L430P	31.0	127.0	103.0	106.0	24330.0	9743.0	1) Assoc w R
RIF	rpoB_H445R	64.0	66.0	2.0	79.0	24431.0	9770.0	1) Assoc w R
RIF	rpoB_V170F	35.0	35.0	0.0	71.0	24433.0	9778.0	1) Assoc w R
RIF	rpoB_I491F	45.0	98.0	57.0	54.0	24376.0	9795.0	1) Assoc w R
RIF	rpoB_H445N	12.0	50.0	39.0	46.0	24394.0	9803.0	1) Assoc w R
RIF	rpoB_D435F	35.0	38.0	3.0	39.0	24430.0	9810.0	1) Assoc w R
RIF	rpoB_H445C	32.0	35.0	3.0	36.0	24430.0	9813.0	1) Assoc w R
RIF	rpoB_Q432K	18.0	19.0	1.0	34.0	24432.0	9815.0	1) Assoc w R
RIF	rpoB_Q432P	20.0	20.0	1.0	29.0	24432.0	9820.0	1) Assoc w R
RIF	rpoB_S441L	16.0	16.0	0.0	26.0	24433.0	9823.0	1) Assoc w R
RIF	rpoB_Q432L	16.0	17.0	1.0	21.0	24432.0	9828.0	1) Assoc w R
RIF	rpoB_H445S	8.0	10.0	2.0	12.0	20260.0	6718.0	1) Assoc w R
RIF	rpoB_S441Q	11.0	11.0	0.0	11.0	24433.0	9838.0	1) Assoc w R
RIF	rpoB_1296_ins_3_a_attc	9.0	9.0	0.0	9.0	24433.0	9840.0	1) Assoc w R
RIF	rpoB_1328_ins_3_t_tgac	9.0	9.0	0.0	9.0	24433.0	9840.0	1) Assoc w R
RIF	rpoB_D435G	5.0	11.0	9.0	76.0	24424.0	9773.0	2) Assoc w R - Interim
RIF	rpoB_L430R	0.0	0.0	1.0	21.0	24432.0	9828.0	2) Assoc w R - Interim
RIF	rpoB_H445Q	0.0	1.0	1.0	16.0	24432.0	9833.0	2) Assoc w R - Interim
RIF	rpoB_M434I	1.0	2.0	3.0	16.0	24430.0	9833.0	2) Assoc w R - Interim
RIF	rpoB_N437D	0.0	0.0	2.0	13.0	24431.0	9836.0	2) Assoc w R - Interim
RIF	rpoB_1288_ins_3_ctgagccaattcatggaccagaacaaccc_ctgagccaattcttcatggaccagaacaaccc	8.0	8.0	0.0	10.0	24433.0	9839.0	2) Assoc w R - Interim
RIF	rpoB_L449M	0.0	0.0	0.0	9.0	24433.0	9840.0	2) Assoc w R - Interim
RIF	rpoB_Q429L	0.0	0.0	0.0	9.0	24433.0	9840.0	2) Assoc w R - Interim
RIF	rpoB_S450Q	6.0	6.0	0.0	8.0	24433.0	9841.0	2) Assoc w R - Interim
RIF	rpoB_K446Q	0.0	0.0	0.0	7.0	24433.0	9842.0	2) Assoc w R - Interim
RIF	rpoB_H445G	4.0	7.0	3.0	7.0	24430.0	9842.0	2) Assoc w R - Interim
RIF	rpoB_A451V	0.0	4.0	4.0	7.0	24429.0	9842.0	2) Assoc w R - Interim
RIF	rpoB_1308_del_3_gaac_g	4.0	4.0	0.0	6.0	24433.0	9843.0	2) Assoc w R - Interim
RIF	rpoB_R448Q	2.0	2.0	0.0	6.0	24433.0	9843.0	2) Assoc w R - Interim
RIF	rpoB_S431G	0.0	0.0	0.0	6.0	24433.0	9843.0	2) Assoc w R - Interim
RIF	rpoB_Q429H	0.0	0.0	1.0	6.0	24432.0	9843.0	2) Assoc w R - Interim
RIF	rpoB_D435A	0.0	1.0	2.0	6.0	24431.0	9843.0	2) Assoc w R - Interim
RIF	rpoB_D435E	0.0	0.0	0.0	5.0	24433.0	9844.0	2) Assoc w R - Interim
RIF	rpoB_H445P	2.0	2.0	0.0	5.0	24433.0	9844.0	2) Assoc w R - Interim
RIF	rpoB_S428R	0.0	0.0	0.0	5.0	24433.0	9844.0	2) Assoc w R - Interim
RIF	rpoB_S450M	5.0	5.0	0.0	5.0	24433.0	9844.0	2) Assoc w R - Interim
RIF	rpoB_1292_ins_3_g_gcca	4.0	4.0	0.0	4.0	24433.0	9845.0	2) Assoc w R - Interim
RIF	rpoB_T427I	0.0	0.0	0.0	4.0	24433.0	9845.0	2) Assoc w R - Interim
RIF	rpoB_M434V	0.0	0.0	3.0	4.0	24430.0	9845.0	2) Assoc w R - Interim
RIF	rpoB_1288_ins_3_ctgagccaattcatggaccagaacaaccc_ctgagccgccaattcatggaccagaacaaccc	3.0	3.0	0.0	3.0	24433.0	9846.0	2) Assoc w R - Interim
RIF	rpoB_1294_del_9_caattcatgg_c	3.0	3.0	0.0	3.0	24433.0	9846.0	2) Assoc w R - Interim
RIF	rpoB_D435H	0.0	0.0	0.0	3.0	24433.0	9846.0	2) Assoc w R - Interim
RIF	rpoB_H445T	3.0	3.0	0.0	3.0	24433.0	9846.0	2) Assoc w R - Interim
RIF	rpoB_N437H	0.0	0.0	0.0	3.0	24433.0	9846.0	2) Assoc w R - Interim
RIF	rpoB_Q432H	0.0	0.0	0.0	3.0	24433.0	9846.0	2) Assoc w R - Interim
RIF	rpoB_S428T	0.0	0.0	0.0	3.0	24433.0	9846.0	2) Assoc w R - Interim
RIF	rpoB_S431R	0.0	0.0	0.0	3.0	24433.0	9846.0	2) Assoc w R - Interim
RIF	rpoB_1292_del_12_gccaattcatgga_g	2.0	2.0	0.0	2.0	24433.0	9847.0	2) Assoc w R - Interim
RIF	rpoB_1293_del_3_ccaa_c	2.0	2.0	0.0	2.0	24433.0	9847.0	2) Assoc w R - Interim
RIF	rpoB_1303_del_6_gaccaga_g	2.0	2.0	0.0	2.0	24433.0	9847.0	2) Assoc w R - Interim
RIF	rpoB_A451G	0.0	0.0	0.0	2.0	24433.0	9847.0	2) Assoc w R - Interim
RIF	rpoB_D435L	2.0	2.0	0.0	2.0	24433.0	9847.0	2) Assoc w R - Interim
RIF	rpoB_K446R	0.0	0.0	0.0	2.0	24433.0	9847.0	2) Assoc w R - Interim
RIF	rpoB_R448K	2.0	2.0	0.0	2.0	24433.0	9847.0	2) Assoc w R - Interim
RIF	rpoB_S441M	2.0	2.0	0.0	2.0	24433.0	9847.0	2) Assoc w R - Interim
RIF	rpoB_S441V	2.0	2.0	0.0	2.0	24433.0	9847.0	2) Assoc w R - Interim
RIF	rpoB_S450Y	2.0	2.0	0.0	2.0	24433.0	9847.0	2) Assoc w R - Interim
RIF	rpoB_T444I	0.0	0.0	0.0	2.0	24433.0	9847.0	2) Assoc w R - Interim
RIF	rpoB_1288_del_3_ctgagccaattcatggaccagaacaaccc_ctgagccaattcatggaccagaaccc	2.0	3.0	1.0	2.0	24432.0	9847.0	2) Assoc w R - Interim
RIF	rpoB_L443F	0.0	1.0	1.0	2.0	24432.0	9847.0	2) Assoc w R - Interim
RIF	rpoB_N437S	0.0	0.0	1.0	2.0	24432.0	9847.0	2) Assoc w R - Interim
RIF	rpoB_S450V	0.0	1.0	1.0	2.0	24432.0	9847.0	2) Assoc w R - Interim
RIF	rpoB_T427A	0.0	1.0	1.0	2.0	24432.0	9847.0	2) Assoc w R - Interim
RIF	rpoB_1276_del_6_ggcaccagc_ggc	1.0	1.0	0.0	1.0	24433.0	9848.0	2) Assoc w R - Interim
RIF	rpoB_1277_del_9_gcaccagcca_g	1.0	1.0	0.0	1.0	24433.0	9848.0	2) Assoc w R - Interim
RIF	rpoB_1278_del_12_caccagccagctg_c	0.0	0.0	0.0	1.0	24433.0	9848.0	2) Assoc w R - Interim
RIF	rpoB_1279_del_6_accagcc_a	0.0	0.0	0.0	1.0	24433.0	9848.0	2) Assoc w R - Interim
RIF	rpoB_1283_ins_3_gccagctgagccaattca_gacagctgagccaattcatgg	1.0	1.0	0.0	1.0	24433.0	9848.0	2) Assoc w R - Interim
RIF	rpoB_1288_del_12_ctgagccaattcatggaccagaacaaccc_ctgagccagaacaaccc	1.0	1.0	0.0	1.0	24433.0	9848.0	2) Assoc w R - Interim
RIF	rpoB_1288_del_12_ctgagccaattcatggaccagaacaaccc_ctgagccagaacaacgc	1.0	1.0	0.0	1.0	24433.0	9848.0	2) Assoc w R - Interim
RIF	rpoB_1288_del_12_ctgagccaattcatggaccagaacaaccc_ctggaccagaacaaccc	1.0	1.0	0.0	1.0	24433.0	9848.0	2) Assoc w R - Interim
RIF	rpoB_1288_del_15_ctgagccaattcatggaccagaacaaccc_ctgagccaattcat	1.0	1.0	0.0	1.0	24433.0	9848.0	2) Assoc w R - Interim
RIF	rpoB_1288_del_3_ctgagccaattcatggaccagaacaaccc_ctgagccaattcatggacaacaaccc	1.0	1.0	0.0	1.0	24433.0	9848.0	2) Assoc w R - Interim
RIF	rpoB_1288_del_3_ctgagccaattcatggaccagaacaaccc_ctgagcttcatggaccagaacaaccc	1.0	1.0	0.0	1.0	24433.0	9848.0	2) Assoc w R - Interim
RIF	rpoB_1288_del_6_ctgagccaattcatggaccagaacaaccc_ctgagccaattccagaacaaccc	1.0	1.0	0.0	1.0	24433.0	9848.0	2) Assoc w R - Interim
RIF	rpoB_1288_del_9_ctgagccaattcatggaccagaacaaccc_ctaatggaccagaacaaccc	1.0	1.0	0.0	1.0	24433.0	9848.0	2) Assoc w R - Interim
RIF	rpoB_1288_del_9_ctgagccaattcatggaccagaacaaccc_ctgagccaacagaacaaccc	1.0	1.0	0.0	1.0	24433.0	9848.0	2) Assoc w R - Interim
RIF	rpoB_1292_del_6_gccaatt_g	1.0	1.0	0.0	1.0	24433.0	9848.0	2) Assoc w R - Interim
RIF	rpoB_1292_ins_3_gccaattcatgga_ggagccaattcatggg	1.0	1.0	0.0	1.0	24433.0	9848.0	2) Assoc w R - Interim
RIF	rpoB_1293_del_9_ccaattcatgg_cc	1.0	1.0	0.0	1.0	24433.0	9848.0	2) Assoc w R - Interim
RIF	rpoB_1293_del_9_ccaattcatgga_cca	1.0	1.0	0.0	1.0	24433.0	9848.0	2) Assoc w R - Interim
RIF	rpoB_1296_del_9_attcatggac_a	1.0	1.0	0.0	1.0	24433.0	9848.0	2) Assoc w R - Interim
RIF	rpoB_1297_del_6_ttcatgga_tt	1.0	1.0	0.0	1.0	24433.0	9848.0	2) Assoc w R - Interim
RIF	rpoB_1298_del_6_tcatgga_t	1.0	1.0	0.0	1.0	24433.0	9848.0	2) Assoc w R - Interim
RIF	rpoB_1300_del_9_atggaccagaa_at	1.0	1.0	0.0	1.0	24433.0	9848.0	2) Assoc w R - Interim
RIF	rpoB_1302_del_3_ggac_g	1.0	1.0	0.0	1.0	24433.0	9848.0	2) Assoc w R - Interim
RIF	rpoB_1302_del_3_ggaccag_ggac	1.0	1.0	0.0	1.0	24433.0	9848.0	2) Assoc w R - Interim
RIF	rpoB_1303_del_6_gaccagaacaacccgctgtcggggttgacccaca_gcccagaacaacccgctgtccgggcccc	1.0	1.0	0.0	1.0	24433.0	9848.0	2) Assoc w R - Interim
RIF	rpoB_1307_del_3_agaac_ag	1.0	1.0	0.0	1.0	24433.0	9848.0	2) Assoc w R - Interim
RIF	rpoB_1327_del_3_ttgacccacaa_tggcccca	1.0	1.0	0.0	1.0	24433.0	9848.0	2) Assoc w R - Interim
RIF	rpoB_1329_ins_3_g_gacc	1.0	1.0	0.0	1.0	24433.0	9848.0	2) Assoc w R - Interim
RIF	rpoB_1331_del_6_cccacaag_cc	1.0	1.0	0.0	1.0	24433.0	9848.0	2) Assoc w R - Interim
RIF	rpoB_1344_del_9_actgtcggcg_a	1.0	1.0	0.0	1.0	24433.0	9848.0	2) Assoc w R - Interim
RIF	rpoB_G442E	0.0	0.0	0.0	1.0	24433.0	9848.0	2) Assoc w R - Interim
RIF	rpoB_H445F	1.0	1.0	0.0	1.0	24433.0	9848.0	2) Assoc w R - Interim
RIF	rpoB_K446E	0.0	0.0	0.0	1.0	24433.0	9848.0	2) Assoc w R - Interim
RIF	rpoB_K446T	0.0	0.0	0.0	1.0	24433.0	9848.0	2) Assoc w R - Interim
RIF	rpoB_L452V	0.0	0.0	0.0	1.0	24433.0	9848.0	2) Assoc w R - Interim
RIF	rpoB_N437I	0.0	0.0	0.0	1.0	24433.0	9848.0	2) Assoc w R - Interim
RIF	rpoB_P439S	0.0	0.0	0.0	1.0	24433.0	9848.0	2) Assoc w R - Interim
RIF	rpoB_Q429P	0.0	0.0	0.0	1.0	24433.0	9848.0	2) Assoc w R - Interim
RIF	rpoB_Q432E	0.0	0.0	0.0	1.0	24433.0	9848.0	2) Assoc w R - Interim
RIF	rpoB_Q432N	1.0	1.0	0.0	1.0	24433.0	9848.0	2) Assoc w R - Interim
RIF	rpoB_Q436P	0.0	0.0	0.0	1.0	24433.0	9848.0	2) Assoc w R - Interim
RIF	rpoB_S428G	0.0	0.0	0.0	1.0	24433.0	9848.0	2) Assoc w R - Interim
RIF	rpoB_S428I	0.0	0.0	0.0	1.0	24433.0	9848.0	2) Assoc w R - Interim
RIF	rpoB_S431T	0.0	0.0	0.0	1.0	24433.0	9848.0	2) Assoc w R - Interim
RIF	rpoB_S441A	0.0	0.0	0.0	1.0	24433.0	9848.0	2) Assoc w R - Interim
RIF	rpoB_S450A	0.0	0.0	0.0	1.0	24433.0	9848.0	2) Assoc w R - Interim
RIF	rpoB_S450G	0.0	0.0	0.0	1.0	24433.0	9848.0	2) Assoc w R - Interim
RIF	rpoB_T427S	0.0	0.0	0.0	1.0	24433.0	9848.0	2) Assoc w R - Interim
RIF	rpoB_T444S	0.0	0.0	0.0	1.0	24433.0	9848.0	2) Assoc w R - Interim
RIF	rpoB_1303_del_3_gacc_g	1.0	2.0	1.0	1.0	24432.0	9848.0	2) Assoc w R - Interim
RIF	rpoB_S450C	0.0	1.0	1.0	1.0	24432.0	9848.0	2) Assoc w R - Interim
RIF	rpoB_1274_del_6_tcggcac_t	0.0	1.0	1.0	0.0	24432.0	9849.0	2) Assoc w R - Interim
RIF	rpoB_1288_del_3_ctgagccaattcatggaccagaacaaccc_ctgagccaattcatgcagaacaaccc	0.0	0.0	1.0	0.0	24432.0	9849.0	2) Assoc w R - Interim
RIF	rpoB_1291_del_9_agccaattcatg_agc	0.0	1.0	1.0	0.0	24432.0	9849.0	2) Assoc w R - Interim
RIF	rpoB_G426S	0.0	1.0	1.0	0.0	24432.0	9849.0	2) Assoc w R - Interim
RIF	rpoB_L452M	0.0	1.0	1.0	0.0	24432.0	9849.0	2) Assoc w R - Interim
RIF	rpoB_L452Q	0.0	1.0	1.0	0.0	24432.0	9849.0	2) Assoc w R - Interim
RIF	rpoB_M434L	0.0	0.0	1.0	0.0	24432.0	9849.0	2) Assoc w R - Interim
RIF	rpoB_N437Y	0.0	0.0	1.0	0.0	24432.0	9849.0	2) Assoc w R - Interim
RIF	rpoB_P439L	0.0	1.0	1.0	0.0	24432.0	9849.0	2) Assoc w R - Interim
RIF	rpoB_Q436N	0.0	0.0	1.0	0.0	24432.0	9849.0	2) Assoc w R - Interim
RIF	rpoB_T427G	0.0	1.0	1.0	0.0	24432.0	9849.0	2) Assoc w R - Interim
RIF	rpoB_T427N	0.0	1.0	1.0	0.0	24432.0	9849.0	2) Assoc w R - Interim
STM	rpsL_K43R	1738.0	1789.0	55.0	2245.0	9294.0	2390.0	1) Assoc w R
STM	rpsL_K88R	415.0	433.0	21.0	501.0	9328.0	4134.0	1) Assoc w R
STM	rrs_c517t	282.0	330.0	49.0	329.0	9300.0	4306.0	1) Assoc w R
STM	rrs_a514c	161.0	169.0	12.0	258.0	9337.0	4377.0	1) Assoc w R
STM	gid_103_del_1_gc_g	43.0	73.0	31.0	55.0	9318.0	4580.0	1) Assoc w R
STM	rrs_g878a	18.0	21.0	3.0	29.0	9346.0	4606.0	1) Assoc w R
STM	gid_352_del_1_gc_g	24.0	37.0	14.0	28.0	9335.0	4607.0	1) Assoc w R
STM	gid_Q125!	10.0	11.0	1.0	13.0	6480.0	2549.0	1) Assoc w R
STM	rpsL_K88M	9.0	9.0	0.0	11.0	9349.0	4624.0	1) Assoc w R
STM	gid_G69D	10.0	12.0	2.0	11.0	9347.0	4624.0	1) Assoc w R
STM	gid_A134E	10.0	10.0	0.0	10.0	9349.0	4625.0	1) Assoc w R
STM	gid_P75R	8.0	8.0	0.0	9.0	9349.0	4626.0	1) Assoc w R
STM	gid_P84L	43.0	53.0	13.0	49.0	9336.0	4586.0	2) Assoc w R - Interim
STM	gid_116_del_1_cg_c	29.0	51.0	22.0	39.0	9327.0	4596.0	2) Assoc w R - Interim
STM	gid_354_del_1_gcgcccccgcacgatctcaacggcca_gcgccccgcacgatctcaacggcca	18.0	24.0	6.0	24.0	9343.0	4611.0	2) Assoc w R - Interim
STM	gid_G73A	17.0	22.0	8.0	22.0	9341.0	4613.0	2) Assoc w R - Interim
STM	gid_116_del_1_cggggtcccaccagcccccgctccacaccgggtcccgccaacgc_cggggtcccaccagccccgctccacaccgggtcccgccaacgc	17.0	28.0	11.0	22.0	9338.0	4613.0	2) Assoc w R - Interim
STM	gid_116_del_1_cggggtcccaccagcccccgctccacaccgggtcccgccaacgc_cgggtcccaccagcccccgctccacaccgggtcccgccaacgc	13.0	20.0	8.0	13.0	9341.0	4622.0	2) Assoc w R - Interim
STM	gid_305_del_1_cg_c	0.0	0.0	0.0	7.0	9349.0	4628.0	2) Assoc w R - Interim
STM	gid_387_del_1_gc_g	4.0	8.0	4.0	7.0	9345.0	4628.0	2) Assoc w R - Interim
STM	rpsL_K88Q	5.0	9.0	4.0	7.0	9345.0	4628.0	2) Assoc w R - Interim
STM	gid_W45!	6.0	11.0	5.0	7.0	9344.0	4628.0	2) Assoc w R - Interim
STM	gid_354_ins_1_gcgcccccgcacgatctcaacggcca_gcgccccccgcacgatctcaacggcca	5.0	8.0	3.0	6.0	9346.0	4629.0	2) Assoc w R - Interim
STM	gid_181_del_1_gt_g	6.0	12.0	7.0	6.0	9342.0	4629.0	2) Assoc w R - Interim
STM	gid_L74!	0.0	0.0	0.0	5.0	9349.0	4630.0	2) Assoc w R - Interim
STM	gid_291_del_130_gcggcgcagtagcggttctaggagaactacctggaggtccggccgcgcta_g	3.0	11.0	8.0	5.0	9341.0	4630.0	2) Assoc w R - Interim
STM	gid_E170!	2.0	2.0	0.0	4.0	9349.0	4631.0	2) Assoc w R - Interim
STM	gid_G71!	0.0	1.0	2.0	4.0	9347.0	4631.0	2) Assoc w R - Interim
STM	gid_S136!	2.0	4.0	2.0	4.0	9347.0	4631.0	2) Assoc w R - Interim
STM	gid_Q127!	3.0	6.0	3.0	4.0	9346.0	4631.0	2) Assoc w R - Interim
STM	gid_577_del_2_cgcc_cg	3.0	3.0	0.0	3.0	9349.0	4632.0	2) Assoc w R - Interim
STM	gid_194_ins_1_a_ac	1.0	2.0	1.0	3.0	9348.0	4632.0	2) Assoc w R - Interim
STM	gid_228_del_1_gc_g	3.0	4.0	1.0	3.0	9348.0	4632.0	2) Assoc w R - Interim
STM	gid_E103!	3.0	4.0	1.0	3.0	9348.0	4632.0	2) Assoc w R - Interim
STM	gid_391_del_1_tgccgc_tgccg	2.0	4.0	2.0	3.0	9347.0	4632.0	2) Assoc w R - Interim
STM	gid_E92!	3.0	5.0	2.0	3.0	9347.0	4632.0	2) Assoc w R - Interim
STM	gid_348_del_1_ccgcacgatctcaacggcc_cgcacgatctcaacggca	3.0	16.0	13.0	3.0	9336.0	4632.0	2) Assoc w R - Interim
STM	gid_116_del_1_cggggtcccaccagcccccgctccacaccgggtcccgccaacgc_cggggtcccaccagcccccgctccacaccggtcccgccaacgc	1.0	1.0	0.0	2.0	9349.0	4633.0	2) Assoc w R - Interim
STM	gid_311_ins_1_a_at	0.0	0.0	0.0	2.0	9349.0	4633.0	2) Assoc w R - Interim
STM	gid_357_del_2_ggc_g	2.0	2.0	0.0	2.0	9349.0	4633.0	2) Assoc w R - Interim
STM	gid_372_del_1_ca_c	2.0	2.0	0.0	2.0	9349.0	4633.0	2) Assoc w R - Interim
STM	gid_372_del_1_cac_ca	2.0	2.0	0.0	2.0	9349.0	4633.0	2) Assoc w R - Interim
STM	gid_519_ins_1_ct_ctt	2.0	2.0	0.0	2.0	9349.0	4633.0	2) Assoc w R - Interim
STM	gid_563_ins_1_a_ac	0.0	0.0	0.0	2.0	9349.0	4633.0	2) Assoc w R - Interim
STM	gid_69_del_1_ggcgtaccgccgagcaaggccaagccgcggtccgaagatcgcagac_ggcgtaccgccgagcaaggccaagccgcgtccgaagatcgcagac	2.0	2.0	0.0	2.0	9349.0	4633.0	2) Assoc w R - Interim
STM	gid_E60!	2.0	2.0	0.0	2.0	9349.0	4633.0	2) Assoc w R - Interim
STM	gid_L26!	2.0	2.0	0.0	2.0	9349.0	4633.0	2) Assoc w R - Interim
STM	gid_W148!	1.0	1.0	0.0	2.0	9349.0	4633.0	2) Assoc w R - Interim
STM	gid_138_ins_1_g_gt	0.0	1.0	1.0	2.0	9348.0	4633.0	2) Assoc w R - Interim
STM	gid_249_del_19_ccgcgctatcgccaatggca_c	2.0	3.0	1.0	2.0	9348.0	4633.0	2) Assoc w R - Interim
STM	gid_508_ins_21_c_cgtcgtgagcccgctcgccttt	2.0	3.0	1.0	2.0	9348.0	4633.0	2) Assoc w R - Interim
STM	gid_R206!	2.0	3.0	1.0	2.0	9348.0	4633.0	2) Assoc w R - Interim
STM	gid_Y195!	1.0	2.0	1.0	2.0	9348.0	4633.0	2) Assoc w R - Interim
STM	gid_R102!	2.0	4.0	2.0	2.0	9347.0	4633.0	2) Assoc w R - Interim
STM	gid_53_del_1_ag_a	2.0	5.0	3.0	2.0	9346.0	4633.0	2) Assoc w R - Interim
STM	gid_352_ins_1_g_gc	2.0	7.0	5.0	2.0	9344.0	4633.0	2) Assoc w R - Interim
STM	gid_49_del_1_ca_c	0.0	0.0	5.0	2.0	9344.0	4633.0	2) Assoc w R - Interim
STM	gid_103_del_51_gcccccgctccacaccgggtcccgccaacgcttcggcgtaccgccgagca_ggccccgctccacaccgggtcccgccaacgc	1.0	1.0	0.0	1.0	9349.0	4634.0	2) Assoc w R - Interim
STM	gid_116_del_1_cggggtcccaccagcccccgctccacaccgggtcccgccaacgc_cggggtccaccagcccccgctccacaccgggtcccgccaacgc	1.0	1.0	0.0	1.0	9349.0	4634.0	2) Assoc w R - Interim
STM	gid_121_ins_1_c_ct	0.0	0.0	0.0	1.0	9349.0	4634.0	2) Assoc w R - Interim
STM	gid_137_del_1_tc_t	1.0	1.0	0.0	1.0	9349.0	4634.0	2) Assoc w R - Interim
STM	gid_137_del_6_tcccata_t	1.0	1.0	0.0	1.0	9349.0	4634.0	2) Assoc w R - Interim
STM	gid_166_ins_3_c_cgat	1.0	1.0	0.0	1.0	9349.0	4634.0	2) Assoc w R - Interim
STM	gid_188_del_1_tc_t	1.0	1.0	0.0	1.0	9349.0	4634.0	2) Assoc w R - Interim
STM	gid_215_del_15_gctccgctaccgatat_g	0.0	0.0	0.0	1.0	9349.0	4634.0	2) Assoc w R - Interim
STM	gid_216_del_15_ggctccgctaccgatat_gg	0.0	0.0	0.0	1.0	9349.0	4634.0	2) Assoc w R - Interim
STM	gid_220_del_8_acccggctc_a	0.0	0.0	0.0	1.0	9349.0	4634.0	2) Assoc w R - Interim
STM	gid_248_del_1_cg_c	1.0	1.0	0.0	1.0	9349.0	4634.0	2) Assoc w R - Interim
STM	gid_251_ins_3_g_ggcc	1.0	1.0	0.0	1.0	9349.0	4634.0	2) Assoc w R - Interim
STM	gid_258_del_1_ga_g	1.0	1.0	0.0	1.0	9349.0	4634.0	2) Assoc w R - Interim
STM	gid_259_ins_1_g_gc	1.0	1.0	0.0	1.0	9349.0	4634.0	2) Assoc w R - Interim
STM	gid_268_del_1_ga_g	0.0	0.0	0.0	1.0	9349.0	4634.0	2) Assoc w R - Interim
STM	gid_285_del_1_ca_c	0.0	0.0	0.0	1.0	9349.0	4634.0	2) Assoc w R - Interim
STM	gid_293_del_1_gtgcggc_ggcggc	0.0	0.0	0.0	1.0	9349.0	4634.0	2) Assoc w R - Interim
STM	gid_293_del_1_gtgcggc_gtgcgg	1.0	1.0	0.0	1.0	9349.0	4634.0	2) Assoc w R - Interim
STM	gid_305_del_39_cgaagaaactcggtgcggcgcagtagcggttctaggagaa_c	1.0	1.0	0.0	1.0	9349.0	4634.0	2) Assoc w R - Interim
STM	gid_310_ins_1_t_ta	1.0	1.0	0.0	1.0	9349.0	4634.0	2) Assoc w R - Interim
STM	gid_315_del_1_ca_c	1.0	1.0	0.0	1.0	9349.0	4634.0	2) Assoc w R - Interim
STM	gid_323_ins_5_a_agatct	1.0	1.0	0.0	1.0	9349.0	4634.0	2) Assoc w R - Interim
STM	gid_338_ins_1_t_tc	1.0	1.0	0.0	1.0	9349.0	4634.0	2) Assoc w R - Interim
STM	gid_343_del_1_cg_c	1.0	1.0	0.0	1.0	9349.0	4634.0	2) Assoc w R - Interim
STM	gid_349_del_2_cccgcacgatctcaacggcc_cgcacgatctcaacggca	0.0	0.0	0.0	1.0	9349.0	4634.0	2) Assoc w R - Interim
STM	gid_354_del_1_gc_g	0.0	0.0	0.0	1.0	9349.0	4634.0	2) Assoc w R - Interim
STM	gid_354_del_1_gcgcccccgcacgatctcaacggcca_gcgcccccgcacatctcaacggcca	1.0	1.0	0.0	1.0	9349.0	4634.0	2) Assoc w R - Interim
STM	gid_391_del_1_tgccgc_tgcgg	0.0	0.0	0.0	1.0	9349.0	4634.0	2) Assoc w R - Interim
STM	gid_405_del_1_ca_c	0.0	0.0	0.0	1.0	9349.0	4634.0	2) Assoc w R - Interim
STM	gid_42_del_1_cg_c	1.0	1.0	0.0	1.0	9349.0	4634.0	2) Assoc w R - Interim
STM	gid_43_del_1_gc_g	0.0	0.0	0.0	1.0	9349.0	4634.0	2) Assoc w R - Interim
STM	gid_439_del_1_tc_t	1.0	1.0	0.0	1.0	9349.0	4634.0	2) Assoc w R - Interim
STM	gid_442_ins_1_at_att	1.0	1.0	0.0	1.0	9349.0	4634.0	2) Assoc w R - Interim
STM	gid_450_ins_1_catgctcc_catgcttcc	1.0	1.0	0.0	1.0	9349.0	4634.0	2) Assoc w R - Interim
STM	gid_476_del_1_at_a	1.0	1.0	0.0	1.0	9349.0	4634.0	2) Assoc w R - Interim
STM	gid_519_ins_1_c_ct	1.0	1.0	0.0	1.0	9349.0	4634.0	2) Assoc w R - Interim
STM	gid_526_del_1_gc_g	1.0	1.0	0.0	1.0	9349.0	4634.0	2) Assoc w R - Interim
STM	gid_549_ins_1_c_ct	1.0	1.0	0.0	1.0	9349.0	4634.0	2) Assoc w R - Interim
STM	gid_551_del_1_ac_a	1.0	1.0	0.0	1.0	9349.0	4634.0	2) Assoc w R - Interim
STM	gid_576_del_2_gccaca_gaca	1.0	1.0	0.0	1.0	9349.0	4634.0	2) Assoc w R - Interim
STM	gid_60_ins_8_c_ccgagcaag	1.0	1.0	0.0	1.0	9349.0	4634.0	2) Assoc w R - Interim
STM	gid_605_del_1_acggtcgcgggcggac_aggtcgcgggcggac	0.0	0.0	0.0	1.0	9349.0	4634.0	2) Assoc w R - Interim
STM	gid_613_ins_1_cgaaca_cgaaaca	1.0	1.0	0.0	1.0	9349.0	4634.0	2) Assoc w R - Interim
STM	gid_629_del_1_tgctttccacgtcgt_tctttccacgtcgc	0.0	0.0	0.0	1.0	9349.0	4634.0	2) Assoc w R - Interim
STM	gid_69_del_1_ggcgtaccgccgagcaaggccaagccgcggtccgaagatcgcagac_ggcgtaccccgagcaaggccacgccgcggtccgaagatcgcagac	0.0	0.0	0.0	1.0	9349.0	4634.0	2) Assoc w R - Interim
STM	gid_69_del_1_ggcgtaccgccgagcaaggccaagccgcggtccgaagatcgcagac_ggcgtaccgccgagcaaggccaagccgcggccgaagatcgcagac	0.0	0.0	0.0	1.0	9349.0	4634.0	2) Assoc w R - Interim
STM	gid_69_del_1_ggcgtaccgccgagcaaggccaagccgcggtccgaagatcgcagac_ggcgtaccgccgagcaaggccagccgcggtccgaagatcgcagac	1.0	1.0	0.0	1.0	9349.0	4634.0	2) Assoc w R - Interim
STM	gid_95_del_1_tc_t	0.0	0.0	0.0	1.0	9349.0	4634.0	2) Assoc w R - Interim
STM	gid_96_del_1_ctc_ct	1.0	1.0	0.0	1.0	9349.0	4634.0	2) Assoc w R - Interim
STM	gid_99_del_1_cc_c	1.0	1.0	0.0	1.0	9349.0	4634.0	2) Assoc w R - Interim
STM	gid_E99!	1.0	1.0	0.0	1.0	9349.0	4634.0	2) Assoc w R - Interim
STM	gid_K144!	1.0	1.0	0.0	1.0	9349.0	4634.0	2) Assoc w R - Interim
STM	gid_K163!	1.0	1.0	0.0	1.0	9349.0	4634.0	2) Assoc w R - Interim
STM	gid_R213!	0.0	0.0	0.0	1.0	9349.0	4634.0	2) Assoc w R - Interim
STM	gid_114_del_105_gggtcccaccagcccccgctccacaccgggtcccgccaacgcttcggcgt_g	1.0	2.0	1.0	1.0	9348.0	4634.0	2) Assoc w R - Interim
STM	gid_353_ins_1_c_cg	1.0	2.0	1.0	1.0	9348.0	4634.0	2) Assoc w R - Interim
STM	gid_358_del_1_cg_c	1.0	1.0	1.0	1.0	9348.0	4634.0	2) Assoc w R - Interim
STM	gid_360_ins_24_c_ctcggcgcgcccccgcacgatctca	0.0	1.0	1.0	1.0	9348.0	4634.0	2) Assoc w R - Interim
STM	gid_362_del_1_tcctcg_tctcg	0.0	0.0	1.0	1.0	9348.0	4634.0	2) Assoc w R - Interim
STM	gid_400_ins_1_c_ca	1.0	2.0	1.0	1.0	9348.0	4634.0	2) Assoc w R - Interim
STM	gid_G28!	1.0	2.0	1.0	1.0	9348.0	4634.0	2) Assoc w R - Interim
STM	gid_G37!	1.0	2.0	1.0	1.0	9348.0	4634.0	2) Assoc w R - Interim
STM	gid_116_ins_1_cggggtcccaccagcccccgctccacaccgggtcccgccaacgc_cggggtcccaccagccccccgctccacaccgggtcccgccaacgc	1.0	2.0	2.0	1.0	9347.0	4634.0	2) Assoc w R - Interim
STM	gid_Y22!	1.0	4.0	3.0	1.0	9346.0	4634.0	2) Assoc w R - Interim
STM	gid_88_del_1_cg_c	0.0	5.0	5.0	1.0	9344.0	4634.0	2) Assoc w R - Interim
STM	gid_E173!	1.0	6.0	5.0	1.0	9344.0	4634.0	2) Assoc w R - Interim
STM	gid_103_ins_1_g_gc	0.0	1.0	1.0	0.0	9348.0	4635.0	2) Assoc w R - Interim
STM	gid_116_del_1_cggggtcccaccagcccccgctccacaccgggtcccgccaacgc_cggggtcccaccaggccccgctccacaccggtcccgccaacgc	0.0	1.0	1.0	0.0	9348.0	4635.0	2) Assoc w R - Interim
STM	gid_116_ins_2_cggggtcccaccagcccccgctccacaccgggtcccgccaacgc_cggggggtcccaccagcccccgctccacaccgggtcccgccaacgc	0.0	1.0	1.0	0.0	9348.0	4635.0	2) Assoc w R - Interim
STM	gid_116_ins_4_cggggtcccaccagcccccgctccacaccgggtcccgccaacgc_cggggtaggtcccaccagcccccgctccacaccgggtcccgccaacgc	0.0	1.0	1.0	0.0	9348.0	4635.0	2) Assoc w R - Interim
STM	gid_117_del_1_gcg_gc	0.0	1.0	1.0	0.0	9348.0	4635.0	2) Assoc w R - Interim
STM	gid_130_del_1_gcctaccgacttcgcgggg_gtctaccgacttcgcggg	0.0	1.0	1.0	0.0	9348.0	4635.0	2) Assoc w R - Interim
STM	gid_141_del_211_ccggtcccatagcctaccgacttcgcggggtcccaccagcccccgctcca_c	0.0	1.0	1.0	0.0	9348.0	4635.0	2) Assoc w R - Interim
STM	gid_142_del_1_gc_g	0.0	1.0	1.0	0.0	9348.0	4635.0	2) Assoc w R - Interim
STM	gid_158_del_174_gcgcagttcagtagatgccggtcccatagcctaccgacttcgcggggtcc_g	0.0	1.0	1.0	0.0	9348.0	4635.0	2) Assoc w R - Interim
STM	gid_168_ins_3_a_accg	0.0	1.0	1.0	0.0	9348.0	4635.0	2) Assoc w R - Interim
STM	gid_196_ins_1_c_cg	0.0	1.0	1.0	0.0	9348.0	4635.0	2) Assoc w R - Interim
STM	gid_246_del_1_cg_c	0.0	1.0	1.0	0.0	9348.0	4635.0	2) Assoc w R - Interim
STM	gid_249_del_2_ccg_c	0.0	0.0	1.0	0.0	9348.0	4635.0	2) Assoc w R - Interim
STM	gid_259_ins_1_g_gt	0.0	1.0	1.0	0.0	9348.0	4635.0	2) Assoc w R - Interim
STM	gid_289_ins_2_g_ggc	0.0	1.0	1.0	0.0	9348.0	4635.0	2) Assoc w R - Interim
STM	gid_297_ins_1_c_ct	0.0	1.0	1.0	0.0	9348.0	4635.0	2) Assoc w R - Interim
STM	gid_320_del_394_tctgtcaccatctctcgaagaaactcggtgcggcgcagtagcggttctag_t	0.0	1.0	1.0	0.0	9348.0	4635.0	2) Assoc w R - Interim
STM	gid_321_ins_1_a_at	0.0	1.0	1.0	0.0	9348.0	4635.0	2) Assoc w R - Interim
STM	gid_327_del_1_gc_g	0.0	1.0	1.0	0.0	9348.0	4635.0	2) Assoc w R - Interim
STM	gid_331_del_82_ccacgcccagatctgtcaccatctctcgaagaaactcggtgcggcgcagt_caacgc	0.0	1.0	1.0	0.0	9348.0	4635.0	2) Assoc w R - Interim
STM	gid_332_del_337_gccacgcccagatctgtcaccatctctcgaagaaactcggtgcggcgcag_g	0.0	1.0	1.0	0.0	9348.0	4635.0	2) Assoc w R - Interim
STM	gid_353_del_2_cgcccccgcacgatctcaacggcc_cccccgcacgatctcaacggca	0.0	1.0	1.0	0.0	9348.0	4635.0	2) Assoc w R - Interim
STM	gid_353_ins_1_cg_cgc	0.0	1.0	1.0	0.0	9348.0	4635.0	2) Assoc w R - Interim
STM	gid_354_del_2_gcgcccccgcacgatctcaacggcca_gcgcccccgcacgatctcaacggc	0.0	0.0	1.0	0.0	9348.0	4635.0	2) Assoc w R - Interim
STM	gid_354_ins_1_gcgcccccgcacgatctcaacggcca_gcgccccccgcacgatctcaacggcaa	0.0	0.0	1.0	0.0	9348.0	4635.0	2) Assoc w R - Interim
STM	gid_356_del_1_gcgcgcccccgcacgatctcaacggcc_gtgcgccccgcacgatctcaacggca	0.0	1.0	1.0	0.0	9348.0	4635.0	2) Assoc w R - Interim
STM	gid_357_del_1_ggcgcgcccccgcacgatctcaacggcc_gcgcgcccccgcacgatctcaacggca	0.0	1.0	1.0	0.0	9348.0	4635.0	2) Assoc w R - Interim
STM	gid_371_del_1_ac_a	0.0	1.0	1.0	0.0	9348.0	4635.0	2) Assoc w R - Interim
STM	gid_372_del_1_cac_cc	0.0	1.0	1.0	0.0	9348.0	4635.0	2) Assoc w R - Interim
STM	gid_419_del_1_gc_g	0.0	1.0	1.0	0.0	9348.0	4635.0	2) Assoc w R - Interim
STM	gid_44_del_1_cgc_cg	0.0	1.0	1.0	0.0	9348.0	4635.0	2) Assoc w R - Interim
STM	gid_472_del_1_gc_g	0.0	1.0	1.0	0.0	9348.0	4635.0	2) Assoc w R - Interim
STM	gid_503_del_2_tga_t	0.0	1.0	1.0	0.0	9348.0	4635.0	2) Assoc w R - Interim
STM	gid_52_del_4_ggcca_g	0.0	1.0	1.0	0.0	9348.0	4635.0	2) Assoc w R - Interim
STM	gid_546_ins_1_g_gc	0.0	1.0	1.0	0.0	9348.0	4635.0	2) Assoc w R - Interim
STM	gid_554_ins_1_t_tc	0.0	1.0	1.0	0.0	9348.0	4635.0	2) Assoc w R - Interim
STM	gid_576_ins_1_g_gc	0.0	1.0	1.0	0.0	9348.0	4635.0	2) Assoc w R - Interim
STM	gid_605_del_1_acggtcgcgggcggac_acggtcgcggcggac	0.0	1.0	1.0	0.0	9348.0	4635.0	2) Assoc w R - Interim
STM	gid_616_ins_1_g_gt	0.0	1.0	1.0	0.0	9348.0	4635.0	2) Assoc w R - Interim
STM	gid_660_ins_1_a_ac	0.0	1.0	1.0	0.0	9348.0	4635.0	2) Assoc w R - Interim
STM	gid_78_del_1_ca_c	0.0	1.0	1.0	0.0	9348.0	4635.0	2) Assoc w R - Interim
STM	gid_89_del_1_ccg_cc	0.0	1.0	1.0	0.0	9348.0	4635.0	2) Assoc w R - Interim
STM	gid_93_del_1_ca_c	0.0	0.0	1.0	0.0	9348.0	4635.0	2) Assoc w R - Interim
STM	gid_99_del_1_ccgc_cgg	0.0	1.0	1.0	0.0	9348.0	4635.0	2) Assoc w R - Interim
STM	gid_L79!	0.0	1.0	1.0	0.0	9348.0	4635.0	2) Assoc w R - Interim
STM	gid_Q87!	0.0	0.0	1.0	0.0	9348.0	4635.0	2) Assoc w R - Interim
STM	gid_347_ins_1_cgcacgatctcaacggcc_ccgcacgatctcaacggca	0.0	2.0	2.0	0.0	9347.0	4635.0	2) Assoc w R - Interim
STM	gid_353_del_1_cgc_cg	0.0	1.0	2.0	0.0	9347.0	4635.0	2) Assoc w R - Interim
STM	gid_354_del_1_gcgcccccgcacgatctcaacggcca_gcgccccgcacgatctcaacggcaa	0.0	0.0	2.0	0.0	9347.0	4635.0	2) Assoc w R - Interim
STM	gid_414_del_1_cg_c	0.0	1.0	2.0	0.0	9347.0	4635.0	2) Assoc w R - Interim
STM	gid_456_del_1_ca_c	0.0	1.0	2.0	0.0	9347.0	4635.0	2) Assoc w R - Interim
STM	gid_490_del_1_ct_c	0.0	2.0	2.0	0.0	9347.0	4635.0	2) Assoc w R - Interim
STM	gid_C52!	0.0	2.0	2.0	0.0	9347.0	4635.0	2) Assoc w R - Interim
STM	gid_320_ins_1_t_tc	0.0	3.0	3.0	0.0	9346.0	4635.0	2) Assoc w R - Interim
STM	gid_447_del_96_gctccatttcgtcaacttgtccaacgcggccaccgcccgtgacaccgcag_g	0.0	4.0	4.0	0.0	9345.0	4635.0	2) Assoc w R - Interim
